-- phpMyAdmin SQL Dump
-- version 4.8.5
-- https://www.phpmyadmin.net/
--
-- Host: 127.0.0.1
-- Generation Time: Oct 11, 2019 at 04:14 AM
-- Server version: 10.1.38-MariaDB
-- PHP Version: 7.3.3

SET SQL_MODE = "NO_AUTO_VALUE_ON_ZERO";
SET AUTOCOMMIT = 0;
START TRANSACTION;
SET time_zone = "+00:00";


/*!40101 SET @OLD_CHARACTER_SET_CLIENT=@@CHARACTER_SET_CLIENT */;
/*!40101 SET @OLD_CHARACTER_SET_RESULTS=@@CHARACTER_SET_RESULTS */;
/*!40101 SET @OLD_COLLATION_CONNECTION=@@COLLATION_CONNECTION */;
/*!40101 SET NAMES utf8mb4 */;

--
-- Database: `hris`
--

-- --------------------------------------------------------

--
-- Table structure for table `accounts`
--

CREATE TABLE `accounts` (
  `acc_id` int(11) NOT NULL,
  `employees_id` int(11) NOT NULL,
  `username` varchar(255) NOT NULL,
  `password` varchar(255) NOT NULL
) ENGINE=InnoDB DEFAULT CHARSET=latin1;

--
-- Dumping data for table `accounts`
--

INSERT INTO `accounts` (`acc_id`, `employees_id`, `username`, `password`) VALUES
(1, 1292, 'test1', '5a105e8b9d40e1329780d62ea2265d8a'),
(2, 1, 'test2', 'ad0234829205b9033196ba818f7a872b'),
(3, 1360, 'test3', '8ad8757baa8564dc136c1e07507f4a98'),
(4, 1267, 'ksartes', '81dc9bdb52d04dc20036dbd8313ed055'),
(5, 1292, 'ltpatajo', '81dc9bdb52d04dc20036dbd8313ed055'),
(6, 2253, 'vgpmiraflor', '81dc9bdb52d04dc20036dbd8313ed055'),
(7, 872, 'ijtbollos', '81dc9bdb52d04dc20036dbd8313ed055'),
(8, 284, 'ccelum', '81dc9bdb52d04dc20036dbd8313ed055'),
(9, 1707, 'osogoc', '81dc9bdb52d04dc20036dbd8313ed055'),
(10, 470, 'dbtubio', '81dc9bdb52d04dc20036dbd8313ed055'),
(11, 207, 'ajscabangal', '81dc9bdb52d04dc20036dbd8313ed055'),
(12, 1460, 'msstorrillo', '81dc9bdb52d04dc20036dbd8313ed055'),
(13, 2241, 'vlalvaran', '81dc9bdb52d04dc20036dbd8313ed055'),
(14, 868, 'irtangente', '81dc9bdb52d04dc20036dbd8313ed055'),
(15, 607, 'ertenefrancia', '81dc9bdb52d04dc20036dbd8313ed055'),
(16, 1231, 'jcfpastorfide', '81dc9bdb52d04dc20036dbd8313ed055'),
(17, 85, 'ancalaramo', '81dc9bdb52d04dc20036dbd8313ed055'),
(18, 969, 'jcgallo', '81dc9bdb52d04dc20036dbd8313ed055'),
(19, 1452, 'mjaeumague', '81dc9bdb52d04dc20036dbd8313ed055');

-- --------------------------------------------------------

--
-- Table structure for table `cmr`
--

CREATE TABLE `cmr` (
  `cmr_id` int(11) NOT NULL,
  `cmr_period` int(11) NOT NULL,
  `comments` text NOT NULL
) ENGINE=InnoDB DEFAULT CHARSET=latin1;

--
-- Dumping data for table `cmr`
--

INSERT INTO `cmr` (`cmr_id`, `cmr_period`, `comments`) VALUES
(10, 2016, ''),
(11, 2017, ''),
(12, 2018, ''),
(13, 2019, '');

-- --------------------------------------------------------

--
-- Table structure for table `cmremp`
--

CREATE TABLE `cmremp` (
  `cmrEmp_id` int(11) NOT NULL,
  `emp_id` int(11) NOT NULL,
  `cmr_id` int(11) NOT NULL
) ENGINE=InnoDB DEFAULT CHARSET=latin1;

--
-- Dumping data for table `cmremp`
--

INSERT INTO `cmremp` (`cmrEmp_id`, `emp_id`, `cmr_id`) VALUES
(54, 1936, 10),
(55, 819, 10),
(56, 1897, 10),
(57, 128, 10),
(58, 953, 10),
(59, 1704, 10),
(60, 872, 10),
(61, 1772, 10),
(62, 482, 10),
(63, 1666, 10),
(64, 1547, 10),
(65, 1113, 10),
(66, 2148, 10),
(68, 347, 10),
(69, 761, 10),
(70, 1360, 11),
(71, 2244, 11),
(72, 2269, 11),
(73, 1543, 12),
(74, 608, 12),
(75, 1610, 12),
(76, 1412, 12),
(77, 669, 12),
(78, 2157, 12),
(79, 1402, 12),
(80, 648, 12),
(81, 1055, 12),
(82, 995, 12),
(83, 2319, 12),
(84, 128, 12),
(85, 1281, 12),
(86, 2269, 12),
(87, 290, 12),
(88, 1331, 12),
(89, 761, 12),
(90, 1547, 12),
(91, 757, 12),
(92, 1295, 12),
(93, 802, 12),
(94, 2175, 12),
(95, 1410, 13),
(96, 1369, 13),
(97, 873, 13),
(98, 472, 13);

-- --------------------------------------------------------

--
-- Table structure for table `cmrempdata`
--

CREATE TABLE `cmrempdata` (
  `cmrEmpData_id` int(11) NOT NULL,
  `cmremp_id` int(11) NOT NULL,
  `date` date NOT NULL,
  `content` text NOT NULL,
  `note` text NOT NULL
) ENGINE=InnoDB DEFAULT CHARSET=latin1;

--
-- Dumping data for table `cmrempdata`
--

INSERT INTO `cmrempdata` (`cmrEmpData_id`, `cmremp_id`, `date`, `content`, `note`) VALUES
(1, 7, '0000-00-00', 'asdasd', 'asdasd'),
(2, 0, '2019-04-18', 'asdqwwqe', 'asd'),
(13, 54, '2019-04-28', 'My staff is having a difficulty in balancing her time in coping up with demands of her work and the deadline of the Barangay Annual Budget because of the following: \n\na.  Annual Budgets of the barangay are not submitted on time\nb.  The barangay secretaries didn\'t keep track of their records\nc.  The barangay secretaries and treasurers needs to enhance further their knowledge in formulating an ordinance and resolution', 'Conduct seminar to all barangay secretaries and treasurers in how to formulate an ordinance and resolution.  Inform the barangay to keep track of their records.  And set an earlier schedule regarding the deadline of the Barangay Annual Budget.'),
(14, 55, '2016-04-27', 'Problems encountered in relation to Annual Budget preparation.  What are presently done? What are her suggestions to address the problems.', 'Completion of the preparation of Annual Budget maybe affected because of the delay of some departments / offices in submitting their budget proposals.\n\nRecommendation / Commitment:\n*  include submission of budget proposals in the preparation of DPCR as core function\n*  encourage departments / offices to submit budget proposals on time\n*  constant follow - up of department / offices on the submission of their budget proposals.'),
(15, 56, '2016-05-02', 'Employee is new to the job and her rating on quality of MFO.  Prepare monthly remittance report and DV of amount due to Pag-ibig is not consistently high.  One of the concern raised during coaching is the occurrence of discrepancy when another staff who did not know of the pre-agreed control measure takes over.', 'The person acknowledges that this happened because she did not discuss with the person concerned the cause of discrepancy and how to preclude similar occurrence in the future.  She resolved to talked with the person concerned her findings and suggestions on how to prevent the same in the future'),
(16, 57, '2016-04-28', 'As frontline personnel, one must be able to properly direct clients for the needed appraisal and assessments services requested with satisfaction.', 'Ms. Anita Pael, committed herself to properly informed clients as to needed requirements in processing appraisal and assessment transaction and refer immediately matters that needs decision by the City Assessor or LACO IV.'),
(17, 58, '2016-04-29', 'Some problems and difficulties encountered in Monitoring of Collection of Real Property Tax Collection for the year 2016.', 'Weakness Collection\n\nShe suggested that Brgy. Officials would help in the collection of taxes by encouraging constituents to pay taxes promptly thru a barangay ordinance requiring tax clearance before issuance of a barangay clearance.  She initiated Tax Collection of fiesta day, for constituents influx to barangay center during fiesta time.\n\nFor her, it is better that there will be additional personnel for Real Property Tax assessment / demand letters distribution.  She suggested that a 2 day follow-up field collection per week for every collector be strongly implemented as a Standard Operating Procedure.  She suggested to swap one male employee from Public Market Section to be assigned as RPT collector.  \n\nNote:  Potential to be given an incentive award for being best performing employee if target will be meet.'),
(18, 59, '2016-04-29', 'Employee observed that clients consume more time in securing needed documents to avail of the medical assistance especially when their needed medicines exceed to P 1,000.00', 'Employee suggested that there must be a checklist (containing the procedure and requirements), so that clients will be guided and to maximize time.'),
(19, 60, '2016-04-27', 'The subject of discussion was the designation of the coachee as Pollution Control Officer (PCO).  Main concern of the coach was the capability of the coachee to perform the expected task of a PCO given that he is still undergoing training and orientation and how will it affect his current responsibility as head of UEM division.  In addition, the coachee is frequently requested to act as emcee in various LGU gatherings but the coachee did not see it as additional load, instead it gave him positive emotional effects which in some ways \"energized\" him.  Coachee has mentioned other extra load like membership to LGU committees and TWGs but unfortunately, the coach failed to take these into further discussion.', 'The coach has not mentioned specific observation on areas for improvement rather it was more  of eliciting the coachee\'s self assessment of his current and additional working load.  The coachee committed to do his best and was optimistic he can handle the additional load provided he completes the training to be provided and he can readily access assistance from other City ENRO personnel in the performance of his core function.  The coach also committed to support his training needs as well as the assistance of other City ENRO personnel'),
(20, 61, '2016-04-29', 'Updated material specifications with their corresponding unit price to be used in our various Program of Works prepared.', 'To schedule a date together with all Programmers in the inquiry of materials specification and unit costs to various suppliers outside Bayawan City.'),
(21, 62, '2016-05-02', '*  OPD protocol not followed sometimes\n\n*  Frequent absenteeism of redial staff would jeopardize schedule', '*  Refering RAMS must follow protocol (will be discussed your duty)\n\n*  Review on budgeting allocation and make supplemental if possible\n\n*  Will make a written evaluation and submit to HR regarding frequent absenteeism of staff for disciplinary action.\n\n*  Conduct NO NOON BREAK policy for OPD clients'),
(22, 63, '2016-04-28', 'Employee is complained of by the CTO for passing 3 times inaccurate payroll which led to the delay in releasing salaries of CPSO employees.', 'She acknowledges her lapses and committed that before she will submit the payroll she will review it with due care ad will inform the concerned agencies if some employees of the office are absent from work within the pay period.'),
(23, 64, '2016-04-29', 'She is having hard time in answering queries pertaining to cooperative laws.  Though she have attended few seminars and trainings but still her capacity wasn\'t good for her.', 'She is committed to study deeper further the cooperative law.  Familiarize coops that are thriving in the city and even learn their history and current status.'),
(24, 65, '2016-05-02', 'Target on number of dairy animals monitored as to health status - it is done monthly but not reflected on the report, veterinary service given should be reflected in the report.', 'Vaccination record should be reflected on the monitoring report.'),
(25, 66, '2016-07-11', 'The employee has just taken over all the tasks left by the deceased employee.  Including the unprocessed and unfinished documents.  On the other hand, employee is also processing new applicants for birth registration.', 'The employee is fast learning the process.  Once in a while refers legal matters affecting the process, to the department head.'),
(26, 68, '2016-07-20', 'Deficiency in collection especially in the Slaughterhouse (abattoir) and the Paonay areas.', 'Measures being done was to look into the rates of the slaughterhouse fees as per stated in the LRC of 2007 in relation to the rates in the Omnibus Market Code of 1993 and applying whichever is higher.  \n\nNote:  The Local Revenue Code of 2007 does not supersede the Omnibus Market Code of 1993.\n\nPersons engaged in Pig roasting were requested to have their pigs slaughtered in the slaughter house and will be inspected daily of their supply.  In the paonay area, we inspected the different areas for exact measurements and for proper assessment.  We asked for assistance from the Market personnel for proper implementation of the new rates.  To keep the personnel properly motivated, constant monitoring and acknowledgement on their work for a job well done.\n\nRecommendation :  To hire employees / workers that are honest and hardworking with good initiative in performing their daily task.'),
(27, 69, '2016-08-18', 'She shows competence in her assignment being the focal person Program.  She even find time to spend extra mile in order to have a greater and quality time with the recipients of the scholarship.  Aside from that, she also functions as focal for the TESDA STEP Program, SRA concerns and assist in DOLE and Coop Program implementation.', 'Found to be committed in the tasks assigned to her and shows interest to learn more to improve herself.  Thus, I highly recommend that she attend more meetings, trainings, and seminars to further develop her potentials.'),
(28, 70, '2017-10-27', 'Problems encountered as my first time in the Budget Preparation Section.\n\n*  Barangay Review - What to do so I can review the barangay budget accurately and on time?\n\n*  Barangay Referral and Indorsement - How to respond barangay referrals and indorsement accurately and on time?\n\n*  Budget Preparation - The right procedure in preparing the budget?\n\n*  Coordination with the other sections in the budget office', 'Checking the barangay budget maybe delayed due to some errors / lack of signatures of the barangay concerned.\n\nRecommendation / Commitment:\n-  Get their directory / phone numbers\n-  Read IRR concerning the barangay issues\n-  Mastery of the barangay budget preparations, requirements & etc. (Barangay Budget Operation Manual)\n\nResponding the requests on time maybe delayed due to my lack of knowledge.\n\nRecommendation / Commitment:\n-  Getting help from co-workers who previously done the work.\n-  To get more knowledge of the budget cycle by reading available materials.\n-  I must read current circulars / memorandum.\n\nWorking as assistant to the section head must not wait for work to be given.\n\nRecommendation / Commitment:\n-  I must know the budget forms needed in the budget preparation.\n-  I must read the latest manual to help me prepare the budget.\n-  Getting help from co-workers who previously done the work.\n\nAs I already worked in the allotment section, obligation section and now in the budget preparation I need more knowledge to relate all the budget process and function in 3 sections.'),
(29, 71, '2017-10-26', 'Focus on IEC activities', 'monitor targets'),
(30, 72, '2017-01-30', 'SPES payment from DOLE were efficiently facilitated with dispatch.', '- The concern staff made immediate notice to SPES students to come on the scheduled pay day.\n-  Made efforts to properly process all needed documents.\n-  It was suggested to make interaction with students to be friendly and amiable to consider their plights.'),
(31, 73, '2018-05-16', 'Problems encountered during filing of documents in the City Budget Office\n\n*  Increase volume of documents to be filed', '*  Report during Saturday / Holidays just to cope up filing\n*  Take advantage of time for filing when the City Budget Officer in out of office for official business'),
(32, 74, '2018-05-23', '*  How to accomplish work on time, especially sorting of voucher\n*  How to prevent erroneous report\n*  How to cope up with the newly implemented system (eNGAS v. 2.0)\n*  Relationship towards coworkers.', '*  Whenever there\'s no accountant\'s advice or Tax Certificate to be prepared, use that time to sort vouchers; balance your work and set targets.\n*  Double check and always review your output before finalizing it.  If there\'s confusion or something you are uncertain of, refer to someone who\'s more knowledgeable about it.\n*  Study and familiarize the system; try to explore the tool and identify its functions.\n*  Each of us may have differences but always put in mind that we are family.  No matter what happens, we can always have each other\'s back.'),
(33, 75, '2018-06-19', 'List of materials for the semen processing room had not been completed', 'Finalization of the list of materials as soon as possible not later than June 29, 2018.'),
(34, 76, '2018-04-24', 'Steps in issuing Documentary Stamp Tax and process in the remittance of DST collection to BIR', '3 collectors assigned and will have a separate logbook to be used in the recording of issuance of Documentary Stamp Tax (DST) for remittance to BIR.  Sarita Alicia N. Asparen volunteered to be in charge in the consolidation and preparation of reports.'),
(35, 77, '2018-04-24', 'Steps in issuing Documentary Stamp Tax and Process in the remittance of DST Collection to BIR', '3 Collectors assigned and will have a separate logbook to be used in the recording of issuance of Documentary Stamp Tax (DST) for remittance to BIR.  Sarita Alicia N. Asparen volunteered to be in charge in the consolidation and preparation of reports.'),
(36, 78, '2018-04-24', 'Steps in issuing Documentary Stamp Tax and Process in the remittance of DST Collection to BIR.', '3 Collectors assigned and will have a separate logbook to be used in the recording of issuance of Documentary Stamp Tax (DST) for remittance to BIR.  Sarita Alicia N. Asparen volunteered to be in charge in the consolidation and preparation of reports.'),
(37, 79, '2018-04-24', 'Steps in issuing Documentary Stamp Tax and Process in the remittance of DST Collection to BIR.', '3 Collectors assigned and will have a separate logbook to be used in the recording of issuance of Documentary Stamp Tax (DST) for remittance to BIR.  Sarita Alicia N. Asparen volunteered to be in charge in the consolidation and preparation of reports.'),
(38, 80, '2018-01-15', 'The subject of discussion was on how to monitor the daily activities of the field personnel of FFM division considering its spatial distribution and expanding barangay coverage.  To date, there are 37 field personnel composed of 5 casual, and 32 Job Order workers distributed in 19 upland barangays.  Although there are designated cluster supervisors handling each of the 5 clusters of barangays, it is impossible to closely monitor all the personnel under each supervisors since most of the time the personnel are in the field thus personal contact is very limited.  Punctuality and actual daily attendance are difficult to personnaly monitor.\n\nVarious strategies were proposed, deliberated and assessed based on applicability  aand potential effectiveness.  Prioritized strategies for immediate implementation are listed in next column under comment and commitment.', '*  Strengthen the monthly reporting of accomplishment of each field team / barangay.\n\n*  Require each personnel to submit every quincena list of activities performed every working day and indicate the actual output per day.\n\n*  Personnel residing in the barangay are required to sign in the logbook of the barangay everytime they report to work.'),
(39, 81, '2018-02-15', 'There are reports that one of the designated Leadman under the coachee is no longer performing his usual task and is not monitoring the day to day activities of personnel under him.  There are even reports that he frequently roam around outside of the working area and sometimes seen playing in billiard hall.  The coachee brought the matter to the coach who told him, why not we call the attention of that Leadman so we can verity the validity of said report.  The coachee explaine that he is hesitant to do it because there is no solid proof yet to pin down him.  The coach ask him what is your alternative option to prove it or at least stop the reported malpractice.  The coachee suggested to transfer the working assignment of said Leadman where his function would require him to stay whole day in the workplace.', 'The coachee\'s suggestion was carried on the condition that he would closely monitor the attendance and performance of the Leadman.\n\nOm the meantime that a replacement Leadman is still to be inducted and trained to his functions, the Section head will temporarily handle the function of the transferred Leadman.'),
(40, 82, '2018-05-17', 'The coachee having a poor command in English which hinders him to give a concise report.', 'I as a coach noted his problem and in fact observed it first hand that the reports he is submitting to the office is not of quality because grammar wise it is too confusing and even some of his spellings are wrong.\n\nSo I asked him in what way the office can help.  He specifically requested for a Basic English Tutorial and Technical Writing class.'),
(41, 83, '2018-05-16', '*  Format and writing style on L2BAA resolutions and minutes.\n\n*  Agreement on period of preparation and submission', '*  For continuous follow up concerning issues.\n\n*  Training intervention on technical writing.'),
(42, 84, '2018-04-25', 'Direct clients / customer for the needed appraisal and assessment service requested with satisfaction.', 'Coachee committed herself to properly informed and assist clients / customer needed requirements in various services requested in appraisal and assessment and refer immediately matters that needs decision by the City Assessor or by the Local Assessment Operation Officer IV'),
(43, 85, '2018-01-19', 'As expediter she practice a biblical record keeping of her document which sometime result add measure to her work.', 'Commit to practice a good keeping of her records and documents for a smooth flow of her work.'),
(44, 86, '2018-01-31', '*  Facilitate Business One Stop Shop (BOSS)\n*  Conduct monthly price monitoring on basic and prime commodities.\n*  Facilitate Business Trade Name new and renew registration.', '*  Accomplished all assigned tasks without difficulty in time.'),
(45, 87, '2018-01-26', 'Preparation of VAC Revalida Handout and presentation, Follow up documents of KALIPI Maninihon and RIC Palongpong.\n      -  having a hard time in consolidating and experience pressure in meeting the deadline.', 'Committed to overcome the pressure when meeting deadlines and to have enough patience to follow up necessary documents.'),
(46, 88, '2018-01-19', 'She is active and tries to accomplish with all he best to her assigned tasks as back-up staff in the livelihood activities of the office and inspite of her limited knowledge she is coping to learn to work it out.', 'She is committed to familiarize all her assigned tasks just to accomplish what is expected.'),
(47, 89, '2018-01-17', 'She assists the Department Head in directing, supervising and coordinating the operations and activities of the department to strengthen various programs and projects by strategizing  plans and reports to be implemented aside from being the focal person of the LGU Scholarship Program.', 'Her performance of every task assigned to her is always with exemplary dedication and commitment to achieve excellence in all aspects of the job.'),
(48, 90, '2018-01-15', '*  Beating deadlines (consolidated reports; annual accomplishment, IPCRs / OPCRs, attendance report, etc.)\n    -   sometimes, has the tendency of cramming when beating deadlines but delivers what are supposed to be accomplished at a given time.', 'She is committed to focus on a given task but will also consider the time allotted to it. She will prepare herself working under pressure and will not stress out.'),
(49, 91, '2018-01-11', 'Facilitated immediate repatriation of OWWA welfare case; urgent reply from OWWA 7 needed to avail the amnesty report program of the government.  Has difficulty in the communications and Emails and immediate reply.', 'Committed to take action with OWWA 7 and other involved agencies to call the attention of POLO embassy for his immediate return to PH.'),
(50, 92, '2018-01-09', 'She assist in the implementation of the community based skills training program.  Aside from that she also functions as focal person of the TESDA TUSP program and assist in the conduct of assessment / trade test classes.  Inspite of the difficulty in the communications still able to handle it on time.', 'Committed to accomplish all the necessary documents to finish ahead of scheduled classes.'),
(51, 93, '2018-01-15', 'Assist and conduct in organizing association for registration with DOLE.', 'Give time and effort to his assigned task.'),
(52, 94, '2018-01-10', 'She is capable of accomplishing her assigned tasks as support for DTI programs and services despite of the volume and as computer operator to various office paper works.', 'She is committed to do her best to improve her capabilities and interested to learn more when their is opportunity.'),
(53, 95, '2019-07-23', '*Designated as a reliever in reviewing, checking all supporting documents of all incoming obligation request when our section head is not available that resulted to the delay in controlling obligations for department / offices that were assigned to me.\n\n*  Committing errors in controlling obligations.\n\n*  Other things to learn in the office.', '*  Request my co-workers to control OBRs for transactions that were assigned to me.\n\n*  Be careful and full concentration on the task assigned.\n\n*  Be aware of the updates whatever related issues and concerns in the office.'),
(54, 96, '2019-07-24', '*  Preparation and processing\n\n*  Supervision of personnel', '*  Train existing personnel\n\n*  Equipment Support\n\n*  Review structure and set-up of personnel\n\n*  Study assignments and individual targets.'),
(55, 97, '2019-07-24', '*  Technical capacity of personnel\n\n*  Marketing\n\n*  Events (Innovation)\n    -  Brand Commemoration\n    -  Race\n    -  Bahandi Caravan\n    -  Film / Music Competition', '*  Templates, checklist\n\n*  Having the right people\n\n*  Tourist Map-out source\n\n*  Tourist Info (web-base)\n\n*  Ibayaw Tours for students\n\n*  Inter-office operation'),
(56, 98, '2019-07-24', '*  Administrative Services\n\n*  Proposal Making', '*  Shadowing\n\n*  Buddy System\n\n*  Training\n    -  Basic Communication\n    -  Computer Lit\n\n*  Hiring of Technical Person (Immediate Need)\n   -  FS\n   -  Business Plan\n\n*  Formalization of Office Plantilla\n\n*  Out source\n\n*  Partnership with academe\n   -  Business Forum');

-- --------------------------------------------------------

--
-- Table structure for table `competency`
--

CREATE TABLE `competency` (
  `competency_id` int(11) NOT NULL,
  `employees_id` text NOT NULL,
  `datetime` datetime NOT NULL,
  `Adaptability` int(11) NOT NULL,
  `ContinousLearning` int(11) NOT NULL,
  `Communication` int(11) NOT NULL,
  `OrganizationalAwareness` int(11) NOT NULL,
  `CreativeThinking` int(11) NOT NULL,
  `NetworkingRelationshipBuilding` int(11) NOT NULL,
  `ConflictManagement` int(11) NOT NULL,
  `StewardshipofResources` int(11) NOT NULL,
  `RiskManagement` int(11) NOT NULL,
  `StressManagement` int(11) NOT NULL,
  `Influence` int(11) NOT NULL,
  `Initiative` int(11) NOT NULL,
  `TeamLeadership` int(11) NOT NULL,
  `ChangeLeadership` int(11) NOT NULL,
  `ClientFocus` int(11) NOT NULL,
  `Partnering` int(11) NOT NULL,
  `DevelopingOthers` int(11) NOT NULL,
  `PlanningandOrganizing` int(11) NOT NULL,
  `DecisionMaking` int(11) NOT NULL,
  `AnalyticalThinking` int(11) NOT NULL,
  `ResultsOrientation` int(11) NOT NULL,
  `Teamwork` int(11) NOT NULL,
  `ValuesandEthics` int(11) NOT NULL,
  `VisioningandStrategicDirection` int(11) NOT NULL,
  `totalPoints` int(11) NOT NULL,
  `inputName` text
) ENGINE=InnoDB DEFAULT CHARSET=latin1;

--
-- Dumping data for table `competency`
--

INSERT INTO `competency` (`competency_id`, `employees_id`, `datetime`, `Adaptability`, `ContinousLearning`, `Communication`, `OrganizationalAwareness`, `CreativeThinking`, `NetworkingRelationshipBuilding`, `ConflictManagement`, `StewardshipofResources`, `RiskManagement`, `StressManagement`, `Influence`, `Initiative`, `TeamLeadership`, `ChangeLeadership`, `ClientFocus`, `Partnering`, `DevelopingOthers`, `PlanningandOrganizing`, `DecisionMaking`, `AnalyticalThinking`, `ResultsOrientation`, `Teamwork`, `ValuesandEthics`, `VisioningandStrategicDirection`, `totalPoints`, `inputName`) VALUES
(1, '1452', '2019-01-31 10:01:05', 3, 2, 2, 2, 3, 1, 2, 3, 1, 2, 1, 2, 3, 2, 2, 1, 1, 2, 2, 1, 3, 2, 4, 2, 49, NULL),
(2, '2253', '2019-03-06 11:03:01', 4, 4, 4, 4, 4, 4, 3, 4, 2, 4, 3, 4, 5, 4, 3, 3, 4, 3, 3, 3, 4, 5, 4, 4, 89, NULL),
(3, '470', '2019-03-15 09:03:37', 4, 4, 3, 4, 3, 3, 3, 5, 4, 4, 3, 4, 3, 4, 4, 3, 3, 4, 3, 3, 4, 3, 4, 3, 85, NULL),
(4, '1672', '2019-03-15 09:03:09', 1, 2, 3, 1, 4, 3, 2, 4, 1, 2, 2, 2, 1, 3, 1, 3, 3, 1, 2, 5, 3, 3, 5, 3, 60, NULL),
(5, '1231', '2019-03-15 09:03:52', 3, 2, 3, 3, 3, 3, 3, 2, 2, 2, 3, 3, 2, 2, 3, 2, 3, 2, 3, 3, 2, 2, 1, 1, 58, NULL),
(6, '1391', '2019-03-15 09:03:53', 2, 2, 1, 2, 1, 1, 2, 1, 1, 2, 1, 1, 1, 1, 1, 1, 1, 1, 2, 1, 1, 1, 2, 2, 32, NULL),
(7, '1897', '2019-03-15 09:03:40', 1, 1, 1, 4, 1, 2, 2, 2, 1, 2, 2, 1, 2, 3, 3, 2, 3, 2, 2, 1, 2, 2, 1, 2, 45, NULL),
(8, '2224', '2019-03-15 09:03:46', 4, 2, 3, 4, 2, 2, 2, 1, 1, 2, 2, 1, 1, 2, 2, 1, 1, 1, 1, 2, 2, 2, 1, 1, 43, NULL),
(9, '1106', '2019-03-15 09:03:16', 1, 2, 1, 2, 2, 2, 2, 2, 2, 2, 2, 2, 1, 1, 2, 1, 1, 1, 1, 1, 1, 2, 2, 2, 38, NULL),
(10, '1374', '2019-03-15 11:03:29', 3, 4, 1, 5, 2, 5, 4, 5, 5, 4, 4, 4, 5, 4, 2, 3, 5, 4, 3, 5, 5, 1, 1, 4, 88, NULL),
(11, '228', '2019-03-15 11:03:38', 3, 2, 3, 2, 2, 3, 2, 2, 2, 3, 2, 3, 2, 3, 2, 2, 3, 2, 3, 2, 2, 2, 1, 1, 54, NULL),
(12, '22130', '2019-03-15 11:03:23', 4, 3, 3, 1, 1, 4, 2, 5, 4, 3, 3, 5, 1, 3, 3, 5, 3, 5, 2, 5, 2, 1, 4, 5, 77, NULL),
(13, '2301', '2019-03-15 11:03:17', 1, 2, 1, 2, 3, 3, 1, 3, 3, 2, 2, 3, 2, 3, 3, 2, 2, 2, 3, 3, 2, 2, 3, 2, 55, NULL),
(14, '703', '2019-03-15 12:03:14', 3, 3, 4, 3, 3, 3, 3, 3, 3, 2, 3, 3, 2, 3, 2, 3, 3, 3, 3, 2, 2, 3, 2, 2, 66, NULL),
(15, '340', '2019-03-15 14:03:35', 3, 3, 1, 4, 3, 3, 1, 2, 4, 2, 4, 3, 2, 3, 2, 3, 3, 3, 3, 2, 4, 3, 2, 2, 65, NULL),
(16, '472', '2019-03-18 08:03:12', 5, 2, 5, 2, 5, 4, 4, 4, 5, 2, 4, 3, 3, 4, 2, 2, 3, 2, 3, 3, 2, 5, 4, 3, 81, NULL),
(17, '873', '2019-03-18 09:03:51', 4, 4, 3, 3, 4, 2, 3, 3, 3, 2, 4, 5, 5, 4, 4, 4, 3, 4, 3, 4, 5, 4, 3, 4, 87, 'IREL F. MANANSALA '),
(18, '1495', '2019-03-18 09:03:33', 3, 3, 3, 4, 3, 3, 3, 3, 3, 4, 3, 4, 4, 3, 3, 3, 3, 4, 4, 3, 4, 4, 3, 3, 80, 'MARIO OLIVE R. ESPARTERO'),
(19, '977', '2019-03-18 10:03:24', 2, 2, 2, 2, 2, 2, 2, 3, 2, 2, 2, 2, 1, 2, 2, 2, 2, 2, 2, 2, 2, 1, 2, 2, 47, ''),
(20, '1359', '2019-03-18 10:03:17', 3, 2, 4, 4, 3, 3, 3, 5, 4, 1, 4, 3, 3, 4, 5, 3, 3, 5, 3, 5, 5, 3, 3, 3, 84, 'LORETA T. ALINGCOMOT '),
(21, '1547', '2019-03-18 10:03:20', 3, 3, 3, 3, 4, 3, 2, 3, 2, 3, 3, 4, 3, 3, 3, 2, 3, 2, 2, 2, 2, 3, 3, 3, 67, 'MARY GRACE T. NOSAL '),
(22, '2180', '2019-03-18 10:03:05', 3, 3, 3, 3, 3, 3, 3, 3, 3, 3, 3, 3, 3, 3, 3, 3, 3, 3, 3, 3, 3, 3, 3, 3, 72, 'SHYR V. ATAY '),
(23, '1666', '2019-03-18 10:03:20', 3, 3, 3, 3, 3, 3, 3, 3, 3, 3, 3, 3, 3, 3, 3, 3, 3, 3, 3, 3, 3, 3, 3, 3, 72, 'NIKKA SOLIEL T. SORIA '),
(24, '85', '2019-03-18 11:03:26', 5, 5, 5, 4, 5, 4, 5, 5, 5, 5, 5, 5, 5, 5, 5, 5, 5, 5, 5, 5, 5, 5, 5, 5, 118, 'ALLANDALE N. CALARAMO '),
(25, '2163', '2019-03-18 11:03:11', 3, 2, 3, 3, 3, 2, 2, 1, 3, 3, 2, 2, 1, 1, 2, 2, 1, 1, 2, 2, 3, 1, 2, 1, 48, 'SHALOME M. MEDINA '),
(26, '1281', '2019-03-18 11:03:51', 3, 2, 1, 2, 1, 2, 5, 2, 3, 2, 2, 3, 4, 1, 2, 3, 1, 3, 3, 3, 3, 5, 2, 2, 60, 'KRISTINA O. HAMSIRANI '),
(27, '22115', '2019-03-18 11:03:23', 3, 2, 2, 1, 1, 1, 2, 1, 1, 1, 1, 2, 1, 1, 2, 1, 1, 1, 2, 1, 1, 2, 2, 1, 34, 'CHRISTIAN NORICO CONTEMPLACION '),
(28, '290', '2019-03-18 11:03:50', 1, 2, 2, 2, 1, 2, 3, 1, 1, 4, 2, 1, 1, 1, 1, 1, 1, 2, 1, 1, 2, 2, 1, 1, 37, 'CECILE J. SAGANG '),
(29, '757', '2019-03-18 13:03:57', 4, 4, 3, 5, 4, 3, 4, 4, 4, 5, 4, 4, 3, 4, 3, 4, 4, 4, 4, 5, 4, 5, 4, 3, 95, 'GEORGE MARTINO B. TORREDA '),
(30, '1545', '2019-03-18 13:03:16', 3, 2, 2, 2, 2, 2, 3, 3, 3, 3, 3, 3, 3, 3, 2, 2, 3, 2, 2, 2, 3, 3, 2, 2, 60, 'MARY DECEE B. RIZADA '),
(31, '1664', '2019-03-18 13:03:01', 4, 3, 5, 4, 4, 3, 3, 3, 2, 2, 3, 2, 4, 4, 4, 2, 3, 1, 3, 4, 1, 2, 4, 4, 74, 'NICOLAS O. ELEMIA '),
(32, '284', '2019-03-18 14:03:25', 5, 1, 3, 3, 5, 5, 5, 5, 4, 5, 4, 4, 1, 4, 5, 3, 5, 5, 5, 5, 5, 5, 4, 5, 101, 'CATALINO C. ELUM '),
(33, '86', '2019-03-18 14:03:22', 1, 1, 1, 1, 1, 1, 1, 1, 1, 1, 1, 1, 1, 1, 1, 1, 1, 1, 1, 1, 1, 1, 1, 1, 24, 'ALMA D. CRISOSTOMO '),
(34, '110', '2019-03-18 15:03:10', 3, 2, 3, 2, 3, 1, 2, 2, 1, 2, 2, 3, 1, 2, 2, 2, 3, 2, 2, 3, 3, 3, 4, 2, 55, 'ANDREI GLEVE T. PATAJO '),
(35, '1349', '2019-03-19 09:03:29', 3, 2, 3, 3, 2, 2, 2, 2, 2, 2, 2, 2, 2, 2, 2, 1, 2, 1, 2, 3, 2, 2, 1, 1, 48, 'LOIDA N. TASA '),
(36, '1657', '2019-03-19 10:03:36', 5, 4, 3, 4, 3, 4, 4, 4, 4, 4, 4, 4, 4, 4, 4, 4, 4, 4, 3, 3, 4, 4, 4, 3, 92, 'NICANOR REY T. MENDIOLA, III '),
(37, '357', '2019-03-19 10:03:57', 1, 1, 1, 1, 1, 1, 1, 1, 1, 1, 1, 1, 1, 1, 2, 1, 1, 1, 1, 1, 1, 1, 1, 1, 25, 'COLEEN C. FERIL '),
(38, '1703', '2019-03-19 10:03:21', 3, 3, 3, 4, 4, 3, 4, 3, 3, 4, 3, 3, 3, 4, 3, 3, 3, 3, 3, 3, 3, 3, 3, 3, 77, 'OFELIA B. VISTA '),
(39, '2196', '2019-03-19 11:03:02', 2, 2, 2, 2, 2, 2, 2, 2, 2, 2, 2, 2, 2, 2, 2, 2, 2, 2, 2, 2, 2, 2, 2, 2, 48, 'Susan A. Vargas'),
(40, '1738', '2019-03-19 11:03:24', 3, 4, 3, 1, 3, 2, 4, 3, 3, 5, 3, 3, 3, 3, 2, 1, 2, 2, 3, 3, 4, 3, 4, 2, 69, 'PERLYN MAR P. ROMBINES '),
(41, '1458', '2019-03-19 11:03:45', 4, 3, 4, 3, 3, 3, 3, 3, 3, 4, 3, 5, 3, 3, 4, 3, 3, 3, 3, 3, 3, 4, 3, 3, 79, 'MARIA NOVA E. AMILER '),
(42, '377', '2019-03-19 11:03:02', 2, 2, 1, 1, 1, 1, 2, 1, 1, 2, 1, 2, 1, 1, 1, 2, 1, 1, 1, 1, 1, 2, 2, 1, 32, 'DAISY ANN R. SOL '),
(43, '2343', '2019-03-19 11:03:42', 2, 3, 1, 2, 2, 2, 3, 1, 2, 2, 2, 2, 3, 2, 2, 2, 1, 2, 1, 2, 1, 2, 2, 1, 45, 'YHONIZA V. GOCIO '),
(44, '124', '2019-03-19 12:03:49', 4, 3, 2, 4, 4, 4, 5, 3, 4, 5, 4, 4, 3, 4, 4, 4, 4, 4, 4, 3, 4, 4, 4, 3, 91, 'ANGELO G. ANTIQUE '),
(45, '1417', '2019-03-19 12:03:12', 4, 4, 3, 5, 4, 5, 4, 5, 4, 5, 4, 4, 5, 4, 4, 5, 5, 3, 4, 3, 4, 3, 4, 4, 99, 'MA. VIVIEN D. ARAGON '),
(46, '83', '2019-03-19 12:03:11', 2, 2, 1, 1, 1, 1, 1, 1, 1, 2, 1, 1, 1, 1, 2, 1, 1, 1, 2, 1, 1, 1, 1, 1, 29, 'ALLAN H. TORREDA '),
(47, '790', '2019-03-19 13:03:33', 3, 2, 3, 3, 2, 3, 3, 3, 3, 4, 3, 3, 3, 3, 3, 2, 2, 3, 3, 3, 2, 2, 2, 2, 65, 'GLECILE A. ALUM '),
(49, '608', '2019-03-19 13:03:25', 1, 2, 2, 1, 1, 1, 3, 3, 1, 3, 2, 1, 2, 1, 2, 1, 1, 1, 1, 2, 1, 2, 1, 1, 37, 'ERLUVIMIE F. MANGUILIMOTAN '),
(50, '2233', '2019-03-19 13:03:02', 1, 2, 2, 2, 2, 1, 2, 1, 1, 2, 2, 1, 3, 3, 1, 2, 2, 1, 2, 2, 1, 2, 2, 1, 41, 'TOM T. OPEÑA '),
(51, '279', '2019-03-19 13:03:27', 2, 3, 2, 3, 2, 2, 3, 3, 3, 3, 3, 2, 2, 3, 3, 3, 3, 1, 2, 2, 3, 2, 2, 2, 59, 'CASIMERO T. CUBID, JR '),
(52, '908', '2019-03-19 14:03:32', 1, 3, 1, 1, 1, 1, 3, 2, 1, 1, 1, 2, 1, 1, 2, 2, 1, 1, 1, 2, 1, 2, 1, 1, 34, 'JANDY P. BITO-ON '),
(53, '528', '2019-03-19 14:03:39', 1, 3, 3, 2, 2, 1, 2, 2, 1, 2, 2, 3, 2, 3, 1, 1, 2, 2, 2, 3, 2, 1, 3, 2, 48, 'EDWIN E. ZUNIEGA '),
(54, '959', '2019-03-19 14:03:02', 3, 3, 3, 2, 2, 2, 2, 3, 1, 2, 2, 2, 3, 2, 1, 1, 2, 1, 2, 1, 3, 3, 1, 1, 48, 'JENNIFER E. TAYCO '),
(55, '648', '2019-03-19 15:03:02', 3, 2, 3, 4, 4, 2, 5, 4, 3, 4, 3, 3, 3, 4, 3, 3, 3, 3, 4, 3, 2, 4, 5, 3, 80, 'EUGENE RUSTICO T. TORRENTO '),
(56, '1493', '2019-03-19 16:03:06', 3, 4, 3, 5, 5, 4, 4, 5, 4, 4, 4, 5, 5, 2, 2, 5, 2, 5, 1, 5, 2, 5, 1, 5, 90, 'MARIO ECHELON ED R. TIJING '),
(57, '492', '2019-03-20 08:03:56', 4, 3, 3, 3, 3, 3, 3, 3, 3, 4, 3, 4, 4, 3, 4, 3, 4, 3, 3, 3, 3, 4, 3, 3, 79, 'EDGAR S. TENEFRANCIA, JR. '),
(58, '2205', '2019-03-20 08:03:07', 4, 4, 4, 4, 4, 3, 4, 4, 4, 4, 4, 3, 4, 4, 3, 4, 4, 5, 4, 4, 4, 4, 3, 3, 92, 'TED N. GERIAN '),
(59, '183', '2019-03-20 08:03:08', 3, 2, 3, 3, 2, 3, 3, 3, 3, 2, 3, 3, 3, 3, 4, 3, 3, 2, 3, 3, 2, 3, 3, 3, 68, 'ARMELY MARIE C. BALUCOS '),
(60, '365', '2019-03-20 08:03:34', 5, 3, 4, 5, 3, 3, 3, 4, 4, 5, 4, 4, 4, 4, 5, 4, 4, 5, 5, 5, 5, 5, 5, 4, 102, 'CORNELIO S. MURALLA '),
(61, '133', '2019-03-20 08:03:55', 3, 3, 3, 2, 3, 3, 3, 3, 3, 3, 3, 3, 3, 3, 3, 2, 3, 3, 3, 3, 3, 3, 3, 3, 70, 'ANNIVIE Q. YANGSON '),
(62, '345', '2019-03-20 08:03:33', 4, 2, 2, 2, 3, 3, 4, 4, 2, 2, 5, 4, 5, 3, 4, 3, 3, 5, 3, 2, 3, 3, 3, 4, 78, 'CHRISTY B. DIANSON '),
(63, '2028', '2019-03-20 08:03:51', 2, 3, 2, 1, 3, 1, 2, 2, 1, 2, 2, 1, 1, 1, 2, 1, 2, 1, 2, 3, 2, 2, 3, 2, 44, 'ROMELY H. ALSON '),
(64, '153', '2019-03-20 08:03:19', 3, 3, 3, 3, 2, 3, 2, 3, 4, 3, 3, 3, 2, 2, 3, 4, 3, 2, 3, 3, 3, 3, 2, 2, 67, 'ANTONIO S. BERTOSO, JR '),
(65, '647', '2019-03-20 08:03:55', 5, 4, 4, 4, 5, 4, 5, 4, 4, 4, 4, 5, 4, 4, 4, 4, 4, 4, 5, 5, 5, 4, 4, 4, 103, 'EUGENE P. GASENDO '),
(66, '1216', '2019-03-20 08:03:40', 1, 1, 1, 1, 5, 3, 2, 5, 5, 5, 3, 1, 1, 5, 1, 1, 1, 2, 1, 2, 5, 1, 1, 1, 55, 'JULIETA M. MONTES '),
(67, '152', '2019-03-20 09:03:29', 4, 3, 3, 4, 4, 3, 4, 4, 4, 3, 3, 4, 3, 3, 4, 4, 4, 4, 4, 4, 4, 3, 4, 4, 88, 'ANTONIO S. AGUILAR, JR '),
(68, '1047', '2019-03-20 09:03:22', 5, 4, 3, 5, 4, 4, 4, 3, 3, 3, 3, 4, 3, 4, 2, 4, 3, 3, 3, 4, 3, 4, 4, 3, 85, 'JOEL P. BATERNA '),
(69, '1055', '2019-03-20 09:03:48', 3, 2, 5, 2, 2, 4, 2, 4, 5, 1, 2, 5, 2, 2, 1, 5, 3, 5, 2, 1, 1, 2, 4, 3, 68, 'JOEMAR E. CRISOSTOMO '),
(70, '199', '2019-03-20 10:03:14', 3, 2, 1, 3, 2, 3, 3, 5, 1, 3, 4, 2, 1, 5, 2, 2, 4, 2, 3, 3, 2, 2, 2, 2, 62, 'ARTHUR S. HOYOHOY '),
(71, '1568', '2019-03-20 10:03:06', 2, 2, 1, 2, 3, 3, 3, 2, 2, 3, 1, 2, 1, 5, 1, 2, 4, 2, 3, 3, 2, 2, 2, 2, 55, 'MEMA B. TUVALLES '),
(72, '474', '2019-03-20 10:03:38', 3, 2, 1, 1, 1, 1, 2, 2, 1, 2, 1, 1, 2, 2, 3, 1, 2, 1, 1, 1, 2, 1, 1, 1, 36, 'DOREEN E. SENO '),
(73, '969', '2019-03-20 11:03:54', 4, 5, 4, 5, 4, 4, 4, 4, 5, 5, 4, 4, 4, 4, 4, 4, 4, 4, 4, 4, 4, 4, 4, 4, 100, 'JEREMIAS C. GALLO '),
(74, '632', '2019-03-20 15:03:31', 2, 2, 1, 1, 1, 1, 2, 2, 3, 2, 1, 1, 2, 4, 2, 1, 1, 2, 2, 1, 2, 1, 3, 2, 42, 'ESAR V. ABRASALDO '),
(75, '1816', '2019-03-20 15:03:27', 4, 4, 4, 4, 4, 4, 4, 4, 4, 4, 4, 4, 4, 4, 4, 4, 4, 4, 4, 4, 4, 4, 4, 4, 96, 'RAY T. PAPELERAS'),
(76, '1618', '2019-03-20 16:03:44', 3, 2, 3, 2, 2, 2, 3, 3, 3, 4, 3, 3, 3, 3, 4, 2, 2, 3, 3, 2, 3, 3, 5, 3, 69, 'NANCY T. VALENCIA '),
(77, '552', '2019-03-21 08:03:21', 1, 2, 1, 2, 1, 1, 2, 2, 1, 1, 2, 1, 1, 2, 2, 1, 1, 1, 1, 1, 1, 2, 1, 1, 32, 'ELIZA T. NORICO '),
(78, '724', '2019-03-21 08:03:05', 3, 2, 2, 3, 2, 2, 3, 2, 2, 2, 2, 2, 2, 2, 3, 2, 2, 2, 3, 2, 1, 2, 3, 2, 53, 'FRED IAN T. TRAYVILLA '),
(79, '2241', '2019-03-21 08:03:02', 3, 2, 2, 1, 1, 1, 3, 1, 1, 3, 1, 3, 2, 1, 1, 1, 3, 1, 1, 2, 1, 3, 1, 1, 40, 'VAN L. ALVARAN '),
(80, '868', '2019-03-21 08:03:58', 3, 2, 3, 4, 3, 2, 2, 2, 3, 2, 3, 1, 2, 2, 3, 3, 3, 4, 2, 2, 2, 3, 5, 3, 64, 'IMELDA R. TANGENTE '),
(81, '271', '2019-03-21 10:03:37', 2, 4, 3, 2, 2, 1, 2, 3, 2, 2, 2, 3, 3, 2, 3, 2, 3, 2, 1, 2, 2, 2, 3, 3, 56, 'CARMELITA Y. OGOC '),
(82, '97', '2019-03-21 11:03:30', 2, 2, 1, 1, 1, 2, 2, 1, 1, 1, 1, 1, 1, 2, 2, 3, 1, 1, 2, 1, 3, 3, 2, 2, 39, 'AMELYN T. PATIGAYON '),
(83, '2319', '2019-03-21 11:03:48', 2, 3, 3, 3, 3, 2, 3, 4, 2, 2, 2, 3, 3, 3, 3, 2, 2, 2, 3, 3, 3, 3, 2, 2, 63, 'WILFREDO B. ESTRELLA, JR '),
(84, '1346', '2019-03-21 11:03:04', 3, 1, 1, 2, 3, 2, 1, 1, 2, 1, 1, 1, 1, 2, 1, 1, 1, 1, 1, 1, 1, 1, 1, 1, 32, 'LLOYD I. TENEFRANCIA '),
(85, '652', '2019-03-21 11:03:50', 2, 3, 3, 3, 3, 3, 3, 3, 3, 2, 2, 3, 3, 2, 3, 3, 3, 2, 2, 2, 3, 3, 3, 2, 64, 'EVA G. PORTUGALEZA '),
(86, '240', '2019-03-21 11:03:29', 4, 3, 3, 4, 3, 3, 4, 3, 3, 3, 3, 4, 3, 3, 3, 4, 4, 3, 3, 4, 4, 3, 4, 3, 81, 'BOB G. PORTUGALEZA '),
(87, '1156', '2019-03-21 11:03:45', 2, 2, 2, 2, 3, 2, 3, 3, 2, 3, 2, 3, 2, 2, 3, 3, 3, 3, 2, 3, 2, 3, 3, 2, 60, 'JOSEPH B. VILLAMIL '),
(88, '1226', '2019-03-21 11:03:37', 5, 4, 4, 4, 3, 3, 3, 3, 3, 3, 3, 3, 4, 3, 3, 3, 3, 3, 3, 3, 3, 3, 3, 3, 78, 'JULY B. MAGBANUA '),
(89, '195', '2019-03-21 11:03:46', 3, 3, 3, 3, 3, 3, 3, 3, 3, 3, 3, 3, 3, 3, 3, 3, 3, 3, 3, 3, 3, 3, 3, 3, 72, 'ARNOLD B. TORREQUEMADA '),
(90, '67', '2019-03-21 11:03:20', 5, 5, 5, 4, 3, 3, 4, 4, 4, 4, 4, 5, 2, 4, 5, 1, 1, 5, 5, 3, 5, 5, 5, 2, 93, 'ALEXANDER J. OCTAVIANO '),
(91, '1305', '2019-03-21 11:03:13', 3, 3, 3, 2, 3, 2, 3, 2, 2, 4, 4, 3, 4, 3, 3, 4, 3, 2, 3, 3, 3, 4, 4, 3, 73, 'LENEKIE A. GAGA-A '),
(92, '2148', '2019-03-21 13:03:29', 2, 2, 1, 2, 1, 2, 2, 2, 1, 2, 2, 2, 2, 3, 4, 1, 3, 2, 1, 1, 3, 2, 3, 1, 47, 'SALAM B. BACARAT '),
(93, '1260', '2019-03-21 13:03:19', 5, 3, 2, 1, 1, 2, 3, 3, 2, 2, 2, 3, 3, 3, 3, 2, 3, 1, 1, 1, 1, 5, 3, 1, 56, 'KATHY C. BELINGAN '),
(94, '197', '2019-03-21 13:03:00', 4, 3, 4, 4, 3, 1, 3, 3, 3, 3, 3, 3, 2, 3, 1, 2, 3, 2, 3, 3, 3, 2, 3, 2, 66, 'ARTAGNAN S. PINILI '),
(95, '1292', '2019-03-21 13:03:41', 5, 5, 3, 4, 5, 4, 5, 5, 4, 4, 3, 5, 5, 4, 5, 5, 5, 4, 4, 5, 5, 4, 5, 5, 108, 'LANI T. PATAJO '),
(96, '212', '2019-03-21 14:03:08', 3, 3, 2, 1, 3, 1, 2, 1, 3, 3, 3, 3, 4, 1, 2, 2, 2, 3, 2, 2, 2, 2, 1, 3, 54, 'AXEL B. ALCANTARA '),
(97, '1360', '2019-03-21 14:03:57', 4, 2, 1, 1, 2, 2, 3, 1, 2, 4, 2, 3, 1, 2, 3, 1, 1, 2, 1, 1, 2, 1, 3, 1, 46, 'LORETA TASPIL C. SARIENTAS '),
(98, '1877', '2019-03-21 14:03:08', 2, 5, 3, 1, 3, 3, 3, 3, 3, 4, 2, 3, 1, 2, 3, 1, 3, 3, 2, 2, 2, 3, 5, 1, 63, 'REYLAND T. GOCIO '),
(99, '2281', '2019-03-21 14:03:03', 1, 2, 1, 5, 4, 1, 2, 2, 1, 1, 2, 2, 1, 2, 1, 1, 1, 2, 1, 1, 2, 1, 1, 2, 40, 'VIOLETA A. VILLANUEVA '),
(100, '2178', '2019-03-21 14:03:56', 2, 2, 3, 4, 1, 1, 5, 3, 5, 4, 3, 3, 3, 2, 2, 2, 2, 3, 3, 2, 2, 2, 2, 2, 63, 'SHIRLEY V. PINANONANG '),
(101, '1340', '2019-03-21 14:03:54', 4, 3, 3, 4, 2, 3, 4, 2, 3, 3, 3, 3, 4, 3, 3, 3, 3, 2, 3, 2, 3, 3, 3, 2, 71, 'LITO M. LOMONGO '),
(102, '875', '2019-03-21 14:03:17', 5, 4, 3, 2, 2, 3, 2, 2, 1, 5, 1, 4, 2, 4, 5, 1, 3, 4, 2, 4, 5, 5, 3, 5, 77, 'IRENEO Y. MIJARES, JR '),
(103, '1708', '2019-03-21 14:03:55', 3, 3, 2, 2, 2, 3, 3, 2, 3, 4, 3, 3, 3, 3, 3, 2, 3, 2, 3, 3, 3, 3, 4, 3, 68, 'OPHELIA URIKA R. TRINIDAD '),
(104, '819', '2019-03-21 14:03:29', 4, 2, 3, 3, 2, 2, 2, 2, 2, 3, 2, 3, 3, 3, 3, 2, 3, 2, 3, 4, 3, 3, 3, 3, 65, 'HANNAH Z. GUTIERREZ '),
(105, '1543', '2019-03-21 14:03:34', 1, 2, 1, 1, 1, 1, 2, 1, 1, 1, 2, 1, 1, 1, 2, 1, 1, 1, 1, 1, 1, 1, 1, 1, 28, 'MARY ANN T. BONGAPAT '),
(106, '920', '2019-03-21 15:03:38', 5, 4, 4, 4, 3, 3, 4, 4, 3, 5, 3, 5, 4, 3, 3, 3, 4, 4, 3, 4, 3, 4, 5, 3, 90, 'JASMINE T. CATALAN '),
(107, '1059', '2019-03-21 15:03:49', 2, 2, 3, 4, 3, 2, 3, 3, 3, 3, 2, 4, 3, 4, 3, 3, 1, 2, 2, 3, 3, 1, 4, 2, 65, 'JOENIL E. MARTINEZ '),
(108, '125', '2019-03-21 15:03:19', 4, 3, 3, 4, 3, 4, 5, 5, 3, 3, 4, 4, 4, 3, 3, 4, 3, 3, 3, 3, 3, 4, 3, 3, 84, 'ANGELO P. GASENDO '),
(109, '322', '2019-03-21 15:03:52', 3, 3, 3, 4, 4, 3, 2, 3, 3, 3, 3, 3, 2, 3, 1, 3, 3, 3, 3, 3, 2, 2, 3, 3, 68, 'CHESTER C. VILLAMIL '),
(110, '2184', '2019-03-21 15:03:04', 2, 2, 3, 1, 1, 1, 2, 1, 1, 3, 2, 3, 1, 1, 1, 1, 2, 1, 2, 1, 2, 2, 1, 1, 38, 'SOCORRO V. MELODIA '),
(111, '511', '2019-03-21 15:03:28', 2, 2, 2, 4, 3, 2, 3, 2, 3, 3, 3, 3, 1, 2, 3, 1, 2, 2, 3, 4, 3, 3, 4, 2, 62, 'EDRELYN A. TRAYVILLA '),
(112, '1410', '2019-03-21 15:03:52', 4, 4, 5, 4, 4, 3, 3, 4, 2, 4, 3, 3, 3, 4, 5, 4, 4, 4, 3, 3, 3, 2, 3, 3, 84, 'MA. ISABEL B. AUNGON '),
(113, '1445', '2019-03-21 16:03:56', 5, 4, 3, 4, 4, 2, 4, 4, 4, 3, 3, 3, 4, 3, 3, 2, 3, 3, 4, 4, 4, 4, 3, 3, 83, 'MARIA CARMEN T. ELNAR '),
(114, '2185', '2019-03-21 16:03:38', 1, 2, 1, 1, 1, 1, 1, 1, 1, 1, 1, 1, 1, 1, 1, 1, 1, 1, 1, 1, 1, 1, 1, 1, 25, 'Sonia Cuaresma'),
(115, '22119', '2019-03-25 11:03:03', 3, 3, 3, 3, 3, 3, 3, 3, 3, 3, 3, 3, 2, 3, 3, 2, 2, 3, 2, 2, 2, 2, 3, 2, 64, 'Bernabe Q. Luzon, Jr. '),
(116, '1113', '2019-03-25 11:03:50', 2, 3, 3, 2, 2, 3, 4, 4, 3, 3, 2, 2, 2, 2, 2, 2, 2, 2, 3, 5, 2, 2, 3, 2, 62, 'Jonathan Omboy'),
(117, '1717', '2019-03-25 11:03:42', 4, 5, 3, 1, 3, 3, 4, 4, 4, 3, 4, 3, 3, 4, 3, 4, 3, 3, 3, 3, 3, 3, 3, 3, 79, 'PACIFICO V. QUINDO III'),
(118, '1610', '2019-03-25 13:03:11', 2, 2, 2, 3, 1, 2, 2, 3, 2, 2, 2, 2, 2, 2, 1, 2, 1, 1, 1, 2, 1, 2, 1, 2, 43, 'MONICA  M.  DELA CRUZ '),
(119, '1526', '2019-03-25 13:03:06', 3, 3, 2, 2, 3, 2, 2, 3, 3, 3, 2, 2, 2, 1, 2, 2, 1, 2, 1, 1, 1, 2, 1, 1, 47, 'MARLON A. DUHAYLUNGSOD'),
(121, '355', '2019-03-25 14:03:10', 3, 3, 3, 3, 2, 2, 3, 2, 1, 4, 2, 4, 3, 3, 4, 3, 3, 3, 2, 3, 3, 3, 3, 4, 69, 'CLYDE G. ANTIQUE '),
(122, '1496', '2019-03-25 14:03:31', 5, 2, 2, 3, 4, 5, 3, 2, 2, 4, 2, 3, 2, 3, 2, 3, 4, 2, 3, 1, 2, 2, 2, 3, 66, 'MARIO S. SARDOVIA'),
(123, '2244', '2019-03-25 14:03:32', 3, 3, 4, 3, 3, 4, 3, 3, 3, 2, 2, 3, 3, 2, 3, 2, 3, 2, 2, 3, 2, 3, 3, 3, 67, 'VANESSA S. BASILISCO'),
(124, '1890', '2019-03-25 14:03:47', 3, 3, 4, 4, 3, 2, 3, 3, 3, 3, 2, 4, 2, 4, 3, 4, 2, 1, 2, 3, 1, 1, 1, 2, 63, 'REYNALDO L. SOLAMILLO'),
(125, '1163', '2019-03-25 14:03:52', 4, 3, 3, 3, 5, 3, 5, 3, 5, 5, 3, 5, 5, 3, 5, 4, 5, 5, 4, 4, 4, 5, 4, 5, 100, 'JOSEPHINE C. BALASABAS'),
(126, '852', '2019-03-25 14:03:13', 4, 4, 4, 5, 4, 4, 4, 4, 4, 5, 4, 5, 4, 4, 5, 5, 4, 5, 4, 4, 5, 4, 5, 5, 105, 'HONEY LYN Q. TONOGBANUA'),
(127, '2294', '2019-03-25 16:03:02', 5, 3, 5, 1, 1, 3, 3, 2, 4, 2, 2, 2, 1, 1, 1, 4, 3, 2, 1, 1, 1, 1, 1, 2, 52, 'VIVIVAN B. PACULANANG'),
(128, '949', '2019-03-25 16:03:56', 1, 4, 1, 1, 5, 4, 4, 2, 4, 3, 2, 5, 5, 4, 1, 1, 1, 2, 3, 1, 5, 2, 1, 3, 65, 'JEMIMAH N. ELMIDO'),
(129, '872', '2019-03-26 11:03:07', 3, 2, 3, 3, 3, 3, 2, 3, 3, 2, 2, 3, 3, 2, 2, 3, 2, 3, 2, 2, 2, 3, 2, 3, 61, 'ION JOSEPH T. BOLLOS'),
(130, '172', '2019-03-26 11:03:46', 5, 4, 4, 5, 4, 5, 4, 4, 4, 2, 3, 4, 4, 3, 3, 4, 4, 2, 3, 3, 3, 3, 3, 3, 86, 'ariel salaw'),
(131, '22131', '2019-03-26 12:03:47', 1, 1, 2, 1, 1, 1, 3, 1, 1, 1, 2, 1, 1, 3, 1, 1, 1, 1, 1, 2, 1, 1, 1, 1, 31, 'Mark A. Sumalpong'),
(132, '598', '2019-03-26 13:03:57', 2, 2, 2, 2, 2, 2, 2, 2, 2, 1, 2, 1, 1, 2, 1, 2, 2, 2, 2, 1, 1, 1, 1, 2, 40, 'ERENIE D. ALEGRIA'),
(133, '2263', '2019-03-26 13:03:47', 2, 2, 2, 1, 1, 2, 2, 2, 2, 2, 1, 2, 2, 1, 2, 1, 1, 2, 2, 1, 1, 2, 1, 1, 38, 'VICTOR G. ILAGAN'),
(134, '143', '2019-03-26 13:03:04', 3, 2, 1, 3, 3, 4, 5, 5, 3, 5, 2, 3, 2, 4, 3, 4, 3, 3, 3, 2, 2, 5, 5, 3, 78, 'ANTHONY G. DIANSON'),
(135, '1426', '2019-03-26 13:03:14', 4, 3, 5, 3, 3, 2, 2, 3, 3, 3, 2, 1, 3, 3, 1, 2, 2, 2, 3, 3, 4, 3, 3, 3, 66, 'MANUEL C. TORREDA, II'),
(136, '502', '2019-03-26 13:03:46', 1, 2, 5, 4, 2, 3, 3, 4, 1, 1, 2, 2, 1, 3, 1, 2, 1, 1, 1, 1, 3, 3, 3, 1, 51, 'EDILBERTO A. LANGUIDO'),
(137, '714', '2019-03-26 13:03:44', 5, 5, 4, 4, 4, 4, 4, 4, 3, 5, 3, 5, 3, 3, 5, 3, 3, 3, 3, 3, 4, 4, 5, 4, 93, 'FRANCISCO C. OPAMIN'),
(138, '241', '2019-03-26 13:03:17', 1, 2, 5, 1, 2, 3, 2, 4, 3, 2, 3, 2, 4, 3, 3, 3, 1, 5, 1, 3, 5, 1, 5, 3, 67, 'BOBBY Q. GRACIADAS'),
(139, '2007', '2019-03-26 14:03:12', 1, 1, 1, 4, 3, 3, 4, 3, 2, 3, 1, 1, 1, 1, 2, 1, 1, 2, 1, 1, 1, 1, 1, 1, 41, 'ROLANDO A. ROMO'),
(140, '603', '2019-03-26 14:03:30', 2, 2, 2, 2, 1, 4, 5, 4, 2, 2, 3, 1, 2, 2, 2, 2, 2, 2, 3, 2, 4, 3, 3, 2, 59, 'ERIC O. TORRES'),
(141, '1494', '2019-03-26 14:03:13', 2, 2, 2, 2, 2, 2, 3, 2, 3, 2, 2, 3, 3, 3, 2, 3, 2, 2, 3, 2, 2, 2, 2, 1, 54, 'MARIO JENREX E. PARTOSA'),
(142, '266', '2019-03-26 14:03:08', 3, 3, 3, 3, 3, 3, 3, 4, 3, 3, 3, 3, 2, 4, 3, 2, 3, 3, 3, 2, 2, 3, 3, 2, 69, 'CARLITO D. CABASAG'),
(143, '2011', '2019-03-26 14:03:30', 4, 2, 3, 3, 3, 4, 4, 3, 2, 4, 3, 3, 5, 4, 3, 4, 4, 2, 2, 4, 3, 3, 3, 3, 78, 'ROLANDO E. SALUMAG, JR.'),
(144, '1145', '2019-03-26 14:03:27', 4, 3, 2, 5, 4, 1, 4, 4, 3, 4, 3, 1, 3, 4, 3, 3, 3, 3, 4, 3, 2, 3, 3, 3, 75, 'JOSELITO L. BRIGOLI'),
(145, '2258', '2019-03-26 14:03:11', 3, 2, 3, 4, 3, 3, 3, 4, 3, 2, 3, 4, 4, 3, 3, 3, 4, 3, 4, 3, 4, 3, 2, 3, 76, 'VICENTE T. TORREDA'),
(146, '1772', '2019-03-26 14:03:49', 5, 3, 4, 5, 5, 5, 4, 4, 5, 4, 5, 5, 4, 4, 3, 4, 5, 5, 5, 4, 4, 5, 3, 3, 103, 'RALPH G. RAGAY'),
(147, '496', '2019-03-26 14:03:25', 2, 2, 3, 2, 2, 3, 3, 2, 5, 4, 3, 1, 3, 3, 3, 1, 1, 2, 3, 1, 2, 1, 1, 5, 58, 'EDGARDO B. CACAS'),
(148, '469', '2019-03-27 14:03:43', 4, 5, 5, 1, 4, 4, 3, 3, 5, 4, 3, 1, 2, 4, 3, 3, 2, 4, 4, 4, 4, 3, 3, 5, 83, 'DONALD B. NORICO'),
(149, '227', '2019-03-27 14:03:52', 2, 2, 1, 2, 3, 2, 2, 2, 1, 2, 2, 1, 2, 3, 3, 2, 2, 2, 2, 1, 2, 1, 2, 2, 46, 'BERNADITA D. TRAYVILLA'),
(150, '860', '2019-03-27 15:03:29', 3, 3, 3, 4, 2, 3, 3, 3, 3, 3, 4, 3, 3, 2, 3, 2, 3, 2, 3, 2, 3, 3, 3, 3, 69, 'IAN BUTCH V. SALA'),
(151, '1915', '2019-03-27 16:03:43', 4, 3, 3, 4, 3, 3, 3, 3, 4, 4, 3, 4, 4, 3, 3, 4, 3, 3, 4, 3, 3, 3, 4, 4, 82, 'RICHARD P. BUCOL'),
(152, '2223', '2019-03-27 16:03:46', 1, 2, 3, 2, 1, 3, 3, 5, 4, 3, 2, 4, 2, 3, 5, 2, 3, 1, 1, 3, 1, 3, 3, 1, 61, 'TERESITO C. TANGHINAN'),
(153, '1812', '2019-03-27 16:03:40', 2, 3, 4, 4, 3, 3, 4, 4, 3, 3, 4, 3, 4, 3, 3, 3, 3, 3, 3, 3, 4, 3, 4, 3, 79, 'RAY A. FORTIN'),
(154, '1009', '2019-03-27 16:03:42', 5, 5, 5, 3, 5, 3, 4, 4, 4, 4, 4, 5, 5, 4, 5, 5, 5, 4, 5, 3, 5, 3, 4, 3, 102, 'JIMMY M. ALCE'),
(155, '1565', '2019-03-27 16:03:08', 3, 3, 3, 3, 1, 2, 3, 3, 5, 1, 5, 2, 1, 2, 1, 3, 4, 2, 2, 1, 1, 5, 3, 5, 64, 'MELODY  M. DELOS SANTOS'),
(156, '835', '2019-03-27 16:03:03', 3, 2, 2, 2, 3, 1, 2, 3, 1, 2, 2, 3, 3, 3, 3, 3, 3, 2, 3, 2, 2, 2, 3, 3, 58, 'HENRY D. VILLAFLOR'),
(157, '2277', '2019-03-27 16:03:19', 3, 2, 2, 2, 3, 3, 3, 3, 2, 1, 2, 2, 2, 2, 1, 2, 2, 2, 2, 3, 2, 2, 3, 2, 53, 'VINCENT A. NG'),
(158, '481', '2019-03-27 16:03:02', 4, 3, 3, 4, 5, 4, 4, 4, 3, 4, 3, 4, 3, 5, 5, 4, 4, 4, 3, 3, 4, 3, 3, 3, 89, 'EARL T. TEOLOGIO'),
(159, '1691', '2019-03-28 08:03:44', 1, 1, 5, 1, 1, 3, 3, 2, 4, 3, 4, 3, 2, 4, 2, 4, 3, 4, 3, 1, 1, 3, 1, 1, 60, 'NOLAN E. MONCAL, JR'),
(160, '1853', '2019-03-28 09:03:28', 3, 4, 3, 4, 4, 3, 5, 4, 4, 3, 3, 4, 4, 4, 3, 4, 4, 4, 3, 4, 4, 3, 4, 3, 88, 'RENE S. GUARDIANO'),
(161, '579', '2019-03-28 09:03:37', 4, 3, 3, 3, 3, 2, 3, 2, 3, 3, 2, 3, 3, 2, 1, 2, 3, 2, 2, 3, 1, 2, 2, 2, 59, 'EMILIO G. OCTAVIANO, JR.'),
(162, '2164', '2019-03-28 09:03:58', 2, 2, 2, 2, 1, 2, 1, 2, 1, 1, 1, 1, 1, 2, 1, 1, 1, 1, 2, 1, 1, 1, 1, 1, 32, 'SHAREEN M. FLORES'),
(163, '1112', '2019-03-28 09:03:48', 4, 3, 5, 2, 4, 3, 3, 3, 3, 4, 3, 5, 5, 4, 3, 4, 2, 3, 3, 4, 4, 3, 1, 2, 80, 'JONATHAN A. GERALDE'),
(164, '1010', '2019-03-28 09:03:02', 1, 1, 1, 1, 1, 3, 4, 2, 5, 3, 3, 1, 2, 3, 2, 1, 2, 4, 1, 5, 1, 1, 3, 3, 54, 'JIMMY M. CAÑALES, JR.'),
(165, '1193', '2019-03-28 09:03:08', 3, 3, 5, 3, 2, 5, 2, 1, 5, 1, 3, 1, 4, 3, 1, 3, 1, 1, 1, 1, 5, 5, 5, 5, 69, 'JUDE ROLAND A. DUHAYLUNGSOD'),
(166, '1809', '2019-03-28 09:03:32', 1, 1, 1, 1, 1, 4, 2, 2, 1, 1, 2, 1, 1, 1, 2, 3, 1, 1, 1, 1, 1, 1, 1, 1, 33, 'RAUL O. MORADOS'),
(167, '2259', '2019-03-28 09:03:31', 1, 2, 2, 2, 2, 2, 3, 2, 2, 2, 1, 2, 2, 1, 1, 2, 2, 2, 2, 2, 2, 2, 1, 1, 43, 'VICMAR G. RUBIA'),
(168, '466', '2019-03-28 09:03:57', 5, 4, 3, 4, 5, 3, 3, 4, 2, 4, 2, 3, 2, 3, 4, 3, 3, 4, 4, 4, 4, 3, 4, 4, 84, 'DON A. ILAGAN'),
(169, '1172', '2019-03-28 10:03:26', 4, 3, 2, 3, 3, 1, 3, 4, 4, 3, 3, 3, 3, 4, 4, 4, 4, 2, 4, 3, 2, 4, 4, 2, 76, 'JOSUE A. DIPLOMA'),
(170, '1122', '2019-03-28 11:03:43', 4, 3, 3, 4, 4, 3, 4, 5, 5, 5, 3, 4, 3, 3, 3, 4, 3, 5, 3, 4, 5, 3, 4, 3, 90, 'JORAMI L. CANOY'),
(171, '1981', '2019-03-28 11:03:39', 3, 3, 3, 3, 4, 1, 3, 3, 2, 3, 3, 4, 2, 3, 1, 1, 2, 3, 1, 3, 4, 1, 3, 2, 61, 'ROEVEL IAN T. TALEON'),
(172, '527', '2019-03-28 11:03:53', 1, 1, 3, 2, 1, 1, 2, 3, 1, 1, 2, 1, 4, 2, 2, 1, 1, 2, 2, 1, 2, 1, 1, 2, 40, 'EDWIN D. TRAYVILLA'),
(173, '1949', '2019-03-28 11:03:48', 2, 4, 1, 3, 1, 1, 2, 1, 5, 5, 3, 1, 1, 3, 5, 1, 5, 5, 1, 1, 1, 1, 1, 1, 55, 'ROBERTO B. GALVEZ'),
(174, '893', '2019-03-28 12:03:10', 4, 1, 1, 3, 1, 1, 3, 1, 3, 1, 3, 2, 1, 3, 2, 2, 3, 2, 1, 5, 1, 1, 5, 2, 52, 'JAIME C. SOMERANO'),
(175, '17', '2019-04-01 11:04:19', 2, 3, 4, 3, 3, 4, 2, 1, 2, 4, 1, 4, 4, 1, 1, 3, 3, 2, 2, 2, 3, 3, 3, 2, 62, 'ADONIS V. BELINGAN'),
(176, '942', '2019-04-01 11:04:14', 3, 4, 2, 2, 3, 3, 3, 2, 1, 1, 1, 2, 1, 2, 1, 1, 1, 1, 2, 1, 2, 1, 1, 3, 44, 'JEFFERSON M. CALDA, SR'),
(177, '2175', '2019-04-01 11:04:35', 1, 1, 1, 1, 1, 1, 2, 2, 1, 1, 1, 1, 2, 1, 1, 1, 2, 1, 1, 1, 1, 1, 1, 1, 28, 'SHIELA JEAN G. SOLDEVILLA'),
(178, '2338', '2019-04-01 11:04:31', 4, 3, 3, 4, 2, 2, 1, 3, 2, 3, 2, 3, 3, 2, 1, 1, 1, 2, 3, 3, 2, 2, 2, 2, 56, 'WINDIE S. TIZON'),
(179, '1130', '2019-04-01 11:04:43', 1, 2, 1, 1, 3, 1, 3, 2, 1, 4, 1, 1, 2, 2, 1, 1, 1, 1, 1, 1, 1, 1, 1, 1, 35, 'JOSE ALI RAY T. DOLALAS'),
(180, '2288', '2019-04-01 12:04:04', 4, 2, 3, 4, 3, 2, 3, 3, 2, 3, 2, 3, 2, 4, 3, 3, 3, 2, 2, 3, 1, 3, 4, 3, 67, 'VIRGINIA D. SADIASA'),
(181, '182', '2019-04-01 15:04:21', 5, 5, 5, 5, 5, 5, 5, 5, 5, 5, 5, 5, 5, 5, 5, 5, 5, 4, 5, 5, 5, 5, 5, 5, 119, 'ARMEGILDO B. AGDON'),
(182, '1295', '2019-04-01 15:04:18', 1, 1, 2, 1, 1, 2, 2, 1, 1, 1, 1, 2, 1, 1, 1, 1, 1, 1, 1, 1, 1, 1, 1, 1, 28, 'LEA P. TANGENTE'),
(183, '802', '2019-04-01 15:04:20', 2, 1, 2, 2, 1, 2, 2, 1, 1, 1, 2, 1, 1, 1, 2, 2, 1, 1, 1, 1, 1, 1, 1, 1, 32, 'GONZALO S. MELODIA, II'),
(184, '2269', '2019-04-01 15:04:12', 2, 2, 2, 2, 1, 1, 2, 1, 1, 1, 1, 2, 2, 2, 1, 1, 1, 1, 1, 2, 1, 2, 1, 1, 34, 'VICTORIANO T. TORALDE, JR'),
(185, '818', '2019-04-01 15:04:53', 4, 3, 3, 4, 3, 3, 4, 5, 3, 3, 3, 1, 2, 2, 2, 3, 3, 3, 2, 3, 2, 2, 2, 3, 68, 'HANNAH LUE O. TIJING'),
(186, '761', '2019-04-01 16:04:12', 4, 3, 3, 3, 3, 3, 4, 4, 3, 4, 3, 3, 4, 3, 3, 3, 4, 3, 3, 4, 3, 4, 3, 3, 80, 'GERALDINE T. CAPULSO'),
(187, '1936', '2019-04-01 16:04:14', 4, 4, 3, 4, 3, 1, 2, 3, 2, 3, 2, 2, 3, 3, 3, 2, 3, 2, 3, 2, 2, 2, 2, 3, 63, 'RIZA A. EMBORES'),
(188, '2123', '2019-04-01 16:04:07', 1, 1, 3, 1, 1, 1, 3, 2, 4, 2, 2, 1, 3, 3, 1, 1, 1, 1, 1, 3, 5, 3, 2, 2, 48, 'RUBEN C. BUCAD'),
(189, '21828', '2019-04-01 16:04:11', 3, 3, 3, 4, 3, 3, 3, 3, 1, 3, 3, 3, 3, 3, 2, 2, 3, 2, 3, 3, 3, 2, 3, 2, 66, 'HAZEL COLENTAVA ABELLAR'),
(190, '1126', '2019-04-01 16:04:15', 1, 3, 5, 5, 4, 1, 2, 2, 1, 1, 2, 2, 3, 3, 1, 1, 1, 1, 2, 2, 1, 1, 1, 1, 47, 'JORGELYN A. CORTEZ'),
(191, '1168', '2019-04-01 16:04:22', 1, 1, 1, 1, 2, 3, 2, 1, 1, 2, 2, 2, 1, 1, 3, 3, 3, 1, 3, 2, 2, 2, 3, 2, 45, 'JOSIE ANN T. SALAAN'),
(192, '1154', '2019-04-01 16:04:16', 1, 1, 2, 1, 3, 1, 4, 3, 2, 2, 2, 3, 1, 4, 2, 2, 1, 2, 2, 1, 2, 2, 2, 1, 47, 'JOSEPH B. CAÑEDO'),
(193, '1423', '2019-04-01 16:04:03', 4, 2, 1, 2, 1, 2, 4, 1, 3, 3, 4, 2, 1, 2, 4, 2, 4, 1, 3, 1, 1, 2, 1, 1, 52, 'MANOLITO T. GEMIRA'),
(194, '1519', '2019-04-01 16:04:15', 2, 1, 1, 2, 1, 2, 1, 1, 1, 1, 3, 4, 3, 1, 2, 3, 5, 1, 1, 2, 1, 1, 1, 1, 42, 'MARK V. BELINGAN'),
(195, '2314', '2019-04-01 16:04:03', 1, 4, 5, 1, 2, 2, 1, 1, 1, 1, 3, 2, 3, 1, 1, 1, 1, 5, 3, 1, 2, 1, 1, 1, 45, 'WENEFREDO Q. NAVALES'),
(196, '33', '2019-04-02 08:04:59', 5, 3, 3, 3, 3, 3, 3, 3, 3, 3, 3, 3, 3, 3, 3, 3, 3, 3, 3, 3, 3, 3, 3, 3, 74, 'ALAN T. LAMAG'),
(197, '894', '2019-04-02 09:04:54', 1, 1, 5, 3, 1, 4, 4, 5, 5, 4, 3, 4, 1, 1, 1, 4, 2, 1, 1, 5, 5, 2, 1, 5, 69, 'JAIME P. BAYOGUIÑA'),
(198, '1670', '2019-04-02 09:04:02', 1, 1, 1, 1, 1, 1, 1, 3, 2, 1, 1, 1, 1, 1, 2, 1, 1, 1, 3, 1, 1, 1, 1, 1, 30, 'NILON C. BAYATON'),
(199, '1045', '2019-04-02 09:04:14', 3, 3, 2, 3, 2, 3, 2, 3, 3, 3, 2, 3, 2, 3, 3, 4, 1, 2, 2, 5, 2, 3, 3, 3, 65, 'JOEL D. BUENAVISTA'),
(200, '1640', '2019-04-02 09:04:31', 4, 3, 1, 3, 3, 2, 4, 3, 4, 3, 2, 5, 2, 2, 1, 1, 3, 3, 4, 3, 1, 3, 3, 1, 64, 'NELSON P. PANDAGANI'),
(201, '40', '2019-04-02 10:04:25', 1, 3, 1, 1, 1, 3, 2, 2, 2, 3, 3, 3, 2, 1, 5, 1, 1, 2, 4, 2, 2, 4, 4, 1, 54, 'ALBERTO A. ACABAL, JR'),
(202, '398', '2019-04-02 10:04:43', 1, 2, 1, 2, 1, 1, 4, 4, 5, 2, 4, 4, 2, 1, 2, 1, 5, 4, 1, 1, 2, 5, 4, 5, 64, 'DANILO B. PINANONANG'),
(203, '2150', '2019-04-02 10:04:12', 2, 2, 2, 3, 4, 3, 1, 1, 2, 5, 3, 2, 4, 1, 2, 5, 2, 3, 3, 1, 2, 5, 2, 4, 64, 'SAMUEL A. RIDAD, JR'),
(204, '592', '2019-04-02 11:04:41', 4, 3, 1, 4, 3, 4, 2, 4, 1, 5, 3, 4, 2, 1, 1, 1, 1, 2, 3, 2, 2, 4, 4, 3, 64, 'ENRICO P. PANALIGAN'),
(206, '2252', '2019-04-02 11:04:09', 1, 4, 1, 4, 1, 2, 4, 4, 1, 2, 4, 2, 1, 3, 1, 1, 1, 1, 1, 1, 1, 1, 1, 1, 44, 'VERNA T. MASAYON'),
(207, '1615', '2019-04-02 11:04:31', 3, 2, 2, 1, 1, 2, 2, 1, 1, 2, 2, 3, 1, 2, 2, 2, 1, 2, 2, 1, 3, 1, 1, 1, 41, 'MYRCHIELYN L. TAMPIOC'),
(209, '1275', '2019-04-02 11:04:25', 3, 2, 3, 4, 2, 2, 3, 3, 2, 1, 2, 2, 2, 1, 1, 1, 2, 3, 1, 1, 1, 1, 1, 1, 45, 'KIM TAKKIE I. TAMPIOC'),
(210, '2291', '2019-04-02 11:04:42', 1, 2, 1, 1, 3, 2, 4, 3, 3, 1, 1, 1, 1, 1, 2, 3, 2, 2, 1, 1, 1, 1, 1, 2, 41, 'VITALIANITO T. COSEP'),
(211, '22117', '2019-04-02 11:04:01', 1, 3, 5, 1, 1, 3, 4, 5, 1, 2, 2, 4, 5, 4, 1, 1, 1, 2, 1, 4, 1, 1, 1, 3, 57, 'JONATHAN A DIPLOMA'),
(212, '1865', '2019-04-02 11:04:11', 5, 3, 3, 1, 3, 3, 5, 4, 4, 2, 3, 3, 4, 3, 3, 3, 2, 2, 3, 4, 1, 3, 4, 5, 76, 'RESTITUTO V. QUIÑANOLA'),
(213, '1048', '2019-04-02 11:04:06', 5, 3, 3, 1, 5, 3, 3, 5, 2, 1, 3, 1, 5, 4, 2, 5, 2, 2, 3, 2, 5, 3, 1, 2, 71, 'JOEL T. ACIBO'),
(214, '1625', '2019-04-02 12:04:04', 3, 2, 1, 2, 2, 2, 2, 2, 1, 2, 2, 2, 1, 1, 1, 1, 2, 1, 1, 1, 1, 1, 1, 1, 36, 'NEDEL C. JALANDONI'),
(215, '705', '2019-04-02 12:04:39', 1, 1, 4, 4, 3, 5, 3, 2, 4, 5, 3, 1, 2, 3, 5, 4, 3, 1, 4, 3, 5, 1, 1, 5, 73, 'FLORITO A. MINDAC'),
(216, '760', '2019-04-02 13:04:22', 4, 4, 3, 4, 3, 2, 2, 3, 3, 4, 2, 4, 3, 3, 3, 2, 2, 2, 2, 2, 1, 3, 2, 1, 64, 'GERALD P. TUVILLA'),
(217, '2320', '2019-04-02 13:04:52', 4, 3, 3, 1, 2, 2, 2, 4, 3, 3, 3, 2, 3, 2, 1, 1, 3, 4, 3, 4, 2, 3, 2, 3, 63, 'WILFREDO C. TUALE'),
(220, '627', '2019-04-02 13:04:32', 3, 2, 2, 5, 2, 3, 3, 4, 3, 3, 2, 3, 2, 1, 1, 2, 1, 2, 1, 4, 1, 1, 1, 2, 54, 'ERWIN D. TRAYVILLA'),
(221, '427', '2019-04-02 13:04:51', 3, 3, 2, 1, 3, 2, 2, 1, 3, 4, 3, 4, 2, 2, 1, 2, 2, 3, 3, 2, 3, 2, 3, 3, 59, 'DELIA R. ESNARDO'),
(222, '882', '2019-04-02 13:04:08', 3, 3, 3, 3, 3, 3, 3, 4, 2, 4, 3, 3, 1, 2, 3, 2, 3, 2, 3, 3, 2, 3, 3, 2, 66, 'ISIDRITA E. ALANANO'),
(223, '1718', '2019-04-02 13:04:26', 4, 2, 3, 4, 3, 3, 4, 4, 4, 3, 2, 3, 2, 3, 2, 4, 1, 1, 3, 3, 1, 3, 4, 3, 69, 'PACITA T. DELIMA'),
(224, '2194', '2019-04-02 13:04:27', 4, 4, 3, 4, 3, 4, 3, 4, 4, 4, 3, 3, 3, 3, 3, 3, 3, 3, 3, 4, 4, 3, 3, 3, 81, 'STEVE ALLAN O. POLINO'),
(225, '1652', '2019-04-02 13:04:23', 2, 2, 2, 2, 1, 2, 2, 3, 3, 1, 2, 2, 1, 2, 2, 2, 2, 2, 1, 2, 2, 1, 2, 2, 45, 'NESTOR N. ESPANTE'),
(227, '2275', '2019-04-02 13:04:42', 4, 3, 3, 3, 3, 3, 3, 4, 4, 3, 3, 4, 4, 4, 3, 3, 3, 3, 4, 3, 4, 4, 3, 4, 82, 'VILMA G. JORDAN'),
(228, '994', '2019-04-02 14:04:17', 3, 1, 1, 1, 3, 3, 2, 2, 3, 1, 1, 1, 3, 3, 1, 2, 1, 2, 2, 5, 1, 4, 1, 3, 50, 'JESSIE L. GARABATO'),
(229, '1358', '2019-04-02 14:04:55', 3, 1, 3, 1, 1, 1, 2, 1, 3, 1, 2, 2, 3, 3, 2, 2, 1, 3, 2, 4, 1, 1, 1, 1, 45, 'LORENZO T. MAPUTI'),
(231, '630', '2019-04-02 14:04:55', 2, 1, 2, 1, 5, 5, 4, 4, 4, 5, 3, 1, 2, 5, 1, 3, 4, 3, 2, 4, 4, 4, 4, 2, 75, 'ERWIN K. VILLAREAL'),
(232, '2306', '2019-04-02 14:04:19', 4, 3, 3, 2, 5, 1, 3, 4, 3, 3, 2, 2, 2, 3, 1, 2, 1, 2, 2, 3, 2, 1, 2, 2, 58, 'WAYNEE T. TRAVIÑA'),
(233, '1091', '2019-04-02 14:04:12', 2, 3, 1, 2, 3, 4, 3, 2, 4, 5, 1, 2, 3, 3, 3, 2, 3, 1, 4, 4, 2, 2, 3, 1, 63, 'JOHNREY T. GARAY'),
(234, '1160', '2019-04-02 15:04:19', 3, 3, 3, 1, 3, 3, 2, 3, 3, 4, 3, 4, 3, 4, 1, 2, 3, 3, 3, 3, 1, 1, 3, 1, 63, 'JOSEPH RICHARD Y. VILLAMIL'),
(235, '1968', '2019-04-02 15:04:23', 2, 3, 3, 3, 2, 2, 2, 3, 1, 3, 3, 3, 3, 4, 3, 4, 4, 3, 4, 4, 3, 3, 4, 3, 72, 'RODOLFO S. TEJE, JR'),
(236, '286', '2019-04-02 15:04:46', 5, 3, 5, 4, 1, 1, 1, 4, 1, 4, 4, 5, 5, 1, 2, 1, 2, 5, 2, 5, 2, 1, 3, 3, 70, 'CATHERINE I. VISTA'),
(237, '1448', '2019-04-02 16:04:52', 2, 1, 4, 4, 3, 2, 5, 4, 4, 4, 2, 2, 2, 3, 2, 3, 1, 2, 3, 5, 1, 1, 1, 3, 64, 'MARIA ELENA P. LLENA'),
(238, '1169', '2019-04-02 16:04:47', 3, 4, 4, 4, 4, 2, 4, 3, 5, 4, 2, 4, 3, 3, 4, 4, 4, 3, 3, 3, 2, 2, 2, 3, 79, 'JOSIE JEAN B. MAGTOLIS'),
(239, '482', '2019-04-02 16:04:37', 4, 4, 5, 4, 4, 3, 3, 4, 3, 4, 3, 3, 3, 3, 3, 3, 4, 3, 3, 2, 3, 3, 3, 3, 80, 'EDALIN L. DACULA'),
(240, '804', '2019-04-02 16:04:34', 4, 4, 3, 2, 4, 2, 3, 3, 3, 3, 3, 4, 4, 3, 3, 4, 3, 3, 3, 3, 3, 3, 4, 3, 77, 'GRACELYN C. BUCOL'),
(241, '144', '2019-04-02 16:04:29', 4, 2, 4, 4, 3, 3, 4, 3, 4, 3, 2, 4, 2, 3, 3, 2, 3, 2, 3, 3, 2, 3, 3, 3, 72, 'ANTONIETA I. GELA'),
(242, '1439', '2019-04-02 16:04:20', 4, 4, 4, 3, 5, 5, 4, 4, 4, 5, 4, 5, 5, 4, 5, 4, 5, 3, 4, 3, 4, 3, 4, 3, 98, 'MARGIE A. PASTORFIDE'),
(243, '1605', '2019-04-02 16:04:32', 3, 2, 2, 2, 3, 2, 3, 3, 2, 2, 2, 3, 2, 3, 2, 3, 2, 2, 3, 2, 2, 2, 2, 2, 56, 'MILDRED V. BLANCO'),
(244, '656', '2019-04-02 16:04:34', 3, 2, 3, 3, 3, 3, 3, 3, 2, 3, 3, 3, 3, 3, 3, 3, 3, 3, 3, 3, 3, 3, 3, 2, 69, 'EVANGELINE P. CAÑA'),
(245, '2297', '2019-04-03 09:04:26', 4, 1, 1, 4, 4, 3, 3, 4, 3, 5, 2, 3, 5, 3, 3, 5, 3, 4, 4, 4, 1, 3, 5, 2, 79, 'WALTER FLINT F. DIAO'),
(246, '304', '2019-04-03 09:04:57', 3, 4, 4, 4, 3, 3, 4, 4, 4, 4, 3, 4, 4, 4, 4, 3, 4, 4, 4, 4, 4, 5, 4, 3, 91, 'CHANDILYN C. GASENDO'),
(247, '22132', '2019-04-03 09:04:14', 3, 3, 3, 4, 2, 4, 3, 4, 3, 4, 3, 4, 5, 4, 3, 4, 3, 3, 4, 4, 4, 3, 4, 4, 85, 'ARLYN T. CASTRO'),
(248, '2213', '2019-04-03 09:04:56', 4, 2, 2, 4, 1, 3, 1, 4, 4, 2, 1, 3, 5, 2, 3, 1, 1, 2, 4, 1, 1, 1, 4, 1, 57, 'TEODORO P. BAYOGUIÑA, JR.'),
(249, '2166', '2019-04-03 09:04:21', 3, 3, 3, 3, 3, 3, 3, 3, 3, 4, 3, 3, 4, 3, 3, 3, 4, 3, 3, 3, 2, 3, 3, 3, 74, 'SHARMELA C. RIDAD'),
(250, '1337', '2019-04-03 10:04:39', 1, 2, 3, 1, 3, 2, 4, 1, 1, 2, 2, 4, 2, 2, 3, 1, 2, 1, 1, 1, 1, 1, 2, 2, 45, 'LINNIE T. OBANG'),
(251, '1209', '2019-04-03 10:04:32', 4, 3, 3, 3, 3, 2, 4, 3, 2, 4, 3, 3, 3, 4, 4, 3, 3, 3, 3, 4, 2, 3, 3, 3, 75, 'JULIE ANN B. QUINANOLA'),
(252, '1960', '2019-04-03 10:04:33', 3, 4, 4, 4, 3, 3, 4, 3, 3, 4, 4, 5, 3, 3, 4, 3, 4, 3, 3, 3, 3, 3, 3, 3, 82, 'RODELYN D. SIACOR'),
(253, '2222', '2019-04-03 10:04:06', 3, 3, 3, 4, 4, 4, 4, 4, 4, 3, 3, 4, 4, 3, 3, 4, 3, 3, 3, 3, 3, 2, 3, 4, 81, 'TERESITA V. DAYAONA'),
(254, '1263', '2019-04-03 10:04:55', 4, 3, 3, 5, 3, 3, 3, 3, 3, 4, 3, 4, 3, 4, 3, 3, 4, 3, 3, 3, 3, 3, 4, 3, 80, 'KEN M. CASTRO'),
(255, '2279', '2019-04-03 10:04:03', 3, 3, 3, 2, 3, 3, 4, 3, 4, 4, 4, 4, 4, 3, 3, 3, 3, 2, 2, 3, 3, 3, 3, 2, 74, 'VIOLA A. PALALON'),
(256, '383', '2019-04-03 10:04:11', 3, 3, 3, 4, 3, 5, 4, 4, 3, 5, 2, 1, 5, 1, 5, 1, 4, 2, 2, 2, 1, 1, 1, 2, 67, 'DANAH ALBHI JAY A. CREDO'),
(257, '1114', '2019-04-03 10:04:11', 3, 3, 3, 3, 3, 2, 3, 3, 3, 3, 2, 3, 2, 2, 3, 2, 2, 2, 2, 2, 2, 2, 2, 2, 59, 'JONATHAN K. BRIONES'),
(258, '2137', '2019-04-03 10:04:38', 4, 3, 3, 5, 2, 2, 3, 4, 5, 4, 3, 4, 1, 2, 1, 4, 2, 4, 4, 3, 4, 1, 4, 3, 75, 'RUSTICO RUSTY T. TIJING, II'),
(259, '1630', '2019-04-03 10:04:32', 3, 2, 2, 2, 2, 1, 2, 3, 1, 2, 2, 3, 2, 3, 2, 4, 3, 2, 3, 2, 2, 2, 3, 3, 56, 'NELIA L. ARNAIZ'),
(260, '588', '2019-04-03 10:04:05', 5, 2, 4, 4, 5, 3, 1, 4, 3, 4, 3, 5, 5, 3, 2, 4, 5, 5, 3, 1, 5, 3, 1, 1, 81, 'EMMANUEL C. OMONDANG'),
(261, '1970', '2019-04-03 10:04:35', 5, 3, 1, 3, 1, 1, 5, 5, 4, 3, 1, 5, 5, 1, 2, 5, 3, 1, 1, 1, 1, 1, 1, 1, 60, 'RODRIGO  N. DELOS REYES, JR.'),
(262, '1850', '2019-04-03 11:04:41', 1, 5, 1, 1, 1, 2, 2, 3, 1, 5, 3, 4, 1, 4, 1, 4, 2, 1, 2, 2, 1, 3, 1, 2, 53, 'RENE E. MAGTOLIS'),
(263, '1363', '2019-04-03 11:04:23', 1, 1, 3, 2, 3, 3, 2, 3, 2, 4, 2, 4, 1, 3, 3, 4, 3, 3, 4, 2, 1, 1, 1, 1, 57, 'LORRAINE L. ZAMORA'),
(264, '189', '2019-04-03 11:04:04', 4, 3, 3, 3, 3, 3, 3, 3, 3, 3, 3, 3, 3, 3, 3, 3, 3, 3, 3, 3, 3, 3, 3, 3, 73, 'ARNEL T. QUINDO'),
(265, '1380', '2019-04-03 11:04:52', 4, 3, 3, 1, 1, 2, 1, 1, 2, 4, 2, 2, 2, 2, 1, 1, 1, 1, 1, 3, 4, 2, 2, 2, 48, 'LUCIANO S. BEHAGAN'),
(266, '1347', '2019-04-03 11:04:34', 4, 2, 3, 3, 1, 3, 4, 4, 3, 5, 3, 5, 5, 3, 5, 4, 3, 3, 5, 5, 4, 4, 4, 4, 89, 'LOBELLA T. ILAGAN'),
(267, '1702', '2019-04-03 12:04:51', 2, 1, 2, 2, 1, 1, 2, 2, 1, 3, 2, 1, 1, 1, 2, 1, 2, 2, 2, 1, 1, 1, 1, 1, 36, 'NYMPHA L. RIDAD'),
(268, '702', '2019-04-03 12:04:17', 2, 2, 1, 3, 3, 3, 1, 3, 3, 4, 3, 5, 2, 3, 2, 3, 1, 2, 2, 2, 2, 2, 4, 4, 62, 'FLORDELIZA P. AGUILAR'),
(269, '1476', '2019-04-03 13:04:41', 3, 2, 3, 3, 2, 2, 3, 3, 3, 2, 3, 3, 4, 3, 3, 3, 4, 2, 3, 2, 2, 4, 3, 3, 68, 'MARICRIS G. BERTOSO'),
(270, '922', '2019-04-03 13:04:45', 3, 3, 4, 4, 3, 3, 3, 3, 3, 4, 3, 3, 3, 3, 3, 4, 2, 2, 2, 3, 3, 2, 2, 3, 71, 'JAVIER V. ABRASALDO, JR'),
(271, '531', '2019-04-03 13:04:26', 2, 3, 3, 4, 3, 4, 3, 3, 4, 4, 3, 4, 4, 4, 3, 4, 3, 3, 4, 4, 3, 3, 3, 3, 81, 'EDWIN T. HIBIONADA'),
(272, '796', '2019-04-03 13:04:37', 3, 4, 3, 3, 3, 3, 3, 3, 3, 4, 3, 3, 3, 3, 3, 3, 3, 3, 3, 3, 3, 3, 3, 3, 74, 'GLETCHEN ANNE T. PATAJO'),
(273, '1604', '2019-04-03 13:04:58', 4, 3, 3, 3, 3, 2, 3, 4, 4, 3, 3, 3, 3, 3, 3, 3, 4, 2, 3, 3, 2, 2, 4, 2, 72, 'MILDRED FE U. DORIA'),
(274, '1619', '2019-04-03 13:04:26', 4, 3, 3, 4, 3, 4, 4, 4, 4, 4, 4, 4, 5, 3, 3, 3, 3, 4, 3, 4, 4, 4, 4, 3, 88, 'NAPOLEON M. CAPULSO, JR.'),
(275, '1207', '2019-04-03 13:04:41', 4, 4, 4, 5, 3, 3, 4, 5, 5, 4, 4, 4, 4, 3, 4, 4, 3, 4, 3, 4, 2, 4, 4, 5, 93, 'JULIANA A. LAMIS'),
(276, '2171', '2019-04-03 13:04:18', 4, 3, 3, 3, 3, 3, 4, 4, 3, 4, 3, 4, 4, 4, 4, 3, 4, 5, 4, 3, 3, 3, 4, 3, 85, 'SHERMAINE T. FERRAREN'),
(277, '274', '2019-04-03 14:04:18', 4, 3, 4, 4, 4, 4, 4, 4, 5, 5, 3, 4, 4, 4, 5, 4, 3, 4, 4, 4, 5, 3, 3, 5, 96, 'CARMILLE M. ESPAÑOLA'),
(278, '693', '2019-04-03 14:04:25', 4, 4, 5, 3, 4, 4, 4, 4, 3, 3, 4, 3, 3, 3, 4, 4, 4, 3, 3, 3, 3, 3, 5, 3, 86, 'FIAH LEONOR B. CERRADO'),
(279, '1416', '2019-04-03 14:04:38', 4, 2, 4, 2, 3, 3, 3, 2, 2, 2, 2, 2, 2, 3, 4, 2, 2, 2, 3, 2, 2, 3, 2, 2, 60, 'MA. SUSAN B. ALMAGRO'),
(280, '1199', '2019-04-03 14:04:34', 3, 3, 3, 2, 3, 2, 3, 3, 4, 3, 2, 2, 2, 2, 3, 2, 2, 2, 2, 2, 2, 2, 2, 2, 58, 'JUDITH T. MONTECINO'),
(281, '272', '2019-04-03 14:04:12', 3, 3, 3, 2, 3, 2, 3, 3, 3, 3, 2, 3, 2, 3, 2, 2, 2, 2, 3, 2, 2, 2, 3, 2, 60, 'CARMEN C. DAGONDON'),
(282, '726', '2019-04-04 13:04:20', 4, 3, 4, 3, 3, 3, 3, 3, 3, 4, 3, 3, 3, 3, 4, 4, 4, 4, 3, 3, 3, 3, 4, 2, 79, 'FREDELYN T. MORGADO'),
(283, '1343', '2019-04-04 15:04:10', 1, 1, 1, 1, 3, 4, 4, 3, 5, 1, 2, 3, 1, 1, 5, 1, 2, 2, 3, 2, 1, 1, 1, 3, 52, 'LIZA A. PRESTIN'),
(284, '782', '2019-04-11 11:04:46', 1, 1, 1, 1, 1, 1, 2, 1, 1, 1, 1, 1, 1, 1, 1, 1, 1, 1, 1, 1, 1, 1, 1, 1, 25, 'GILDA B. RICOMONO'),
(285, '1324', '2019-04-11 11:04:06', 4, 4, 3, 4, 3, 3, 4, 5, 5, 5, 4, 5, 5, 4, 5, 3, 4, 5, 3, 5, 3, 5, 4, 4, 99, 'LEOSAM A. ANTONIO'),
(286, '1453', '2019-04-11 11:04:48', 3, 2, 3, 3, 2, 1, 3, 3, 3, 1, 1, 1, 2, 3, 2, 1, 1, 2, 1, 1, 1, 1, 1, 1, 43, 'MARIA JUVELYN A. TOLENTINO'),
(287, '1013', '2019-04-11 11:04:41', 1, 3, 1, 1, 4, 1, 4, 3, 5, 4, 1, 3, 2, 2, 2, 2, 5, 4, 2, 2, 4, 5, 3, 3, 67, 'JINKY V. VILLANUEVA'),
(288, '928', '2019-04-11 11:04:54', 4, 5, 3, 2, 4, 1, 4, 2, 3, 2, 3, 5, 2, 4, 1, 1, 1, 1, 2, 1, 1, 1, 1, 2, 56, 'JAY N. ENTAC'),
(289, '1460', '2019-04-11 11:04:50', 3, 2, 2, 3, 2, 2, 2, 3, 2, 2, 2, 3, 3, 3, 2, 2, 3, 2, 2, 2, 2, 3, 3, 2, 57, 'MARIA SHEILA S. TORRILLO'),
(290, '2197', '2019-04-11 11:04:40', 2, 2, 2, 2, 2, 2, 3, 2, 2, 2, 2, 4, 2, 4, 3, 2, 2, 2, 2, 5, 2, 1, 2, 2, 56, 'SUSAN C. LIBO-ON'),
(291, '1201', '2019-04-11 11:04:24', 1, 2, 2, 1, 1, 2, 2, 2, 1, 2, 1, 3, 2, 2, 2, 1, 3, 2, 1, 2, 3, 3, 2, 1, 44, 'JUDITHA B. DEMACLID'),
(292, '332', '2019-04-11 14:04:24', 5, 3, 2, 4, 4, 4, 2, 4, 3, 4, 1, 3, 4, 1, 1, 3, 3, 1, 3, 1, 2, 1, 1, 3, 63, 'CHRISTINE M. TENEFRANCIA'),
(293, '1403', '2019-04-11 14:04:57', 2, 3, 1, 1, 2, 3, 3, 2, 1, 2, 3, 3, 3, 4, 3, 2, 1, 1, 3, 2, 3, 2, 4, 2, 56, 'MA. DESIREE B. YEE'),
(294, '23', '2019-04-11 15:04:56', 1, 2, 3, 2, 3, 4, 4, 2, 1, 1, 2, 3, 3, 4, 1, 1, 3, 4, 1, 2, 4, 2, 3, 2, 58, 'AGNES A. BULISIG'),
(295, '1318', '2019-04-11 15:04:46', 3, 5, 1, 4, 1, 3, 3, 1, 1, 4, 3, 3, 2, 1, 2, 4, 1, 1, 1, 5, 1, 1, 3, 5, 59, 'LEONIDA V. PALOMARES'),
(296, '1647', '2019-04-11 15:04:31', 2, 1, 3, 1, 1, 1, 2, 3, 2, 2, 2, 3, 2, 2, 1, 1, 2, 2, 3, 3, 2, 1, 2, 2, 46, 'NENITA G. NORICO'),
(297, '1549', '2019-04-11 15:04:07', 3, 3, 3, 3, 3, 4, 4, 3, 3, 4, 3, 3, 3, 3, 3, 3, 3, 3, 3, 3, 3, 3, 4, 3, 76, 'MARY JEAN C. MORTILLERO'),
(298, '1428', '2019-04-11 15:04:57', 1, 2, 5, 5, 2, 2, 4, 5, 3, 3, 2, 4, 3, 3, 1, 4, 5, 5, 5, 5, 1, 5, 3, 4, 82, 'MANUELITO M. BAJAS'),
(299, '571', '2019-04-11 15:04:25', 4, 3, 3, 4, 3, 3, 3, 3, 3, 3, 3, 1, 4, 3, 3, 3, 3, 3, 3, 3, 3, 4, 3, 3, 74, 'EMA LOU A. VALDEHUEZA'),
(300, '1704', '2019-04-11 15:04:23', 3, 3, 3, 4, 3, 4, 4, 3, 3, 5, 3, 4, 4, 4, 3, 3, 3, 3, 3, 3, 2, 4, 4, 3, 81, 'OLIBETH C. SUETA');

-- --------------------------------------------------------

--
-- Table structure for table `corefucndata`
--

CREATE TABLE `corefucndata` (
  `cfd_id` int(11) NOT NULL,
  `type` varchar(255) NOT NULL,
  `p_id` int(11) NOT NULL,
  `empId` int(11) NOT NULL,
  `actualAcc` text NOT NULL,
  `Q` varchar(225) NOT NULL,
  `E` varchar(225) NOT NULL,
  `T` varchar(225) NOT NULL,
  `remarks` text NOT NULL
) ENGINE=InnoDB DEFAULT CHARSET=latin1;

--
-- Dumping data for table `corefucndata`
--

INSERT INTO `corefucndata` (`cfd_id`, `type`, `p_id`, `empId`, `actualAcc`, `Q`, `E`, `T`, `remarks`) VALUES
(5, '', 11, 1292, '	All budgetary requirements & limitations complied \n1.) 20% EDF \n2.) 5% CDRRMF\n3.) 2% Discretionary Fund\n4.) GAD Mainstreaming (5%)\n5.) Confidential Fund Limitation\n6.) LCPC (1%)\n7.) Provision for Sr. Citizen / PWD\n8.) Provision for Statutory& Contractual Obligation\n9.)PS Limitation\nAB submitted to SP on Oct. 16, 2019', '', '2', '5', ''),
(6, '', 16, 1360, '	Minutes prepared with no revision in 3 working days from the conduct of meeting', '3', '5', '5', ''),
(8, '', 12, 1360, 'Actual budget utilization per office prepared accurately & available on May 22.', '5', '', '5', ''),
(9, '', 13, 1360, 'PS Limitation computed accurately & available on May 31.\n\n', '5', '', '5', ''),
(10, '', 14, 1360, 'Budget Ceiling Prepared 4 errors &\nAvailable after deadline', '1', '', '2', '');

-- --------------------------------------------------------

--
-- Table structure for table `corefunctions`
--

CREATE TABLE `corefunctions` (
  `cf_ID` int(11) NOT NULL,
  `mfo_periodId` int(11) NOT NULL,
  `parent_id` varchar(225) NOT NULL,
  `dep_id` int(11) NOT NULL,
  `cf_count` varchar(255) NOT NULL,
  `cf_title` varchar(255) NOT NULL
) ENGINE=InnoDB DEFAULT CHARSET=latin1;

--
-- Dumping data for table `corefunctions`
--

INSERT INTO `corefunctions` (`cf_ID`, `mfo_periodId`, `parent_id`, `dep_id`, `cf_count`, `cf_title`) VALUES
(27, 10, '', 5, 'I', 'Budgeting Services'),
(28, 10, '27', 5, '1.', 'Budget Preparation'),
(29, 10, '28', 5, '1.1', 'Annual Budget Prepared and Submitted'),
(30, 10, '29', 5, '1.1.1.', 'Actual budget utilization of appropriation per office prepared'),
(31, 10, '29', 5, '1.1.2', 'PS Limitation Computed'),
(32, 10, '29', 5, '1.1.3. ', 'Budgetary Ceiling Prepared'),
(33, 10, '29', 5, '1.1.4.', 'PS Budgetary requirement for the Ensuing Budget Year prepared'),
(36, 10, '29', 5, '1.1.5', ' Minutes Prepared'),
(37, 10, '29', 5, '1.1.6.', ' Minutes Prepared'),
(38, 10, '29', 5, '1.1.7.', 'Visual Aid during Budget Hearings Prepared.'),
(39, 10, '29', 5, '1.1.8.', ' Annual Budget Message Encoded'),
(40, 10, '29', 5, '1.1.9.', 'Annual Budget Proposals Consolidated'),
(41, 10, '29', 5, '1.1.10', ' Local Budget Preparation Forms Prepared'),
(42, 10, '29', 5, '1.1.11.', 'Local Expenditure Program Prepared'),
(43, 10, '29', 5, '1.1.12', 'Annual Budget Completed & Submitted'),
(44, 10, '27', 5, '2.', 'Budget Execution'),
(45, 10, '44', 5, '2.1', 'Allotment released'),
(53, 10, '28', 5, '1.2.', 'Approved Supplemental Budget Completed and Re-submitted to SP'),
(54, 10, '53', 5, '1.2.1.', ' Registry of supplemental budget request maintained'),
(55, 10, '53', 5, '1.2.3', ' Request for supplemental budget prepared'),
(56, 10, '55', 5, '1.2.4.', 'Supplemental Budget Forms Prepared (LBPF # 8 & 9)'),
(57, 10, '53', 5, '1.2.4.', 'Supplemental Budget Forms Prepared (LBPF # 8 & 9)'),
(58, 10, '53', 5, '1.2.5.', 'Approved Supplemental Budget completed and Re-submitted to SP'),
(59, 10, '53', 5, '1.2.6. ', 'Approved Supplemental Budget completed and disseminated'),
(60, 10, '45', 5, '2.1.1. ', 'POW, RD & PPMP reviewed'),
(61, 10, '45', 5, '2.1.2.', 'Allotment Release Order Issued'),
(62, 10, '45', 5, '2.1.3.', 'Summary of Financial and Physical Performance Target prepared.'),
(63, 10, '45', 5, '2.1.4.', 'Amended /revised POW, RD & PPMP reviewed'),
(67, 12, '', 5, 'I', 'Budgeting services'),
(68, 12, '', 2, 'I', 'Budgeting Services'),
(70, 10, '67', 5, '1.', 'Budgeting Preparation'),
(71, 12, '70', 5, '1.1', 'Annual Budget Prepared'),
(73, 10, '', 13, '', 'Administrative'),
(74, 10, '', 13, '', 'budgeting'),
(75, 2, '', 15, '', ''),
(77, 10, '73', 13, '', 'Approval'),
(78, 2, '', 15, '1', '1.) Reviewing and  validation Travel Orders (TOs)'),
(81, 2, '', 15, '1', ' Reviewing,  Checking Casuals  and  Job Orders Payrolls');

-- --------------------------------------------------------

--
-- Table structure for table `department`
--

CREATE TABLE `department` (
  `department_id` int(11) NOT NULL,
  `department` varchar(255) COLLATE utf8_swedish_ci DEFAULT NULL
) ENGINE=InnoDB DEFAULT CHARSET=utf8 COLLATE=utf8_swedish_ci;

--
-- Dumping data for table `department`
--

INSERT INTO `department` (`department_id`, `department`) VALUES
(1, 'City Administrator\'s Office'),
(2, 'City Accounting Office'),
(3, 'City Mayor\'s Office - Information Technology Office'),
(4, 'City Agriculture Office'),
(5, 'City Budget Office'),
(6, 'City Treasurer\'s Office'),
(7, 'City Assessor\'s Office'),
(8, 'City Social Welfare & Development Office'),
(9, 'City Engineering Office'),
(10, 'City Veterinary Office'),
(11, 'City Health Office'),
(12, 'City Civil Registry Office'),
(13, 'City Environment & Natural Resources Office'),
(14, 'City Legal Office'),
(15, 'City Mayor\'s Office'),
(16, 'SP and City Vice Mayor\'s Office'),
(17, 'City Cooperative and Manpower Development Office'),
(18, 'City Public Safety Office'),
(19, 'City Planning and Development Office'),
(20, 'Local Disaster and Risk Reduction Management Office'),
(21, 'City General Services Office'),
(22, 'Public Market & Slaughterhouse'),
(23, 'City Administrator\'s Office - Bids and Awards Committee Office'),
(26, 'IASS (City Mayor\'s Office)'),
(27, 'City Administrator\'s Office - Culture & Heritage, Investment Promotion & Tourism Office'),
(28, 'City Administrator\'s Office - Human Resource Management Office'),
(30, 'National Agencies'),
(31, 'DepEd/Bayawan National High School');

-- --------------------------------------------------------

--
-- Table structure for table `employees`
--

CREATE TABLE `employees` (
  `employees_id` int(11) NOT NULL,
  `firstName` varchar(256) COLLATE utf8_swedish_ci DEFAULT NULL,
  `lastName` varchar(256) COLLATE utf8_swedish_ci DEFAULT NULL,
  `middleName` varchar(255) COLLATE utf8_swedish_ci DEFAULT NULL,
  `extName` varchar(255) COLLATE utf8_swedish_ci DEFAULT NULL,
  `gender` tinytext COLLATE utf8_swedish_ci,
  `status` tinytext COLLATE utf8_swedish_ci,
  `employmentStatus` tinytext COLLATE utf8_swedish_ci,
  `department_id` int(11) DEFAULT NULL,
  `position_id` longtext COLLATE utf8_swedish_ci,
  `natureOfAssignment` tinytext COLLATE utf8_swedish_ci,
  `dateActivated` date NOT NULL,
  `dateInactivated` date NOT NULL,
  `dateIPCR` date NOT NULL
) ENGINE=InnoDB DEFAULT CHARSET=utf8 COLLATE=utf8_swedish_ci;

--
-- Dumping data for table `employees`
--

INSERT INTO `employees` (`employees_id`, `firstName`, `lastName`, `middleName`, `extName`, `gender`, `status`, `employmentStatus`, `department_id`, `position_id`, `natureOfAssignment`, `dateActivated`, `dateInactivated`, `dateIPCR`) VALUES
(1, 'AARON', 'DIAO', 'K.', '', 'MALE', 'ACTIVE', 'PERMANENT', 11, '13', 'RANK & FILE', '0000-00-00', '0000-00-00', '0000-00-00'),
(7, 'ABUNDIO', 'AWAS', 'P.', 'JR.', 'MALE', 'ACTIVE', 'CASUAL', 13, '200', 'RANK & FILE', '0000-00-00', '0000-00-00', '0000-00-00'),
(12, 'ADONES', 'YANSON', 'P.', '', 'MALE', 'ACTIVE', 'CASUAL', 9, '200', 'RANK & FILE', '0000-00-00', '0000-00-00', '0000-00-00'),
(15, 'ADONIS', 'ORACION', 'G.', '', 'MALE', 'ACTIVE', 'PERMANENT', 19, '163', 'SUPERVISORY', '0000-00-00', '0000-00-00', '0000-00-00'),
(17, 'ADONIS', 'BELINGAN', 'V.', '', 'MALE', 'ACTIVE', 'PERMANENT', 21, '47', 'RANK & FILE', '0000-00-00', '0000-00-00', '0000-00-00'),
(20, 'ADRIAN MICHELE', 'ARBON', 'P.', '', 'MALE', 'ACTIVE', 'CASUAL', 16, '200', 'RANK & FILE', '0000-00-00', '0000-00-00', '0000-00-00'),
(21, 'ADRIAN', 'ENRIQUEZ', 'S.', '', 'MALE', 'ACTIVE', 'PERMANENT', 4, '36', 'SUPERVISORY', '0000-00-00', '0000-00-00', '0000-00-00'),
(23, 'AGNES', 'BULISIG', 'A.', '', 'FEMALE', 'ACTIVE', 'PERMANENT', 8, '181', 'SUPERVISORY', '0000-00-00', '0000-00-00', '0000-00-00'),
(24, 'AGNES', 'OBLINO', 'T.', '', 'FEMALE', 'ACTIVE', 'CASUAL', 13, '200', 'RANK & FILE', '0000-00-00', '0000-00-00', '0000-00-00'),
(26, 'AILEEN', 'SABIDONG', 'B.', '', 'FEMALE', 'ACTIVE', 'CASUAL', 23, '200', 'RANK & FILE', '0000-00-00', '0000-00-00', '0000-00-00'),
(31, 'AKEEM', 'JAMANDRON', '.', '', NULL, 'INACTIVE', 'PERMANENT', NULL, NULL, NULL, '0000-00-00', '0000-00-00', '0000-00-00'),
(33, 'ALAN', 'LAMAG', 'T.', '', 'MALE', 'ACTIVE', 'PERMANENT', 21, '50', 'RANK & FILE', '0000-00-00', '0000-00-00', '0000-00-00'),
(37, 'ALBERT', 'FERRAREN', 'E.', '', 'MALE', 'ACTIVE', 'CASUAL', 21, '200', 'RANK & FILE', '0000-00-00', '0000-00-00', '0000-00-00'),
(38, 'ALBERT', 'VALOR', 'T.', '', 'MALE', 'ACTIVE', 'CASUAL', 21, '200', 'RANK & FILE', '0000-00-00', '0000-00-00', '0000-00-00'),
(40, 'ALBERTO', 'ACABAL', 'A.', 'JR', 'MALE', 'ACTIVE', 'PERMANENT', 21, '47', 'RANK & FILE', '0000-00-00', '0000-00-00', '0000-00-00'),
(47, 'ALE', 'GAÑEDA', 'C.', '', 'MALE', 'INACTIVE', 'CASUAL', 18, '200', 'RANK & FILE', '0000-00-00', '2019-06-24', '0000-00-00'),
(48, 'ALE', 'POTESTAS', 'M.', '', NULL, 'INACTIVE', 'PERMANENT', NULL, NULL, NULL, '0000-00-00', '0000-00-00', '0000-00-00'),
(50, 'ALEJANDRO', 'BELOCURA', '.', '', 'MALE', 'ACTIVE', 'CASUAL', 9, '200', 'RANK & FILE', '0000-00-00', '0000-00-00', '0000-00-00'),
(64, 'ALEX', 'TORREDA', 'H.', '', 'MALE', 'ACTIVE', 'PERMANENT', 14, '46', 'RANK & FILE', '0000-00-00', '0000-00-00', '0000-00-00'),
(67, 'ALEXANDER', 'OCTAVIANO', 'J.', '', 'MALE', 'ACTIVE', 'PERMANENT', 7, '123', 'SUPERVISORY', '0000-00-00', '0000-00-00', '0000-00-00'),
(68, 'ALEXANDER', 'DURAN', 'S.', '', 'MALE', 'ACTIVE', 'CASUAL', 15, '200', 'RANK & FILE', '0000-00-00', '0000-00-00', '0000-00-00'),
(69, 'ALFE', 'NAVARRO', 'V.', '', 'MALE', 'ACTIVE', 'CASUAL', 21, '200', 'RANK & FILE', '0000-00-00', '0000-00-00', '0000-00-00'),
(74, 'ALFREDO', 'INDINO', 'B.', '', 'MALE', 'ACTIVE', 'CASUAL', 9, '200', 'RANK & FILE', '0000-00-00', '0000-00-00', '0000-00-00'),
(75, 'ALFREDO', 'MISSION', 'E.', '', 'MALE', 'ACTIVE', 'CASUAL', 18, '200', 'RANK & FILE', '0000-00-00', '0000-00-00', '0000-00-00'),
(76, 'ALFREDO', 'TRAYVILLA', 'F.', '', 'MALE', 'INACTIVE', 'PERMANENT', 2, '17', 'SUPERVISORY', '0000-00-00', '2019-05-08', '0000-00-00'),
(80, 'ALLAIN MICHAEL', 'ARBON', 'P.', '', 'MALE', 'ACTIVE', 'CASUAL', 4, '200', 'RANK & FILE', '0000-00-00', '0000-00-00', '0000-00-00'),
(83, 'ALLAN', 'TORREDA', 'H.', '', 'MALE', 'ACTIVE', 'PERMANENT', 12, '62', 'RANK & FILE', '0000-00-00', '0000-00-00', '0000-00-00'),
(85, 'ALLANDALE', 'CALARAMO', 'N.', '', 'MALE', 'ACTIVE', 'PERMANENT', 1, '28', 'SUPERVISORY', '0000-00-00', '0000-00-00', '0000-00-00'),
(86, 'ALMA', 'CRISOSTOMO', 'D.', '', 'FEMALE', 'ACTIVE', 'PERMANENT', 2, '10', 'RANK & FILE', '0000-00-00', '0000-00-00', '0000-00-00'),
(90, 'ALVIN', 'HORTEZUELA', 'C.', '', 'MALE', 'ACTIVE', 'CASUAL', 4, '200', 'RANK & FILE', '0000-00-00', '0000-00-00', '0000-00-00'),
(91, 'ALVIN', 'ATIENZA', 'G.', '', 'MALE', 'ACTIVE', 'CASUAL', 4, '200', 'RANK & FILE', '0000-00-00', '0000-00-00', '0000-00-00'),
(92, 'ALWYNN', 'ARBON', 'P.', '', 'MALE', 'ACTIVE', 'CASUAL', 30, '200', 'RANK & FILE', '0000-00-00', '0000-00-00', '0000-00-00'),
(97, 'AMELYN', 'PATIGAYON', 'T.', '', 'FEMALE', 'ACTIVE', 'PERMANENT', 2, '21', 'RANK & FILE', '0000-00-00', '0000-00-00', '0000-00-00'),
(99, 'AMORSOLO', 'OSTIQUE', 'B.', '', 'MALE', 'ACTIVE', 'CASUAL', 18, '200', 'RANK & FILE', '0000-00-00', '0000-00-00', '0000-00-00'),
(102, 'ANALIE', 'LAMIS', 'G.', '', 'FEMALE', 'INACTIVE', 'PERMANENT', 16, '144', 'RANK & FILE', '0000-00-00', '2019-07-01', '0000-00-00'),
(110, 'ANDREI GLEVE', 'PATAJO', 'T.', '', 'MALE', 'ACTIVE', 'CASUAL', 19, '200', 'RANK & FILE', '0000-00-00', '0000-00-00', '0000-00-00'),
(118, 'ANGELA', 'SALINAS', 'G.', '', 'FEMALE', 'ACTIVE', 'CASUAL', 12, '200', 'RANK & FILE', '0000-00-00', '0000-00-00', '0000-00-00'),
(124, 'ANGELO', 'ANTIQUE', 'G.', '', 'MALE', 'ACTIVE', 'PERMANENT', 15, '135', 'SUPERVISORY', '0000-00-00', '0000-00-00', '0000-00-00'),
(125, 'ANGELO', 'GASENDO', 'P.', '', 'MALE', 'ACTIVE', 'PERMANENT', 15, '185', 'SUPERVISORY', '0000-00-00', '0000-00-00', '0000-00-00'),
(128, 'ANITA', 'PAEL', 'G.', '', 'FEMALE', 'ACTIVE', 'CASUAL', 7, '200', 'RANK & FILE', '0000-00-00', '0000-00-00', '0000-00-00'),
(133, 'ANNIVIE', 'YANGSON', 'Q.', '', 'FEMALE', 'ACTIVE', 'PERMANENT', 4, '13', 'RANK & FILE', '0000-00-00', '0000-00-00', '0000-00-00'),
(143, 'ANTHONY', 'DIANSON', 'G.', '', 'MALE', 'ACTIVE', 'PERMANENT', 9, '53', 'RANK & FILE', '0000-00-00', '0000-00-00', '0000-00-00'),
(144, 'ANTONIETA', 'GELA', 'I.', '', 'FEMALE', 'ACTIVE', 'PERMANENT', 11, '157', 'RANK & FILE', '0000-00-00', '0000-00-00', '0000-00-00'),
(151, 'ANTONIO', 'PASIGUE', 'A.', '', 'MALE', 'ACTIVE', 'CASUAL', 21, '200', 'RANK & FILE', '0000-00-00', '0000-00-00', '0000-00-00'),
(152, 'ANTONIO', 'AGUILAR', 'S.', 'JR', 'MALE', 'ACTIVE', 'PERMANENT', 9, '201', 'SUPERVISORY', '0000-00-00', '0000-00-00', '0000-00-00'),
(153, 'ANTONIO', 'BERTOSO', 'S.', 'JR', 'MALE', 'INACTIVE', 'PERMANENT', 4, '37', 'SUPERVISORY', '0000-00-00', '2019-05-01', '0000-00-00'),
(154, 'ANVELYN', 'PEROL', 'M.', '', 'FEMALE', 'ACTIVE', 'CASUAL', 1, '200', 'RANK & FILE', '0000-00-00', '0000-00-00', '0000-00-00'),
(156, 'APRIL MARIE', 'PACAÑA', 'B.', '', 'FEMALE', 'ACTIVE', 'CASUAL', 11, '200', 'RANK & FILE', '0000-00-00', '0000-00-00', '0000-00-00'),
(164, 'ARCHIE LEONID', 'TIJING', 'T.', '', 'MALE', 'ACTIVE', 'CASUAL', 5, '200', 'RANK & FILE', '0000-00-00', '0000-00-00', '0000-00-00'),
(165, 'ARELIANO', 'AMAMAG-ID', 'B.', '', 'MALE', 'ACTIVE', 'CASUAL', 4, '200', 'RANK & FILE', '0000-00-00', '0000-00-00', '0000-00-00'),
(166, 'ARGEL JOSEPH', 'PIÑERO', 'L.', '', 'MALE', 'ACTIVE', 'PERMANENT', 6, '168', 'RANK & FILE', '0000-00-00', '0000-00-00', '0000-00-00'),
(172, 'ARIEL', 'SALAW', 'R.', '', 'MALE', 'ACTIVE', 'PERMANENT', 2, '11', 'SUPERVISORY', '0000-00-00', '0000-00-00', '0000-00-00'),
(173, 'ARIEL', 'RODRIGUEZ', 'S.', 'SR.', 'MALE', 'ACTIVE', 'CASUAL', 22, '200', 'RANK & FILE', '0000-00-00', '0000-00-00', '0000-00-00'),
(181, 'ARMANDO', 'DELA CRUZ', 'P.', '', 'MALE', 'ACTIVE', 'PERMANENT', 15, '10', 'RANK & FILE', '0000-00-00', '0000-00-00', '0000-00-00'),
(182, 'ARMEGILDO', 'AGDON', 'B.', '', 'MALE', 'ACTIVE', 'PERMANENT', 21, '89', 'SUPERVISORY', '0000-00-00', '0000-00-00', '0000-00-00'),
(183, 'ARMELY MARIE', 'BALUCOS', 'C.', '', 'FEMALE', 'ACTIVE', 'PERMANENT', 6, '168', 'RANK & FILE', '0000-00-00', '0000-00-00', '0000-00-00'),
(184, 'ARMIN', 'QUARTERO', 'A.', '', 'MALE', 'ACTIVE', 'CASUAL', 21, '200', 'RANK & FILE', '0000-00-00', '0000-00-00', '0000-00-00'),
(187, 'ARNEL ANTONIO', 'GOTLADERA', 'Q.', '', 'MALE', 'ACTIVE', 'PERMANENT', 6, '37', 'SUPERVISORY', '0000-00-00', '0000-00-00', '0000-00-00'),
(189, 'ARNEL', 'QUINDO', 'T.', '', 'MALE', 'ACTIVE', 'PERMANENT', 21, '70', 'RANK & FILE', '0000-00-00', '0000-00-00', '0000-00-00'),
(195, 'ARNOLD', 'TORREQUEMADA', 'B.', '', 'MALE', 'ACTIVE', 'PERMANENT', 7, '37', 'SUPERVISORY', '0000-00-00', '0000-00-00', '0000-00-00'),
(196, 'ARNOLD', 'MENDEZ', 'M.', '', NULL, 'INACTIVE', 'PERMANENT', NULL, NULL, NULL, '0000-00-00', '0000-00-00', '0000-00-00'),
(197, 'ARTAGNAN', 'PINILI', 'S.', '', 'MALE', 'ACTIVE', 'PERMANENT', 3, '135', 'SUPERVISORY', '0000-00-00', '0000-00-00', '0000-00-00'),
(198, 'ARTEMIO', 'SOLAMILLO', 'C.', '', 'MALE', 'INACTIVE', 'CASUAL', 18, '200', 'RANK & FILE', '0000-00-00', '2019-06-05', '0000-00-00'),
(199, 'ARTHUR', 'HOYOHOY', 'S.', '', 'MALE', 'ACTIVE', 'PERMANENT', 13, '10', 'RANK & FILE', '0000-00-00', '0000-00-00', '0000-00-00'),
(202, 'ARVIN', 'JAMANDRON', 'L.', '', 'MALE', 'ACTIVE', 'CASUAL', 31, '200', 'RANK & FILE', '0000-00-00', '0000-00-00', '0000-00-00'),
(207, 'ATILANO JUDE', 'CABANGAL', 'S.', '', 'MALE', 'ACTIVE', 'PERMANENT', 27, '187', 'SUPERVISORY', '0000-00-00', '0000-00-00', '0000-00-00'),
(212, 'AXEL', 'ALCANTARA', 'B.', '', 'MALE', 'ACTIVE', 'PERMANENT', 5, '55', 'RANK & FILE', '0000-00-00', '0000-00-00', '0000-00-00'),
(221, 'BENJAMIN ARSENIO', 'FLORES', 'T.', '', 'MALE', 'ACTIVE', 'CASUAL', 30, '200', 'RANK & FILE', '0000-00-00', '0000-00-00', '0000-00-00'),
(227, 'BERNADITA', 'TRAYVILLA', 'D.', '', 'FEMALE', 'ACTIVE', 'PERMANENT', 2, '24', 'RANK & FILE', '0000-00-00', '0000-00-00', '0000-00-00'),
(228, 'BERNANDINO', 'BUSMION', 'B.', '', 'MALE', 'ACTIVE', 'PERMANENT', 21, '59', 'RANK & FILE', '0000-00-00', '0000-00-00', '0000-00-00'),
(231, 'BERNARDO', 'ACABAL', 'A.', '', 'MALE', 'ACTIVE', 'PERMANENT', 6, '10', 'RANK & FILE', '0000-00-00', '0000-00-00', '0000-00-00'),
(235, 'BERTULFO', 'BALTERO', 'E.', '', 'MALE', 'INACTIVE', 'CASUAL', 4, '200', 'RANK & FILE', '0000-00-00', '2019-07-03', '0000-00-00'),
(237, 'BIENVINIDA', 'DANDAN', 'S.', '', 'FEMALE', 'ACTIVE', 'CASUAL', 1, '200', 'RANK & FILE', '0000-00-00', '0000-00-00', '0000-00-00'),
(240, 'BOB', 'PORTUGALEZA', 'G.', '', 'MALE', 'ACTIVE', 'PERMANENT', 19, '55', 'RANK & FILE', '0000-00-00', '0000-00-00', '0000-00-00'),
(241, 'BOBBY', 'GRACIADAS', 'Q.', '', 'MALE', 'ACTIVE', 'PERMANENT', 9, '133', 'RANK & FILE', '0000-00-00', '0000-00-00', '0000-00-00'),
(249, 'BRENDO', 'SARAÑA', 'F.', '', 'MALE', 'ACTIVE', 'CASUAL', 13, '200', 'RANK & FILE', '0000-00-00', '0000-00-00', '0000-00-00'),
(252, 'BRIAN', 'CADUNGOG', 'S.', '', 'MALE', 'ACTIVE', 'PERMANENT', 30, '47', '', '0000-00-00', '0000-00-00', '0000-00-00'),
(253, 'BRYAN RAUL', 'TIJING', 'T.', '', 'MALE', 'ACTIVE', 'CASUAL', 22, '200', 'RANK & FILE', '0000-00-00', '0000-00-00', '0000-00-00'),
(256, 'BUENSOCESO', 'TORALDE ', 'T.', 'JR.', 'MALE', 'ACTIVE', 'CASUAL', 23, '200', 'RANK & FILE', '0000-00-00', '2018-04-01', '2015-10-01'),
(261, 'CAREN', 'BORRIS', 'S.', '', 'FEMALE', 'ACTIVE', 'CASUAL', 11, '200', 'RANK & FILE', '0000-00-00', '0000-00-00', '0000-00-00'),
(266, 'CARLITO', 'CABASAG', 'D.', '', 'MALE', 'ACTIVE', 'PERMANENT', 9, '59', 'RANK & FILE', '0000-00-00', '0000-00-00', '0000-00-00'),
(267, 'CARLITO', 'DELA CRUZ', 'D.', '', 'MALE', 'ACTIVE', 'CASUAL', 13, '200', 'RANK & FILE', '0000-00-00', '0000-00-00', '0000-00-00'),
(269, 'CARLO', 'GELVORIA', 'S.', '', 'MALE', 'INACTIVE', 'CASUAL', 22, '200', 'RANK & FILE', '0000-00-00', '2019-01-17', '0000-00-00'),
(271, 'CARMELITA', 'OGOC', 'Y.', '', 'FEMALE', 'ACTIVE', 'PERMANENT', 12, '167', 'SUPERVISORY', '0000-00-00', '0000-00-00', '0000-00-00'),
(272, 'CARMEN', 'DAGONDON', 'C.', '', 'FEMALE', 'ACTIVE', 'PERMANENT', 11, '157', 'RANK & FILE', '0000-00-00', '0000-00-00', '0000-00-00'),
(274, 'CARMILLE', 'ESPAÑOLA', 'M.', '', 'FEMALE', 'ACTIVE', 'PERMANENT', 11, '157', 'RANK & FILE', '0000-00-00', '0000-00-00', '0000-00-00'),
(278, 'CAROLYN', 'CABARON', 'S.', '', 'FEMALE', 'ACTIVE', 'CASUAL', 30, '200', 'RANK & FILE', '0000-00-00', '0000-00-00', '0000-00-00'),
(279, 'CASIMERO', 'CUBID', 'T.', 'JR', 'MALE', 'ACTIVE', 'PERMANENT', 9, '199', 'SUPERVISORY', '0000-00-00', '0000-00-00', '0000-00-00'),
(284, 'CATALINO', 'ELUM', 'C.', '', 'MALE', 'ACTIVE', 'PERMANENT', 19, '26', 'SUPERVISORY', '0000-00-00', '0000-00-00', '0000-00-00'),
(286, 'CATHERINE', 'VISTA', 'I.', '', 'FEMALE', 'ACTIVE', 'PERMANENT', 21, '80', 'RANK & FILE', '0000-00-00', '0000-00-00', '0000-00-00'),
(290, 'CECILE', 'SAGANG', 'J.', '', 'FEMALE', 'ACTIVE', 'PERMANENT', 17, '55', 'RANK & FILE', '0000-00-00', '0000-00-00', '0000-00-00'),
(292, 'CECILIO', 'QUIJANO', 'P.', '', 'MALE', 'ACTIVE', 'CASUAL', 9, '200', 'RANK & FILE', '0000-00-00', '0000-00-00', '0000-00-00'),
(298, 'CERILO', 'TOLOSA', 'M.', 'SR', 'MALE', 'INACTIVE', 'PERMANENT', 16, '144', 'RANK & FILE', '0000-00-00', '2019-07-01', '0000-00-00'),
(304, 'CHANDILYN', 'GASENDO', 'C.', '', 'FEMALE', 'ACTIVE', 'PERMANENT', 11, '158', 'SUPERVISORY', '0000-00-00', '0000-00-00', '0000-00-00'),
(306, 'CHARINA MAY', 'JARDINIANO', 'T.', '', 'FEMALE', 'ACTIVE', 'CASUAL', 30, '200', 'RANK & FILE', '0000-00-00', '0000-00-00', '0000-00-00'),
(312, 'CHARLIE', 'BACOR', 'T.', '', 'MALE', 'ACTIVE', 'PERMANENT', 15, '47', 'RANK & FILE', '0000-00-00', '0000-00-00', '0000-00-00'),
(319, 'CHENELEEN', 'FERANIEL', 'A.', '', 'FEMALE', 'ACTIVE', 'CASUAL', 22, '200', 'RANK & FILE', '0000-00-00', '0000-00-00', '0000-00-00'),
(320, 'CHERIE MAE', 'BOLADOLA', 'C.', '', 'MALE', 'ACTIVE', 'CASUAL', 4, '200', 'RANK & FILE', '0000-00-00', '0000-00-00', '0000-00-00'),
(322, 'CHESTER', 'VILLAMIL', 'C.', '', 'MALE', 'ACTIVE', 'PERMANENT', 15, '70', 'RANK & FILE', '0000-00-00', '0000-00-00', '0000-00-00'),
(324, 'CHONA', 'AMBO', 'S.', '', 'FEMALE', 'ACTIVE', 'PERMANENT', 18, '30', 'RANK & FILE', '0000-00-00', '0000-00-00', '0000-00-00'),
(326, 'CHRISTIAN KIT', 'CONIENDO', 'M.', '', 'MALE', 'ACTIVE', 'CASUAL', 16, '200', 'RANK & FILE', '0000-00-00', '0000-00-00', '0000-00-00'),
(331, 'CHRISTINE', 'NALAM', 'M.', '', 'FEMALE', 'ACTIVE', 'CASUAL', 11, '200', 'RANK & FILE', '0000-00-00', '0000-00-00', '0000-00-00'),
(332, 'CHRISTINE', 'TENEFRANCIA', 'M.', '', 'FEMALE', 'ACTIVE', 'PERMANENT', 8, '164', 'SUPERVISORY', '0000-00-00', '0000-00-00', '0000-00-00'),
(340, 'CHRISTOPHER', 'SEDILLO', 'D.', '', 'MALE', 'ACTIVE', 'PERMANENT', 21, '10', 'RANK & FILE', '0000-00-00', '0000-00-00', '0000-00-00'),
(341, 'CHRISTOPHER', 'ABRASALDO', 'G.', '', 'MALE', 'ACTIVE', 'CASUAL', 18, '200', 'RANK & FILE', '0000-00-00', '0000-00-00', '0000-00-00'),
(342, 'CHRISTOPHER', 'YURONG', 'S.', '', 'MALE', 'ACTIVE', 'PERMANENT', 6, '168', 'RANK & FILE', '0000-00-00', '0000-00-00', '0000-00-00'),
(345, 'CHRISTY', 'DIANSON', 'B.', '', 'FEMALE', 'ACTIVE', 'PERMANENT', 4, '21', 'RANK & FILE', '0000-00-00', '0000-00-00', '0000-00-00'),
(347, 'CHUCHO', 'CORDEVILLA', 'V.', '', 'MALE', 'ACTIVE', 'PERMANENT', 6, '147', 'SUPERVISORY', '0000-00-00', '0000-00-00', '0000-00-00'),
(348, 'CINDY', 'SALIMBAGAT', 'H.', '', 'FEMALE', 'ACTIVE', 'PERMANENT', 18, '108', 'SUPERVISORY', '0000-00-00', '0000-00-00', '0000-00-00'),
(349, 'CLARENCE', 'GERSAN', 'T.', '', 'MALE', 'ACTIVE', 'PERMANENT', 21, '56', 'RANK & FILE', '0000-00-00', '0000-00-00', '0000-00-00'),
(353, 'CLIFF WILLINS', 'TIGBAO', 'B.', '', 'MALE', 'ACTIVE', 'CASUAL', 30, '200', 'RANK & FILE', '0000-00-00', '0000-00-00', '0000-00-00'),
(355, 'CLYDE', 'ANTIQUE', 'G.', '', 'MALE', 'ACTIVE', 'PERMANENT', 10, '10', 'RANK & FILE', '0000-00-00', '0000-00-00', '0000-00-00'),
(357, 'COLEEN', 'FERIL', 'C.', '', 'FEMALE', 'ACTIVE', 'PERMANENT', 7, '45', 'RANK & FILE', '0000-00-00', '0000-00-00', '0000-00-00'),
(361, 'CONTEZA', 'GERSAN', 'T.', '', 'FEMALE', 'ACTIVE', 'CASUAL', 30, '200', 'RANK & FILE', '0000-00-00', '0000-00-00', '0000-00-00'),
(364, 'CORAZON', 'LIRAZAN', 'P.', '', 'FEMALE', 'ACTIVE', 'PERMANENT', 2, '9', 'SUPERVISORY', '0000-00-00', '0000-00-00', '0000-00-00'),
(365, 'CORNELIO', 'MURALLA', 'S.', '', 'MALE', 'INACTIVE', 'PERMANENT', 4, '33', 'SUPERVISORY', '0000-00-00', '2019-07-01', '0000-00-00'),
(370, 'CRISOSTOMO', 'PARAOHAO', 'B.', '', 'MALE', 'ACTIVE', 'PERMANENT', 15, '162', 'RANK & FILE', '0000-00-00', '0000-00-00', '0000-00-00'),
(377, 'DAISY ANN', 'SOL', 'R.', '', 'FEMALE', 'ACTIVE', 'PERMANENT', 2, '16', 'RANK & FILE', '0000-00-00', '0000-00-00', '0000-00-00'),
(378, 'DAISY', 'QUIO', 'D.', '', 'FEMALE', 'ACTIVE', 'CASUAL', 13, '200', 'RANK & FILE', '0000-00-00', '0000-00-00', '0000-00-00'),
(380, 'DANA RHYS', 'GAKO', 'V.', '', 'FEMALE', 'INACTIVE', 'PERMANENT', 16, '144', 'RANK & FILE', '0000-00-00', '2019-01-31', '0000-00-00'),
(381, 'DANAH', 'ALMAGRO', '.', '', 'FEMALE', 'INACTIVE', 'CASUAL', 11, '200', 'RANK & FILE', '0000-00-00', '0000-00-00', '0000-00-00'),
(383, 'DANAH ALBHI JAY', 'CREDO', 'A.', '', 'FEMALE', 'ACTIVE', 'PERMANENT', 11, '157', 'RANK & FILE', '0000-00-00', '0000-00-00', '0000-00-00'),
(386, 'DANELL', 'FERNANDEZ', 'M.', '', 'MALE', 'ACTIVE', 'PERMANENT', 14, '139', 'SUPERVISORY', '0000-00-00', '0000-00-00', '0000-00-00'),
(389, 'DANIEL', 'HOBRO', 'C.', '', 'MALE', 'ACTIVE', 'PERMANENT', 15, '58', 'RANK & FILE', '0000-00-00', '0000-00-00', '0000-00-00'),
(398, 'DANILO', 'PINANONANG', 'B.', '', 'MALE', 'ACTIVE', 'PERMANENT', 21, '47', 'RANK & FILE', '0000-00-00', '0000-00-00', '0000-00-00'),
(399, 'DANILO', 'EMPINADO', 'D.', '', 'MALE', 'ACTIVE', 'CASUAL', 21, '200', 'RANK & FILE', '0000-00-00', '0000-00-00', '0000-00-00'),
(400, 'DANILO', 'LAMIS', 'G.', 'SR.', 'MALE', 'INACTIVE', 'ELECTIVE', 16, '97', '', '0000-00-00', '2019-07-01', '0000-00-00'),
(402, 'DANIVER', 'VALE', 'G.', '', 'MALE', 'ACTIVE', 'CASUAL', 18, '200', 'RANK & FILE', '0000-00-00', '0000-00-00', '0000-00-00'),
(419, 'DAVID', 'PACLAUNA', 'G.', '', 'MALE', 'ACTIVE', 'CASUAL', 21, '200', 'RANK & FILE', '0000-00-00', '0000-00-00', '0000-00-00'),
(424, 'DEDITO', 'PRAC', 'E.', '', 'MALE', 'ACTIVE', 'CASUAL', 13, '200', 'RANK & FILE', '0000-00-00', '0000-00-00', '0000-00-00'),
(425, 'DEEVI COREN', 'YAP', 'S.', '', 'FEMALE', 'ACTIVE', 'CASUAL', 15, '200', 'RANK & FILE', '0000-00-00', '0000-00-00', '0000-00-00'),
(426, 'DELIA', 'BELLERA', 'M.', '', 'FEMALE', 'ACTIVE', 'CASUAL', 4, '200', 'RANK & FILE', '0000-00-00', '0000-00-00', '0000-00-00'),
(427, 'DELIA', 'ESNARDO', 'R.', '', 'FEMALE', 'ACTIVE', 'PERMANENT', 11, '157', 'RANK & FILE', '0000-00-00', '0000-00-00', '0000-00-00'),
(431, 'DEMETRIO', 'OCCEÑA', 'S.', '', 'MALE', 'ACTIVE', 'PERMANENT', 6, '168', 'RANK & FILE', '0000-00-00', '0000-00-00', '0000-00-00'),
(437, 'DENNIS', 'MONTAÑO', 'G.', '', 'MALE', 'ACTIVE', 'CASUAL', 23, '200', 'RANK & FILE', '0000-00-00', '0000-00-00', '0000-00-00'),
(444, 'DEXTER', 'JAMANDRON', 'C.', '', 'MALE', 'ACTIVE', 'PERMANENT', 2, '12', 'RANK & FILE', '0000-00-00', '0000-00-00', '0000-00-00'),
(450, 'DINDO', 'CADIAO', 'M.', '', 'MALE', 'ACTIVE', 'CASUAL', 18, '200', 'RANK & FILE', '0000-00-00', '0000-00-00', '0000-00-00'),
(456, 'DIORLAN', 'NICOLAS', 'J.', '', 'MALE', 'ACTIVE', 'CASUAL', 9, '200', 'RANK & FILE', '0000-00-00', '0000-00-00', '0000-00-00'),
(457, 'DIOSAN', 'TATON', 'T.', '', 'FEMALE', 'ACTIVE', 'PERMANENT', 6, '193', 'RANK & FILE', '0000-00-00', '0000-00-00', '0000-00-00'),
(460, 'DIXIE', 'PINANONANG', 'V.', '', 'MALE', 'ACTIVE', 'CASUAL', 30, '200', 'RANK & FILE', '0000-00-00', '0000-00-00', '0000-00-00'),
(465, 'DOMINIC', 'DEVELOS', 'A.', '', 'MALE', 'ACTIVE', 'CASUAL', 21, '200', 'RANK & FILE', '0000-00-00', '0000-00-00', '0000-00-00'),
(466, 'DON', 'ILAGAN', 'A.', '', 'MALE', 'ACTIVE', 'PERMANENT', 9, '22', 'RANK & FILE', '0000-00-00', '0000-00-00', '0000-00-00'),
(467, 'DON JOHN', 'JAMIN', 'M.', '', 'MALE', 'ACTIVE', 'CASUAL', 30, '200', 'RANK & FILE', '0000-00-00', '0000-00-00', '0000-00-00'),
(469, 'DONALD', 'NORICO', 'B.', '', 'MALE', 'ACTIVE', 'PERMANENT', 9, '118', 'RANK & FILE', '0000-00-00', '0000-00-00', '0000-00-00'),
(470, 'DONALD', 'TUBIO', 'B.', '', 'MALE', 'ACTIVE', 'PERMANENT', 2, '18', 'SUPERVISORY', '0000-00-00', '0000-00-00', '0000-00-00'),
(472, 'DONNA MARIE', 'VILLARBA', 'M.', '', 'FEMALE', 'ACTIVE', 'PERMANENT', 27, '82', 'SUPERVISORY', '0000-00-00', '0000-00-00', '0000-00-00'),
(474, 'DOREEN', 'SENO', 'E.', '', 'FEMALE', 'ACTIVE', 'PERMANENT', 12, '93', 'RANK & FILE', '0000-00-00', '0000-00-00', '0000-00-00'),
(475, 'DORIS GAY', 'TORRED', 'S.', '', 'FEMALE', 'ACTIVE', 'CASUAL', 11, '200', 'RANK & FILE', '0000-00-00', '0000-00-00', '0000-00-00'),
(476, 'DOUGLAS MAC ARTHUR DANELO', 'TIJING', 'T.', '', 'MALE', 'ACTIVE', 'PERMANENT', 1, '129', 'SUPERVISORY', '0000-00-00', '0000-00-00', '0000-00-00'),
(480, 'EARL', 'ORTALIZ', 'T.', 'SR', 'MALE', 'INACTIVE', 'PERMANENT', 21, '47', 'RANK & FILE', '0000-00-00', '0000-00-00', '0000-00-00'),
(481, 'EARL', 'TEOLOGIO', 'T.', '', 'MALE', 'ACTIVE', 'PERMANENT', 9, '126', 'SUPERVISORY', '0000-00-00', '0000-00-00', '0000-00-00'),
(482, 'EDALIN', 'DACULA', 'L.', '', 'FEMALE', 'ACTIVE', 'PERMANENT', 11, '112', 'SUPERVISORY', '0000-00-00', '0000-00-00', '0000-00-00'),
(485, 'EDELYN', 'FERRAREN', 'F.', '', 'FEMALE', 'ACTIVE', 'CASUAL', 30, '200', 'RANK & FILE', '0000-00-00', '0000-00-00', '0000-00-00'),
(490, 'EDGAR', 'BULISIG', 'M.', 'SR', 'MALE', 'ACTIVE', 'CASUAL', 7, '200', 'RANK & FILE', '0000-00-00', '0000-00-00', '0000-00-00'),
(491, 'EDGAR', 'FLORES', 'M.', '', 'MALE', 'ACTIVE', 'PERMANENT', 21, '56', 'RANK & FILE', '0000-00-00', '0000-00-00', '0000-00-00'),
(492, 'EDGAR', 'TENEFRANCIA', 'S.', 'JR.', 'MALE', 'ACTIVE', 'PERMANENT', 4, '36', 'SUPERVISORY', '0000-00-00', '0000-00-00', '0000-00-00'),
(495, 'EDGARDO', 'ALVIOLA', 'A.', '', 'MALE', 'ACTIVE', 'PERMANENT', 6, '13', 'RANK & FILE', '0000-00-00', '0000-00-00', '0000-00-00'),
(496, 'EDGARDO', 'CACAS', 'B.', '', 'MALE', 'ACTIVE', 'PERMANENT', 9, '48', '', '0000-00-00', '0000-00-00', '0000-00-00'),
(497, 'EDGARDO', 'CABASAG', 'D.', '', 'MALE', 'ACTIVE', 'PERMANENT', 9, '55', 'RANK & FILE', '0000-00-00', '0000-00-00', '0000-00-00'),
(498, 'EDGARDO', 'LOCSIN', 'G.', '', 'MALE', 'ACTIVE', 'CASUAL', 21, '200', 'RANK & FILE', '0000-00-00', '0000-00-00', '0000-00-00'),
(500, 'EDILBERITO', 'EURAOBA', 'B.', 'II', 'MALE', 'ACTIVE', 'PERMANENT', 18, '184', 'SUPERVISORY', '0000-00-00', '0000-00-00', '0000-00-00'),
(502, 'EDILBERTO', 'LANGUIDO', 'A.', '', 'MALE', 'ACTIVE', 'PERMANENT', 9, '30', 'RANK & FILE', '0000-00-00', '0000-00-00', '0000-00-00'),
(511, 'EDRELYN', 'TRAYVILLA', 'A.', '', 'FEMALE', 'ACTIVE', 'PERMANENT', 15, '65', 'RANK & FILE', '0000-00-00', '0000-00-00', '0000-00-00'),
(516, 'EDUARDO', 'ABRAHAM', 'D.', '', 'MALE', 'ACTIVE', 'CASUAL', 7, '200', 'RANK & FILE', '0000-00-00', '0000-00-00', '0000-00-00'),
(519, 'EDUARDO', 'VILLARTA', 'T.', 'JR.', 'MALE', 'ACTIVE', 'CASUAL', 1, '200', 'RANK & FILE', '0000-00-00', '0000-00-00', '0000-00-00'),
(522, 'EDWARD RYAN', 'TORREDA', 'C.', '', 'MALE', 'ACTIVE', 'PERMANENT', 20, '143', 'SUPERVISORY', '0000-00-00', '0000-00-00', '0000-00-00'),
(527, 'EDWIN', 'TRAYVILLA', 'D.', '', 'MALE', 'ACTIVE', 'PERMANENT', 9, '56', 'RANK & FILE', '0000-00-00', '0000-00-00', '0000-00-00'),
(528, 'EDWIN', 'ZUNIEGA', 'E.', '', 'MALE', 'ACTIVE', 'PERMANENT', 9, '92', 'RANK & FILE', '0000-00-00', '0000-00-00', '0000-00-00'),
(529, 'EDWIN', 'SILVA', 'R.', '', 'MALE', 'ACTIVE', 'CASUAL', 30, '200', 'RANK & FILE', '0000-00-00', '0000-00-00', '0000-00-00'),
(530, 'EDWIN', 'TUMALE', 'S.', '', 'MALE', 'ACTIVE', 'CASUAL', 20, '200', 'RANK & FILE', '0000-00-00', '0000-00-00', '0000-00-00'),
(531, 'EDWIN', 'HIBIONADA', 'T.', '', 'MALE', 'ACTIVE', 'CASUAL', 11, '200', 'RANK & FILE', '0000-00-00', '0000-00-00', '0000-00-00'),
(535, 'EFREN', 'TUISA', 'M.', '', 'MALE', 'ACTIVE', 'PERMANENT', 17, '102', 'SUPERVISORY', '0000-00-00', '0000-00-00', '0000-00-00'),
(536, 'EFREN', 'MARO', 'T.', '', 'MALE', 'ACTIVE', 'CASUAL', 9, '200', 'RANK & FILE', '0000-00-00', '0000-00-00', '0000-00-00'),
(539, 'EILEEN', 'DOLALAS', 'A.', '', 'FEMALE', 'ACTIVE', 'PERMANENT', 15, '43', 'RANK & FILE', '0000-00-00', '0000-00-00', '0000-00-00'),
(545, 'ELENA', 'TABORADA', 'A.', '', 'FEMALE', 'ACTIVE', 'CASUAL', 4, '200', 'RANK & FILE', '0000-00-00', '0000-00-00', '0000-00-00'),
(546, 'ELENITA', 'MARTINEZ', 'M.', '', 'FEMALE', 'ACTIVE', 'PERMANENT', 6, '169', 'RANK & FILE', '0000-00-00', '0000-00-00', '0000-00-00'),
(548, 'ELGEN', 'MORILLO', 'L.', '', 'FEMALE', 'ACTIVE', 'CASUAL', 11, '200', 'RANK & FILE', '0000-00-00', '0000-00-00', '0000-00-00'),
(552, 'ELIZA', 'NORICO', 'T.', '', 'FEMALE', 'ACTIVE', 'PERMANENT', 15, '23', 'SUPERVISORY', '0000-00-00', '0000-00-00', '0000-00-00'),
(554, 'ELIZABETH', 'OMOYON', 'L.', '', 'FEMALE', 'ACTIVE', 'CASUAL', 13, '200', 'RANK & FILE', '0000-00-00', '0000-00-00', '0000-00-00'),
(568, 'ELVIE CARMEL', 'TIGMO', 'A.', '', 'FEMALE', 'ACTIVE', 'PERMANENT', 6, '168', 'RANK & FILE', '0000-00-00', '0000-00-00', '0000-00-00'),
(571, 'EMA LOU', 'VALDEHUEZA', 'A.', '', 'FEMALE', 'ACTIVE', 'PERMANENT', 8, '198', 'RANK & FILE', '0000-00-00', '0000-00-00', '0000-00-00'),
(576, 'EMERALD', 'BARRON', 'A.', '', 'FEMALE', 'ACTIVE', 'PERMANENT', 6, '29', 'SUPERVISORY', '0000-00-00', '0000-00-00', '0000-00-00'),
(579, 'EMILIO', 'OCTAVIANO', 'G.', 'JR.', 'MALE', 'ACTIVE', 'PERMANENT', 9, '128', 'RANK & FILE', '0000-00-00', '0000-00-00', '0000-00-00'),
(587, 'EMMANUEL', 'MELENDRES', 'B.', '', 'MALE', 'ACTIVE', 'CASUAL', 18, '200', 'RANK & FILE', '0000-00-00', '0000-00-00', '0000-00-00'),
(588, 'EMMANUEL', 'OMONDANG', 'C.', '', 'MALE', 'ACTIVE', 'PERMANENT', 21, '80', 'SUPERVISORY', '0000-00-00', '0000-00-00', '0000-00-00'),
(590, 'EMMEROSE', 'GALABAY', 'O.', '', 'FEMALE', 'ACTIVE', 'PERMANENT', 6, '168', 'RANK & FILE', '0000-00-00', '0000-00-00', '0000-00-00'),
(592, 'ENRICO', 'PANALIGAN', 'P.', '', 'MALE', 'ACTIVE', 'PERMANENT', 9, '47', 'RANK & FILE', '0000-00-00', '0000-00-00', '0000-00-00'),
(593, 'ENRIDE', 'OLMOGUEZ', 'V.', '', 'MALE', 'ACTIVE', 'CASUAL', 21, '200', 'RANK & FILE', '0000-00-00', '0000-00-00', '0000-00-00'),
(596, 'EPIFANIO', 'FLORES', 'M.', '', 'MALE', 'ACTIVE', 'PERMANENT', 10, '58', 'RANK & FILE', '0000-00-00', '0000-00-00', '0000-00-00'),
(598, 'ERENIE', 'ALEGRIA', 'D.', '', 'MALE', 'ACTIVE', 'PERMANENT', 9, '48', 'RANK & FILE', '0000-00-00', '0000-00-00', '0000-00-00'),
(602, 'ERIC', 'BABOR', 'M.', '', 'MALE', 'ACTIVE', 'CASUAL', 16, '200', 'RANK & FILE', '0000-00-00', '0000-00-00', '0000-00-00'),
(603, 'ERIC', 'TORRES', 'O.', '', 'MALE', 'ACTIVE', 'PERMANENT', 9, '103', 'SUPERVISORY', '0000-00-00', '0000-00-00', '0000-00-00'),
(604, 'ERIC', 'HERRERO', 'R.', '', 'MALE', 'ACTIVE', 'CASUAL', 30, '200', 'RANK & FILE', '0000-00-00', '0000-00-00', '0000-00-00'),
(607, 'ERJIEN', 'TENEFRANCIA', 'R.', '', 'FEMALE', 'ACTIVE', 'PERMANENT', 19, '123', 'SUPERVISORY', '0000-00-00', '0000-00-00', '0000-00-00'),
(608, 'ERLUVIMIE', 'MANGUILIMOTAN', 'F.', '', 'FEMALE', 'ACTIVE', 'PERMANENT', 2, '13', 'RANK & FILE', '0000-00-00', '0000-00-00', '0000-00-00'),
(616, 'ERNESTO', 'MARTINEZ', 'N.', 'JR', 'MALE', 'ACTIVE', 'PERMANENT', 16, '47', 'RANK & FILE', '0000-00-00', '0000-00-00', '0000-00-00'),
(618, 'ERNESTO', 'QUINDO', 'T.', '', 'MALE', 'ACTIVE', 'PERMANENT', 6, '30', 'RANK & FILE', '0000-00-00', '0000-00-00', '0000-00-00'),
(619, 'ERNESTO', 'TIJING', 'T.', '', 'MALE', 'INACTIVE', 'ELECTIVE', 16, '97', '', '0000-00-00', '2019-07-01', '0000-00-00'),
(627, 'ERWIN', 'TRAYVILLA', 'D.', '', 'MALE', 'ACTIVE', 'PERMANENT', 21, '68', 'RANK & FILE', '0000-00-00', '0000-00-00', '0000-00-00'),
(628, 'ERWIN ED', 'TIJING', 'R.', '', 'MALE', 'ACTIVE', 'PERMANENT', 12, '30', 'RANK & FILE', '0000-00-00', '0000-00-00', '0000-00-00'),
(630, 'ERWIN', 'VILLAREAL', 'K.', '', 'MALE', 'ACTIVE', 'PERMANENT', 21, '30', 'RANK & FILE', '0000-00-00', '0000-00-00', '0000-00-00'),
(631, 'ERWIN', 'DOLAR', 'L.', '', 'MALE', 'ACTIVE', 'PERMANENT', 9, '126', 'SUPERVISORY', '0000-00-00', '0000-00-00', '0000-00-00'),
(632, 'ESAR', 'ABRASALDO', 'V.', '', 'MALE', 'ACTIVE', 'PERMANENT', 7, '43', 'RANK & FILE', '0000-00-00', '0000-00-00', '0000-00-00'),
(634, 'ESPERIDION', 'GALIDO', 'S.', '', 'MALE', 'ACTIVE', 'CASUAL', 21, '200', 'RANK & FILE', '0000-00-00', '0000-00-00', '0000-00-00'),
(636, 'ESTERIO', 'ADANZA', 'R.', 'JR', 'MALE', 'ACTIVE', 'PERMANENT', 9, '48', 'RANK & FILE', '0000-00-00', '0000-00-00', '0000-00-00'),
(637, 'ETHEL', 'SAJULLA', 'B.', '', 'FEMALE', 'ACTIVE', 'CASUAL', 30, '200', 'RANK & FILE', '0000-00-00', '0000-00-00', '0000-00-00'),
(639, 'ETHEL', 'ABRASALDO', 'T.', '', 'FEMALE', 'INACTIVE', 'CASUAL', 11, '200', 'RANK & FILE', '0000-00-00', '0000-00-00', '0000-00-00'),
(645, 'EUGENE', 'SARINO', 'O.', '', 'MALE', 'ACTIVE', 'PERMANENT', 22, '13', 'RANK & FILE', '0000-00-00', '0000-00-00', '0000-00-00'),
(646, 'EUGENE', 'DUKA', 'P.', '', 'MALE', 'ACTIVE', 'CASUAL', 9, '200', 'RANK & FILE', '0000-00-00', '0000-00-00', '0000-00-00'),
(647, 'EUGENE', 'GASENDO', 'P.', '', 'MALE', 'ACTIVE', 'PERMANENT', 4, '35', 'SUPERVISORY', '0000-00-00', '0000-00-00', '0000-00-00'),
(648, 'EUGENE RUSTICO', 'TORRENTO', 'T.', '', 'MALE', 'ACTIVE', 'PERMANENT', 13, '177', 'SUPERVISORY', '0000-00-00', '0000-00-00', '0000-00-00'),
(652, 'EVA', 'PORTUGALEZA', 'G.', '', 'FEMALE', 'ACTIVE', 'PERMANENT', 19, '122', 'SUPERVISORY', '0000-00-00', '0000-00-00', '0000-00-00'),
(655, 'EVANGELINE', 'CABUAL', 'C.', '', 'MALE', 'ACTIVE', 'PERMANENT', 8, '183', 'SUPERVISORY', '0000-00-00', '0000-00-00', '0000-00-00'),
(656, 'EVANGELINE', 'CAÑA', 'P.', '', 'FEMALE', 'ACTIVE', 'PERMANENT', 11, '157', 'RANK & FILE', '0000-00-00', '0000-00-00', '0000-00-00'),
(664, 'FAITH', 'NAPIGKIT', 'A.', '', 'FEMALE', 'ACTIVE', 'PERMANENT', 4, '36', 'SUPERVISORY', '0000-00-00', '0000-00-00', '0000-00-00'),
(666, 'FAITH', 'ALVARAN', 'Q.', '', 'FEMALE', 'ACTIVE', 'CASUAL', 8, '200', 'RANK & FILE', '0000-00-00', '0000-00-00', '0000-00-00'),
(669, 'FE JANET', 'JOSEPH', 'B.', '', 'FEMALE', 'ACTIVE', 'PERMANENT', 6, '170', 'RANK & FILE', '0000-00-00', '0000-00-00', '0000-00-00'),
(673, 'FEIRWIND', 'CUENCA', 'S.', '', 'MALE', 'ACTIVE', 'CASUAL', 9, '200', 'RANK & FILE', '0000-00-00', '0000-00-00', '0000-00-00'),
(681, 'FELIX', 'QUITOY', 'D.', '', 'MALE', 'ACTIVE', 'PERMANENT', 22, '10', 'RANK & FILE', '0000-00-00', '0000-00-00', '0000-00-00'),
(692, 'FEVIE', 'TITO', 'S.', '', 'FEMALE', 'ACTIVE', 'PERMANENT', 27, '30', 'RANK & FILE', '0000-00-00', '0000-00-00', '0000-00-00'),
(693, 'FIAH LEONOR', 'CERRADO', 'B.', '', 'FEMALE', 'ACTIVE', 'PERMANENT', 11, '153', 'SUPERVISORY', '0000-00-00', '0000-00-00', '0000-00-00'),
(694, 'FIDEL', 'PINANONANG', 'P.', '', 'MALE', 'ACTIVE', 'CASUAL', 21, '10', 'RANK & FILE', '0000-00-00', '0000-00-00', '0000-00-00'),
(698, 'FLORANTE', 'ARCON', 'M.', '', 'MALE', 'ACTIVE', 'CASUAL', 20, '200', 'RANK & FILE', '0000-00-00', '0000-00-00', '0000-00-00'),
(702, 'FLORDELIZA', 'AGUILAR', 'P.', '', 'FEMALE', 'ACTIVE', 'PERMANENT', 11, '157', 'RANK & FILE', '0000-00-00', '0000-00-00', '0000-00-00'),
(703, 'FLORENCIO', 'MONTES', 'P.', '', 'MALE', 'ACTIVE', 'PERMANENT', 21, '48', 'RANK & FILE', '0000-00-00', '0000-00-00', '0000-00-00'),
(705, 'FLORITO', 'MINDAC', 'A.', '', 'MALE', 'ACTIVE', 'PERMANENT', 21, '51', 'RANK & FILE', '0000-00-00', '0000-00-00', '0000-00-00'),
(706, 'FORTUNATO', 'VIAJE', 'A.', '', 'MALE', 'ACTIVE', 'CASUAL', 21, '200', 'RANK & FILE', '0000-00-00', '0000-00-00', '0000-00-00'),
(714, 'FRANCISCO', 'OPAMIN', 'C.', '', 'MALE', 'ACTIVE', 'PERMANENT', 2, '14', 'RANK & FILE', '0000-00-00', '0000-00-00', '0000-00-00'),
(715, 'FRANCISCO', 'JALBUNA', 'I.', '', 'MALE', 'ACTIVE', 'CASUAL', 4, '200', 'RANK & FILE', '0000-00-00', '0000-00-00', '0000-00-00'),
(716, 'FRANCISO', 'YAESO', 'S.', '', 'MALE', 'ACTIVE', 'CASUAL', 4, '200', 'RANK & FILE', '0000-00-00', '0000-00-00', '0000-00-00'),
(724, 'FRED IAN', 'TRAYVILLA', 'T.', '', 'MALE', 'ACTIVE', 'PERMANENT', 15, '55', '', '0000-00-00', '0000-00-00', '0000-00-00'),
(726, 'FREDELYN', 'MORGADO', 'T.', '', 'FEMALE', 'ACTIVE', 'PERMANENT', 16, '55', 'RANK & FILE', '0000-00-00', '0000-00-00', '0000-00-00'),
(727, 'FREDERICK', 'DUMAT-OL', 'I.', '', 'MALE', 'ACTIVE', 'PERMANENT', 18, '10', 'RANK & FILE', '0000-00-00', '0000-00-00', '0000-00-00'),
(728, 'FREDERICK', 'PADILLA', 'V.', '', 'MALE', 'ACTIVE', 'CASUAL', 28, '200', 'RANK & FILE', '0000-00-00', '0000-00-00', '0000-00-00'),
(731, 'GALILEO', 'TALEON', 'T.', '', 'MALE', 'ACTIVE', 'CASUAL', 6, '200', 'RANK & FILE', '0000-00-00', '0000-00-00', '0000-00-00'),
(734, 'GARRY', 'INGAN', 'B.', '', 'MALE', 'INACTIVE', 'PERMANENT', NULL, NULL, NULL, '0000-00-00', '0000-00-00', '0000-00-00'),
(735, 'GARRY', 'TUALE', 'C.', '', 'MALE', 'ACTIVE', 'PERMANENT', 21, '126', 'SUPERVISORY', '0000-00-00', '0000-00-00', '0000-00-00'),
(737, 'GAUDENCIO', 'GARGANIAN', 'D.', 'II', 'MALE', 'ACTIVE', 'CASUAL', 1, '200', 'RANK & FILE', '0000-00-00', '0000-00-00', '0000-00-00'),
(741, 'GELDA', 'TUALE', 'T.', '', 'FEMALE', 'ACTIVE', 'PERMANENT', 18, '28', 'SUPERVISORY', '0000-00-00', '0000-00-00', '0000-00-00'),
(743, 'GEMIMA', 'TEOLOGIO', 'T.', '', 'FEMALE', 'ACTIVE', 'CASUAL', 4, '200', 'RANK & FILE', '0000-00-00', '0000-00-00', '0000-00-00'),
(745, 'GEMMA', 'SUMALPONG', 'G.', '', 'FEMALE', 'ACTIVE', 'PERMANENT', 6, '109', 'SUPERVISORY', '0000-00-00', '0000-00-00', '0000-00-00'),
(752, 'GEOFREY', 'BOLTIADOR', 'V.', '', 'MALE', 'ACTIVE', 'CASUAL', 13, '200', 'RANK & FILE', '0000-00-00', '0000-00-00', '0000-00-00'),
(755, 'GEORGE', 'TENTATIVA', 'B.', 'JR.', 'MALE', 'ACTIVE', 'CASUAL', 18, '200', 'RANK & FILE', '0000-00-00', '0000-00-00', '0000-00-00'),
(757, 'GEORGE MARTINO', 'TORREDA', 'B.', '', 'MALE', 'ACTIVE', 'PERMANENT', 19, '150', 'SUPERVISORY', '0000-00-00', '0000-00-00', '0000-00-00'),
(760, 'GERALD', 'TUVILLA', 'P.', '', 'MALE', 'ACTIVE', 'PERMANENT', 21, '70', 'RANK & FILE', '0000-00-00', '0000-00-00', '0000-00-00'),
(761, 'GERALDINE', 'CAPULSO', 'T.', '', 'FEMALE', 'ACTIVE', 'PERMANENT', 17, '191', 'SUPERVISORY', '0000-00-00', '0000-00-00', '0000-00-00'),
(762, 'GERARD GERRY', 'DUHAYLUNGSOD', 'A.', '', 'MALE', 'ACTIVE', 'CASUAL', 9, '200', 'RANK & FILE', '0000-00-00', '0000-00-00', '0000-00-00'),
(766, 'GERARDO', 'ILAGAN', 'A.', 'JR.', 'MALE', 'ACTIVE', 'CASUAL', 10, '200', 'RANK & FILE', '0000-00-00', '0000-00-00', '0000-00-00'),
(767, 'GERARDO', 'QUISQUIS', 'J.', '', 'MALE', 'ACTIVE', 'PERMANENT', 18, '200', 'RANK & FILE', '0000-00-00', '0000-00-00', '0000-00-00'),
(768, 'GERARDO', 'GELERA', 'P.', '', 'MALE', 'ACTIVE', 'CASUAL', 18, '200', 'RANK & FILE', '0000-00-00', '0000-00-00', '2015-10-01'),
(770, 'GERLYN', 'BANDOJO', 'L.', '', 'FEMALE', 'ACTIVE', 'CASUAL', 11, '200', 'RANK & FILE', '0000-00-00', '0000-00-00', '0000-00-00'),
(774, 'GHLENN', 'VILLAMIL', 'J.', '', 'MALE', 'ACTIVE', 'CASUAL', 21, '200', 'RANK & FILE', '0000-00-00', '0000-00-00', '0000-00-00'),
(776, 'GIENEX JOHN', 'CAÑEDO', 'F.', '', NULL, 'INACTIVE', 'PERMANENT', NULL, NULL, NULL, '0000-00-00', '0000-00-00', '0000-00-00'),
(778, 'GIL RHOY ', 'DELA CRUZ', 'A.', '', 'MALE', 'ACTIVE', 'CASUAL', 21, '200', 'RANK & FILE', '0000-00-00', '0000-00-00', '0000-00-00'),
(782, 'GILDA', 'RICOMONO', 'B.', '', 'FEMALE', 'ACTIVE', 'PERMANENT', 8, '119', 'RANK & FILE', '0000-00-00', '0000-00-00', '0000-00-00'),
(790, 'GLECILE', 'ALUM', 'A.', '', 'FEMALE', 'ACTIVE', 'PERMANENT', 2, '24', 'RANK & FILE', '0000-00-00', '0000-00-00', '0000-00-00'),
(796, 'GLETCHEN ANNE', 'PATAJO', 'T.', '', 'FEMALE', 'ACTIVE', 'PERMANENT', 11, '171', 'RANK & FILE', '0000-00-00', '0000-00-00', '0000-00-00'),
(802, 'GONZALO', 'MELODIA', 'S.', 'II', 'MALE', 'ACTIVE', 'PERMANENT', 17, '10', 'RANK & FILE', '0000-00-00', '0000-00-00', '0000-00-00'),
(804, 'GRACELYN', 'BUCOL', 'C.', '', 'FEMALE', 'ACTIVE', 'PERMANENT', 11, '157', 'RANK & FILE', '0000-00-00', '0000-00-00', '0000-00-00'),
(814, 'GUILLERMO', 'TIGMO', 'A.', 'JR.', 'MALE', 'ACTIVE', 'CASUAL', 21, '200', 'RANK & FILE', '0000-00-00', '0000-00-00', '0000-00-00'),
(817, 'HAMILTON', 'GALON', '.', '', NULL, 'INACTIVE', 'PERMANENT', NULL, NULL, NULL, '0000-00-00', '0000-00-00', '0000-00-00'),
(818, 'HANNAH LUE', 'TIJING', 'O.', '', 'FEMALE', 'ACTIVE', 'PERMANENT', 16, '145', 'SUPERVISORY', '0000-00-00', '0000-00-00', '0000-00-00'),
(819, 'HANNAH', 'GUTIERREZ', 'Z.', '', 'FEMALE', 'ACTIVE', 'PERMANENT', 5, '84', 'SUPERVISORY', '0000-00-00', '0000-00-00', '0000-00-00'),
(826, 'HAZEL MAE', 'BUCAD', 'C.', '', 'FEMALE', 'INACTIVE', 'PERMANENT', 16, '144', 'RANK & FILE', '0000-00-00', '2019-07-01', '0000-00-00'),
(834, 'HENRY', 'MAHINAY', 'A.', 'SR', 'MALE', 'ACTIVE', 'CASUAL', 1, '200', 'RANK & FILE', '0000-00-00', '0000-00-00', '0000-00-00'),
(835, 'HENRY', 'VILLAFLOR', 'D.', '', 'MALE', 'ACTIVE', 'PERMANENT', 9, '126', 'SUPERVISORY', '0000-00-00', '0000-00-00', '0000-00-00'),
(836, 'HENRY', 'CARREON', 'E.', 'JR', 'MALE', 'ACTIVE', 'ELECTIVE', 16, '97', NULL, '0000-00-00', '0000-00-00', '0000-00-00'),
(838, 'HENRY', 'TUBESA', 'T.', '', 'MALE', 'ACTIVE', 'CASUAL', 22, '200', 'RANK & FILE', '0000-00-00', '0000-00-00', '0000-00-00'),
(840, 'HERBERT', 'HAMSIRANI', 'Q.', '', 'MALE', 'ACTIVE', 'PERMANENT', 15, '79', 'RANK & FILE', '0000-00-00', '0000-00-00', '0000-00-00'),
(841, 'HERBIE', 'PRESTIN', 'P.', '', NULL, 'INACTIVE', 'PERMANENT', NULL, NULL, NULL, '0000-00-00', '0000-00-00', '0000-00-00'),
(846, 'HERMINIGILDO', 'FERNANDEZ', 'A.', '', 'MALE', 'INACTIVE', 'CASUAL', 9, '200', 'RANK & FILE', '0000-00-00', '0000-00-00', '0000-00-00'),
(847, 'HERMINIO', 'PATANAO', 'A.', 'JR.', 'MALE', 'ACTIVE', 'CASUAL', 13, '200', 'RANK & FILE', '0000-00-00', '0000-00-00', '0000-00-00'),
(851, 'HOLLYN FE', 'CAMARILLO', 'V.', '', 'FEMALE', 'ACTIVE', 'CASUAL', 30, '200', 'RANK & FILE', '0000-00-00', '0000-00-00', '0000-00-00'),
(852, 'HONEY LYN', 'TONOGBANUA', 'Q.', '', 'FEMALE', 'ACTIVE', 'CASUAL', 10, '200', 'RANK & FILE', '0000-00-00', '0000-00-00', '0000-00-00'),
(860, 'IAN BUTCH', 'SALA', 'V.', '', 'MALE', 'ACTIVE', 'PERMANENT', 4, '193', 'RANK & FILE', '0000-00-00', '0000-00-00', '0000-00-00'),
(861, 'IAN', 'CERRADO', 'K.', '', 'MALE', 'ACTIVE', 'PERMANENT', 22, '10', 'RANK & FILE', '0000-00-00', '0000-00-00', '0000-00-00'),
(864, 'IGNACIO', 'LAZARTE', 'T.', '', 'MALE', 'ACTIVE', 'CASUAL', 9, '200', 'RANK & FILE', '0000-00-00', '0000-00-00', '0000-00-00'),
(866, 'ILDEFONSO', 'TORRED', 'J.', '', 'MALE', 'ACTIVE', 'PERMANENT', 2, '14', 'RANK & FILE', '0000-00-00', '0000-00-00', '0000-00-00'),
(868, 'IMELDA', 'TANGENTE', 'R.', '', 'FEMALE', 'ACTIVE', 'PERMANENT', 15, '23', 'SUPERVISORY', '0000-00-00', '0000-00-00', '0000-00-00'),
(869, 'IMELDA', 'GABUYA', 'T.', '', 'FEMALE', 'ACTIVE', 'CASUAL', 4, '200', 'RANK & FILE', '0000-00-00', '0000-00-00', '0000-00-00'),
(872, 'ION JOSEPH', 'BOLLOS', 'T.', '', 'MALE', 'ACTIVE', 'PERMANENT', 13, '190', 'SUPERVISORY', '0000-00-00', '0000-00-00', '0000-00-00'),
(873, 'IREL', 'MANANSALA', 'F.', '', 'FEMALE', 'ACTIVE', 'PERMANENT', 27, '194', 'SUPERVISORY', '0000-00-00', '0000-00-00', '0000-00-00'),
(875, 'IRENEO', 'MIJARES', 'Y.', 'JR', 'MALE', 'ACTIVE', 'PERMANENT', 15, '10', 'RANK & FILE', '0000-00-00', '0000-00-00', '0000-00-00'),
(879, 'IRVIN', 'CABANO', 'R.', '', 'MALE', 'ACTIVE', 'CASUAL', 20, '200', 'RANK & FILE', '0000-00-00', '0000-00-00', '0000-00-00'),
(882, 'ISIDRITA', 'ALANANO', 'E.', '', 'FEMALE', 'ACTIVE', 'PERMANENT', 11, '157', 'RANK & FILE', '0000-00-00', '0000-00-00', '0000-00-00'),
(883, 'ISMAEL', 'MARTINEZ', 'P.', '', 'MALE', 'ACTIVE', 'ELECTIVE', 16, '114', '', '0000-00-00', '0000-00-00', '0000-00-00'),
(888, 'IVY', 'DAGODOG', 'D.', '', 'FEMALE', 'ACTIVE', 'CASUAL', 11, '200', 'RANK & FILE', '0000-00-00', '0000-00-00', '0000-00-00'),
(893, 'JAIME', 'SOMERANO', 'C.', '', 'MALE', 'ACTIVE', 'PERMANENT', 21, '47', 'RANK & FILE', '0000-00-00', '0000-00-00', '0000-00-00'),
(894, 'JAIME', 'BAYOGUIÑA', 'P.', '', 'MALE', 'ACTIVE', 'PERMANENT', 21, '67', 'RANK & FILE', '0000-00-00', '0000-00-00', '0000-00-00'),
(895, 'JAIME', 'GELERA', 'P.', '', 'MALE', 'ACTIVE', 'CASUAL', 18, '200', 'RANK & FILE', '0000-00-00', '0000-00-00', '0000-00-00'),
(898, 'JAME', 'TURCO', 'A.', '', 'MALE', 'ACTIVE', 'CASUAL', 21, '200', 'RANK & FILE', '0000-00-00', '0000-00-00', '0000-00-00'),
(908, 'JANDY', 'BITO-ON', 'P.', '', 'MALE', 'ACTIVE', 'PERMANENT', 9, '41', 'RANK & FILE', '0000-00-00', '0000-00-00', '0000-00-00'),
(920, 'JASMINE', 'CATALAN', 'T.', '', 'MALE', 'ACTIVE', 'PERMANENT', 15, '88', 'SUPERVISORY', '0000-00-00', '0000-00-00', '0000-00-00'),
(922, 'JAVIER', 'ABRASALDO', 'V.', 'JR', 'MALE', 'ACTIVE', 'PERMANENT', 21, '10', 'RANK & FILE', '0000-00-00', '0000-00-00', '0000-00-00'),
(926, 'JAY', 'TAYCO', 'F.', '', 'MALE', 'ACTIVE', 'PERMANENT', 9, '59', 'RANK & FILE', '0000-00-00', '0000-00-00', '0000-00-00'),
(928, 'JAY', 'ENTAC', 'N.', '', 'MALE', 'ACTIVE', 'PERMANENT', 8, '22', 'RANK & FILE', '0000-00-00', '0000-00-00', '0000-00-00'),
(935, 'JEANIE', 'KUNG', 'T.', '', 'FEMALE', 'ACTIVE', 'PERMANENT', 2, '16', 'RANK & FILE', '0000-00-00', '0000-00-00', '0000-00-00'),
(942, 'JEFFERSON', 'CALDA', 'M.', 'SR', 'MALE', 'ACTIVE', 'PERMANENT', 17, '74', 'RANK & FILE', '0000-00-00', '0000-00-00', '0000-00-00'),
(943, 'JEFFREY', 'ALBINA', 'C.', '', 'MALE', 'ACTIVE', 'CASUAL', 15, '200', 'RANK & FILE', '0000-00-00', '0000-00-00', '0000-00-00'),
(946, 'JEGER', 'ZAMORA', '.', '', NULL, 'INACTIVE', 'PERMANENT', NULL, NULL, NULL, '0000-00-00', '0000-00-00', '0000-00-00'),
(949, 'JEMIMAH', 'ELMIDO', 'N.', '', 'FEMALE', 'ACTIVE', 'PERMANENT', 12, '167', 'SUPERVISORY', '0000-00-00', '0000-00-00', '0000-00-00'),
(953, 'JENETTE', 'HOYOHOY', 'B.', '', 'FEMALE', 'ACTIVE', 'PERMANENT', 6, '207', 'SUPERVISORY', '0000-00-00', '0000-00-00', '0000-00-00'),
(957, 'JENNIFER', 'DIAO', 'A.', '', 'FEMALE', 'ACTIVE', 'PERMANENT', 1, '28', 'SUPERVISORY', '0000-00-00', '0000-00-00', '0000-00-00'),
(959, 'JENNIFER', 'TAYCO', 'E.', '', 'FEMALE', 'ACTIVE', 'PERMANENT', 19, '37', 'SUPERVISORY', '0000-00-00', '0000-00-00', '0000-00-00'),
(965, 'JENUS', 'VERGARA', 'T.', '', 'MALE', 'ACTIVE', 'CASUAL', 9, '200', 'RANK & FILE', '0000-00-00', '0000-00-00', '0000-00-00'),
(969, 'JEREMIAS', 'GALLO', 'C.', '', 'MALE', 'ACTIVE', 'PERMANENT', 1, '27', 'SUPERVISORY', '0000-00-00', '0000-00-00', '0000-00-00'),
(972, 'JERIC', 'GAÑEDA', 'P.', '', 'MALE', 'ACTIVE', 'CASUAL', 1, '200', 'RANK & FILE', '0000-00-00', '0000-00-00', '0000-00-00'),
(977, 'JEROME ADRIANNE', 'MISSION', 'B.', '', 'MALE', 'ACTIVE', 'PERMANENT', 19, '91', 'SUPERVISORY', '0000-00-00', '0000-00-00', '0000-00-00'),
(982, 'JERRY', 'RENDON', 'C.', '', 'MALE', 'ACTIVE', 'CASUAL', 13, '200', 'RANK & FILE', '0000-00-00', '0000-00-00', '0000-00-00'),
(988, 'JESOSIMA', 'FABELLA', 'M.', '', 'FEMALE', 'ACTIVE', 'PERMANENT', 11, '157', 'RANK & FILE', '0000-00-00', '0000-00-00', '0000-00-00'),
(990, 'JESSEL MARIE', 'ALINGCOMOT', 'B.', '', 'FEMALE', 'ACTIVE', 'CASUAL', 28, '200', '', '0000-00-00', '0000-00-00', '0000-00-00'),
(993, 'JESSIE JAMES', 'TENTATIVA', 'B.', '', 'MALE', 'ACTIVE', 'CASUAL', 18, '200', 'RANK & FILE', '0000-00-00', '0000-00-00', '0000-00-00'),
(994, 'JESSIE', 'GARABATO', 'L.', '', 'MALE', 'ACTIVE', 'PERMANENT', 21, '56', 'RANK & FILE', '0000-00-00', '0000-00-00', '0000-00-00'),
(995, 'JESSIE', 'MOLEÑO', 'P.', '', 'MALE', 'ACTIVE', 'CASUAL', 18, '200', 'RANK & FILE', '0000-00-00', '0000-00-00', '0000-00-00'),
(996, 'JESTER', 'QUINIQUITO', 'V.', '', 'MALE', 'ACTIVE', 'CASUAL', 21, '200', 'RANK & FILE', '0000-00-00', '0000-00-00', '0000-00-00'),
(998, 'JESUS', 'DELOS SANTOS', 'A.', '', 'MALE', 'INACTIVE', 'PERMANENT', 21, '50', 'RANK & FILE', '0000-00-00', '0000-00-00', '0000-00-00'),
(1009, 'JIMMY', 'ALCE', 'M.', '', 'MALE', 'ACTIVE', 'PERMANENT', 9, '118', 'RANK & FILE', '0000-00-00', '0000-00-00', '0000-00-00'),
(1010, 'JIMMY', 'CAÑALES', 'M.', 'JR.', 'MALE', 'ACTIVE', 'PERMANENT', 9, '133', 'RANK & FILE', '0000-00-00', '0000-00-00', '0000-00-00'),
(1012, 'JIMMY', 'ORAÑO', 'R.', '', 'MALE', 'ACTIVE', 'PERMANENT', 9, '133', 'RANK & FILE', '0000-00-00', '0000-00-00', '0000-00-00'),
(1013, 'JINKY', 'VILLANUEVA', 'V.', '', 'FEMALE', 'ACTIVE', 'CASUAL', 8, '200', 'RANK & FILE', '0000-00-00', '0000-00-00', '0000-00-00'),
(1017, 'JOANN', 'HIBIONADA', 'T.', '', 'FEMALE', 'ACTIVE', 'CASUAL', 11, '200', 'RANK & FILE', '0000-00-00', '0000-00-00', '0000-00-00'),
(1020, 'JOANNE OWENA', 'JORDAN', 'I.', '', 'FEMALE', 'ACTIVE', 'CASUAL', 11, '200', 'RANK & FILE', '0000-00-00', '0000-00-00', '0000-00-00'),
(1022, 'JOAQUIN', 'BEJASA', 'M.', 'JR', 'MALE', 'ACTIVE', 'CASUAL', 9, '200', 'RANK & FILE', '0000-00-00', '0000-00-00', '0000-00-00'),
(1025, 'JOCELYN', 'SAGANG', 'D.', '', 'FEMALE', 'ACTIVE', 'PERMANENT', 23, '62', 'RANK & FILE', '0000-00-00', '0000-00-00', '0000-00-00'),
(1044, 'JOEL', 'MARCELINO', 'B.', '', 'MALE', 'ACTIVE', 'CASUAL', 13, '200', 'RANK & FILE', '0000-00-00', '0000-00-00', '0000-00-00'),
(1045, 'JOEL', 'BUENAVISTA', 'D.', '', 'MALE', 'ACTIVE', 'PERMANENT', 21, '56', 'RANK & FILE', '0000-00-00', '0000-00-00', '0000-00-00'),
(1047, 'JOEL', 'BATERNA', 'P.', '', 'MALE', 'ACTIVE', 'PERMANENT', 13, '104', 'SUPERVISORY', '0000-00-00', '0000-00-00', '0000-00-00'),
(1048, 'JOEL', 'ACIBO', 'T.', '', 'MALE', 'ACTIVE', 'PERMANENT', 21, '47', 'RANK & FILE', '0000-00-00', '0000-00-00', '0000-00-00'),
(1051, 'JOEMAR', 'ESPANIOLA', '.', '', NULL, 'INACTIVE', 'PERMANENT', NULL, NULL, NULL, '0000-00-00', '0000-00-00', '0000-00-00'),
(1054, 'JOEMAR', 'EMBODO', 'B.', '', 'MALE', 'ACTIVE', 'CASUAL', 13, '200', 'RANK & FILE', '0000-00-00', '0000-00-00', '0000-00-00'),
(1055, 'JOEMAR', 'CRISOSTOMO', 'E.', '', 'MALE', 'ACTIVE', 'PERMANENT', 13, '58', 'RANK & FILE', '0000-00-00', '0000-00-00', '0000-00-00'),
(1057, 'JOEMARIE', 'TITO', 'C.', '', 'MALE', 'ACTIVE', 'PERMANENT', 7, '45', 'RANK & FILE', '0000-00-00', '0000-00-00', '0000-00-00'),
(1058, 'JOEMIL', 'PARTOSA', 'E.', '', 'MALE', 'ACTIVE', 'CASUAL', 18, '200', 'RANK & FILE', '0000-00-00', '0000-00-00', '0000-00-00'),
(1059, 'JOENIL', 'MARTINEZ', 'E.', '', 'MALE', 'ACTIVE', 'PERMANENT', 15, '22', 'RANK & FILE', '0000-00-00', '0000-00-00', '0000-00-00'),
(1060, 'JOESITA', 'ABRASALDO', 'V.', '', 'FEMALE', 'ACTIVE', 'CASUAL', 20, '200', 'RANK & FILE', '0000-00-00', '0000-00-00', '0000-00-00'),
(1065, 'JOHANNE MAE', 'BELINGAN', 'B.', '', 'FEMALE', 'ACTIVE', 'CASUAL', 11, '200', 'RANK & FILE', '0000-00-00', '0000-00-00', '0000-00-00'),
(1073, 'JOHN JIGGER', 'TAMPIOC', 'G.', '', 'MALE', 'ACTIVE', 'CASUAL', 4, '200', 'RANK & FILE', '0000-00-00', '0000-00-00', '0000-00-00'),
(1085, 'JOHN WINSTON', 'PANCHO', 'G.', '', 'MALE', 'ACTIVE', 'CASUAL', 21, '47', 'RANK & FILE', '0000-00-00', '0000-00-00', '0000-00-00'),
(1087, 'JOHNJAY', 'JAMANDRON', 'F.', '', 'MALE', 'ACTIVE', 'PERMANENT', 6, '208', 'SUPERVISORY', '0000-00-00', '0000-00-00', '0000-00-00'),
(1089, 'JOHNNY', 'NARCISO', 'S.', '', 'MALE', 'ACTIVE', 'CASUAL', 30, '200', 'RANK & FILE', '0000-00-00', '0000-00-00', '0000-00-00'),
(1091, 'JOHNREY', 'GARAY', 'T.', '', 'MALE', 'ACTIVE', 'CASUAL', 21, '200', 'RANK & FILE', '0000-00-00', '0000-00-00', '0000-00-00'),
(1094, 'JOIE ANN', 'SARADAT', 'T.', '', 'FEMALE', 'ACTIVE', 'PERMANENT', 10, '152', 'RANK & FILE', '0000-00-00', '0000-00-00', '0000-00-00'),
(1106, 'JONALYN', 'VELASCO', 'G.', '', 'FEMALE', 'ACTIVE', 'PERMANENT', 28, '10', 'RANK & FILE', '0000-00-00', '0000-00-00', '0000-00-00'),
(1108, 'JONAS', 'TRIAS', 'M.', '', 'MALE', 'ACTIVE', 'ELECTIVE', 16, '97', '', '0000-00-00', '0000-00-00', '0000-00-00'),
(1112, 'JONATHAN', 'GERALDE', 'A.', '', 'MALE', 'ACTIVE', 'PERMANENT', 9, '75', 'RANK & FILE', '0000-00-00', '0000-00-00', '0000-00-00'),
(1113, 'JONATHAN', 'OMBOY', 'E.', '', 'MALE', 'ACTIVE', 'CASUAL', 10, '200', 'RANK & FILE', '0000-00-00', '0000-00-00', '0000-00-00'),
(1114, 'JONATHAN', 'BRIONES', 'K.', '', 'MALE', 'ACTIVE', 'PERMANENT', 21, '80', 'SUPERVISORY', '0000-00-00', '0000-00-00', '0000-00-00'),
(1115, 'JONATHAN', 'TUMLAD', 'P.', '', 'MALE', 'INACTIVE', 'CASUAL', 18, '200', 'RANK & FILE', '0000-00-00', '2018-10-25', '0000-00-00'),
(1116, 'JONATHAN', 'RUSIANA', 'T.', '', 'MALE', 'ACTIVE', 'PERMANENT', 6, '10', 'RANK & FILE', '0000-00-00', '0000-00-00', '0000-00-00'),
(1117, 'JONELYN', 'OJASTRO', 'G.', '', 'FEMALE', 'ACTIVE', 'CASUAL', 4, '200', 'RANK & FILE', '0000-00-00', '0000-00-00', '0000-00-00'),
(1122, 'JORAMI', 'CANOY', 'L.', '', 'MALE', 'ACTIVE', 'PERMANENT', 9, '30', 'RANK & FILE', '0000-00-00', '0000-00-00', '0000-00-00'),
(1126, 'JORGELYN', 'CORTEZ', 'A.', '', 'FEMALE', 'ACTIVE', 'PERMANENT', 16, '30', 'RANK & FILE', '0000-00-00', '0000-00-00', '0000-00-00'),
(1130, 'JOSE ALI RAY', 'DOLALAS', 'T.', '', 'MALE', 'ACTIVE', 'PERMANENT', 16, '174', 'RANK & FILE', '0000-00-00', '0000-00-00', '0000-00-00'),
(1131, 'JOSE BEBSY', 'ESTORCO', 'B.', '', 'MALE', 'ACTIVE', 'CASUAL', 21, '200', 'RANK & FILE', '0000-00-00', '0000-00-00', '0000-00-00'),
(1132, 'JOSE ERVIC', 'OJEÑOS', 'Q.', '', 'MALE', 'ACTIVE', 'PERMANENT', 21, '50', 'RANK & FILE', '0000-00-00', '0000-00-00', '0000-00-00'),
(1136, 'JOSE RENANTE', 'ARQUIO', 'A.', '', 'MALE', 'ACTIVE', 'PERMANENT', 3, '115', 'SUPERVISORY', '0000-00-00', '0000-00-00', '0000-00-00'),
(1137, 'JOSE ROMEL', 'RODRIGUEZ', 'P.', '', 'MALE', 'ACTIVE', 'CASUAL', 18, '200', 'RANK & FILE', '0000-00-00', '0000-00-00', '0000-00-00'),
(1138, 'JOSE ROSARIO', 'TIAMPONG', 'D.', '', 'MALE', 'ACTIVE', 'PERMANENT', 2, '61', 'RANK & FILE', '0000-00-00', '0000-00-00', '0000-00-00'),
(1141, 'JOSE ZALDY', 'REYES', 'P.', '', 'MALE', 'ACTIVE', 'CASUAL', 21, '200', 'RANK & FILE', '0000-00-00', '0000-00-00', '0000-00-00'),
(1142, 'JOSECHO', 'ROSADO', 'G.', 'JR', 'MALE', 'INACTIVE', 'PERMANENT', 11, '30', 'RANK & FILE', '0000-00-00', '0000-00-00', '0000-00-00'),
(1143, 'JOSECHO', 'ROSADO', 'K.', 'III', 'MALE', 'ACTIVE', 'CASUAL', 11, '200', 'RANK & FILE', '0000-00-00', '0000-00-00', '0000-00-00'),
(1144, 'JOSELITO', 'CLAVERO', 'B.', '', 'MALE', 'ACTIVE', 'CASUAL', 21, '200', 'RANK & FILE', '0000-00-00', '0000-00-00', '0000-00-00'),
(1145, 'JOSELITO', 'BRIGOLI', 'L.', '', 'MALE', 'ACTIVE', 'PERMANENT', 9, '127', 'SUPERVISORY', '0000-00-00', '0000-00-00', '0000-00-00'),
(1154, 'JOSEPH', 'CAÑEDO', 'B.', '', 'MALE', 'ACTIVE', 'PERMANENT', 21, '10', 'RANK & FILE', '0000-00-00', '0000-00-00', '0000-00-00'),
(1156, 'JOSEPH', 'VILLAMIL', 'B.', '', 'MALE', 'ACTIVE', 'PERMANENT', 7, '41', 'RANK & FILE', '0000-00-00', '0000-00-00', '0000-00-00'),
(1157, 'JOSEPH CLINT', 'DIAO', 'F.', '', 'MALE', 'ACTIVE', 'PERMANENT', 11, '22', 'RANK & FILE', '0000-00-00', '0000-00-00', '0000-00-00'),
(1158, 'JOSEPH JOHNSON', 'DILAG', 'A.', '', 'MALE', 'ACTIVE', 'PERMANENT', 18, '10', 'RANK & FILE', '0000-00-00', '0000-00-00', '0000-00-00'),
(1159, 'JOSEPH', 'PALMA', 'O.', '', 'MALE', 'INACTIVE', 'PERMANENT', NULL, NULL, NULL, '0000-00-00', '0000-00-00', '0000-00-00'),
(1160, 'JOSEPH RICHARD', 'VILLAMIL', 'Y.', '', 'MALE', 'ACTIVE', 'PERMANENT', 21, '52', 'RANK & FILE', '0000-00-00', '0000-00-00', '0000-00-00');
INSERT INTO `employees` (`employees_id`, `firstName`, `lastName`, `middleName`, `extName`, `gender`, `status`, `employmentStatus`, `department_id`, `position_id`, `natureOfAssignment`, `dateActivated`, `dateInactivated`, `dateIPCR`) VALUES
(1161, 'JOSEPH', 'CATALAN', 'T.', '', 'MALE', 'ACTIVE', 'CASUAL', 4, '200', 'RANK & FILE', '0000-00-00', '0000-00-00', '0000-00-00'),
(1162, 'JOSEPHINE', 'ORACION', 'B.', '', 'FEMALE', 'ACTIVE', 'PERMANENT', 23, '37', 'SUPERVISORY', '0000-00-00', '0000-00-00', '0000-00-00'),
(1163, 'JOSEPHINE', 'BALASABAS', 'C.', '', 'FEMALE', 'ACTIVE', 'PERMANENT', 10, '152', 'RANK & FILE', '0000-00-00', '0000-00-00', '0000-00-00'),
(1164, 'JOSEPHINE', 'LAGONDI', 'C.', '', 'FEMALE', 'ACTIVE', 'PERMANENT', 6, '46', 'RANK & FILE', '0000-00-00', '0000-00-00', '0000-00-00'),
(1165, 'JOSEPHINE', 'HAMOR', 'G.', '', NULL, 'INACTIVE', 'PERMANENT', NULL, NULL, NULL, '0000-00-00', '0000-00-00', '0000-00-00'),
(1166, 'JOSEPHINE', 'GALVE', 'R.', '', 'FEMALE', 'ACTIVE', 'CASUAL', 13, '200', 'RANK & FILE', '0000-00-00', '0000-00-00', '0000-00-00'),
(1168, 'JOSIE ANN', 'SALAAN', 'T.', '', 'FEMALE', 'ACTIVE', 'PERMANENT', 16, '30', 'RANK & FILE', '0000-00-00', '0000-00-00', '0000-00-00'),
(1169, 'JOSIE JEAN', 'MAGTOLIS', 'B.', '', 'FEMALE', 'ACTIVE', 'PERMANENT', 11, '157', 'RANK & FILE', '0000-00-00', '0000-00-00', '0000-00-00'),
(1172, 'JOSUE', 'DIPLOMA', 'A.', '', 'MALE', 'ACTIVE', 'PERMANENT', 9, '47', 'RANK & FILE', '0000-00-00', '0000-00-00', '0000-00-00'),
(1174, 'JOVELYN', 'VALOR', 'V.', '', 'FEMALE', 'ACTIVE', 'CASUAL', 13, '200', 'RANK & FILE', '0000-00-00', '0000-00-00', '0000-00-00'),
(1180, 'JOWIE', 'NATAK', 'J.', '', 'MALE', 'ACTIVE', 'CASUAL', 21, '200', 'RANK & FILE', '0000-00-00', '0000-00-00', '0000-00-00'),
(1184, 'JOY', 'VILLEGAS', 'L.', '', 'FEMALE', 'INACTIVE', 'PERMANENT', 16, '144', 'RANK & FILE', '0000-00-00', '2019-07-01', '0000-00-00'),
(1188, 'JUANITA', 'PALMA', 'A.', '', 'FEMALE', 'ACTIVE', 'CASUAL', 13, '200', 'RANK & FILE', '0000-00-00', '0000-00-00', '0000-00-00'),
(1193, 'JUDE ROLAND', 'DUHAYLUNGSOD', 'A.', '', 'MALE', 'ACTIVE', 'PERMANENT', 9, '48', 'RANK & FILE', '0000-00-00', '0000-00-00', '0000-00-00'),
(1196, 'JUDITH', 'TIZON', 'M.', '', 'FEMALE', 'ACTIVE', 'CASUAL', 15, '200', 'RANK & FILE', '0000-00-00', '0000-00-00', '0000-00-00'),
(1198, 'JUDITH', 'DUKA', 'T.', '', 'FEMALE', 'ACTIVE', 'CASUAL', 6, '200', 'RANK & FILE', '0000-00-00', '0000-00-00', '0000-00-00'),
(1199, 'JUDITH', 'MONTECINO', 'T.', '', 'FEMALE', 'ACTIVE', 'CASUAL', 11, '200', 'RANK & FILE', '0000-00-00', '0000-00-00', '0000-00-00'),
(1200, 'JUDITH', 'FRANCO', 'V.', '', 'FEMALE', 'ACTIVE', 'CASUAL', 7, '200', 'RANK & FILE', '0000-00-00', '0000-00-00', '0000-00-00'),
(1201, 'JUDITHA', 'DEMACLID', 'B.', '', 'FEMALE', 'ACTIVE', 'PERMANENT', 8, '180', 'RANK & FILE', '0000-00-00', '0000-00-00', '0000-00-00'),
(1207, 'JULIANA', 'LAMIS', 'A.', '', 'FEMALE', 'ACTIVE', 'PERMANENT', 11, '157', 'RANK & FILE', '0000-00-00', '0000-00-00', '0000-00-00'),
(1209, 'JULIE ANN', 'QUINANOLA', 'B.', '', 'FEMALE', 'ACTIVE', 'PERMANENT', 21, '37', 'SUPERVISORY', '0000-00-00', '0000-00-00', '0000-00-00'),
(1210, 'JULIE', 'YAP', 'L.', '', NULL, 'INACTIVE', 'PERMANENT', NULL, NULL, NULL, '0000-00-00', '0000-00-00', '0000-00-00'),
(1215, 'JULIETA', 'ESPARTERO', 'J.', '', 'FEMALE', 'ACTIVE', 'PERMANENT', 18, '77', 'RANK & FILE', '0000-00-00', '0000-00-00', '0000-00-00'),
(1216, 'JULIETA', 'MONTES', 'M.', '', 'FEMALE', 'ACTIVE', 'PERMANENT', 13, '13', 'RANK & FILE', '0000-00-00', '0000-00-00', '0000-00-00'),
(1222, 'JULIUS', 'CONIENDO', 'T.', '', 'MALE', 'ACTIVE', 'CASUAL', 21, '200', 'RANK & FILE', '0000-00-00', '0000-00-00', '0000-00-00'),
(1223, 'JULIUS', 'ESPARTERO', 'T.', '', 'MALE', 'ACTIVE', 'PERMANENT', 16, '111', 'SUPERVISORY', '0000-00-00', '0000-00-00', '0000-00-00'),
(1226, 'JULY', 'MAGBANUA', 'B.', '', 'MALE', 'ACTIVE', 'PERMANENT', 7, '44', 'SUPERVISORY', '0000-00-00', '0000-00-00', '0000-00-00'),
(1231, 'JUNE CYRIL', 'PASTORFIDE', 'F.', '', 'FEMALE', 'ACTIVE', 'PERMANENT', 28, '66', 'RANK & FILE', '0000-00-00', '0000-00-00', '0000-00-00'),
(1233, 'JUNICH', 'ESPARTERO', 'T.', '', 'MALE', 'ACTIVE', 'CASUAL', 23, '200', 'RANK & FILE', '0000-00-00', '0000-00-00', '0000-00-00'),
(1246, 'JUVY', 'TUBESA', 'D.', '', 'FEMALE', 'ACTIVE', 'PERMANENT', 6, '146', 'RANK & FILE', '0000-00-00', '0000-00-00', '0000-00-00'),
(1253, 'KAREN SALUD', 'GEMINA', 'B.', '', 'FEMALE', 'ACTIVE', 'PERMANENT', 11, '157', 'RANK & FILE', '0000-00-00', '0000-00-00', '0000-00-00'),
(1260, 'KATHY', 'BELINGAN', 'C.', '', 'FEMALE', 'ACTIVE', 'PERMANENT', 3, '43', 'RANK & FILE', '0000-00-00', '0000-00-00', '0000-00-00'),
(1263, 'KEN', 'CASTRO', 'M.', '', 'MALE', 'ACTIVE', 'PERMANENT', 21, '77', 'RANK & FILE', '0000-00-00', '0000-00-00', '0000-00-00'),
(1264, 'KENITH RONAN', 'ONG', 'B.', '', 'MALE', 'ACTIVE', 'PERMANENT', 23, '13', 'RANK & FILE', '0000-00-00', '0000-00-00', '0000-00-00'),
(1267, 'KENNETH', 'ARTES', 'S.', '', 'MALE', 'ACTIVE', 'PERMANENT', 19, '202', 'SUPERVISORY', '0000-00-00', '0000-00-00', '0000-00-00'),
(1271, 'KEVIN CLYDE', 'MARTINEZ', 'S.', '', 'MALE', 'ACTIVE', 'CASUAL', 28, '200', 'RANK & FILE', '0000-00-00', '0000-00-00', '0000-00-00'),
(1275, 'KIM TAKKIE', 'TAMPIOC', 'I.', '', 'MALE', 'ACTIVE', 'PERMANENT', 21, '10', 'RANK & FILE', '0000-00-00', '0000-00-00', '0000-00-00'),
(1281, 'KRISTINA', 'HAMSIRANI', 'O.', '', 'FEMALE', 'ACTIVE', 'PERMANENT', 17, '30', 'RANK & FILE', '0000-00-00', '0000-00-00', '0000-00-00'),
(1291, 'LANDRITO', 'TOÑACAO', 'S.', '', 'MALE', 'ACTIVE', 'CASUAL', 18, '200', 'RANK & FILE', '0000-00-00', '0000-00-00', '0000-00-00'),
(1292, 'LANI', 'PATAJO', 'T.', '', 'FEMALE', 'ACTIVE', 'PERMANENT', 5, '100', 'SUPERVISORY', '0000-00-00', '0000-00-00', '0000-00-00'),
(1295, 'LEA', 'TANGENTE', 'P.', '', 'FEMALE', 'ACTIVE', 'PERMANENT', 17, '13', 'RANK & FILE', '0000-00-00', '0000-00-00', '0000-00-00'),
(1296, 'LEA', 'TOMIAS', 'T.', '', 'FEMALE', 'ACTIVE', 'CASUAL', 11, '200', 'RANK & FILE', '0000-00-00', '0000-00-00', '0000-00-00'),
(1298, 'LEALIZ ESTHER', 'CARRASCOSO', 'A.', '', 'FEMALE', 'ACTIVE', 'CASUAL', 11, '200', 'SUPERVISORY', '0000-00-00', '0000-00-00', '0000-00-00'),
(1300, 'LEIZEL', 'VERGARA', 'V.', '', 'FEMALE', 'ACTIVE', 'CASUAL', 21, '200', 'RANK & FILE', '0000-00-00', '0000-00-00', '0000-00-00'),
(1301, 'LEIZL', 'ALBINA', 'C.', '', 'MALE', 'ACTIVE', 'CASUAL', 8, '200', 'RANK & FILE', '0000-00-00', '0000-00-00', '0000-00-00'),
(1303, 'LEMUEL HONORIO', 'BOLLOS', 'P.', '', 'MALE', 'ACTIVE', 'PERMANENT', 20, '43', 'RANK & FILE', '0000-00-00', '0000-00-00', '0000-00-00'),
(1305, 'LENEKIE', 'GAGA-A', 'A.', '', 'MALE', 'ACTIVE', 'PERMANENT', 7, '192', 'RANK & FILE', '0000-00-00', '0000-00-00', '0000-00-00'),
(1308, 'LEOLA JUNE', 'TEVES', 'T.', '', 'FEMALE', 'INACTIVE', 'PERMANENT', 6, '168', 'RANK & FILE', '0000-00-00', '2019-06-16', '0000-00-00'),
(1314, 'LEONARDO', 'DELOS SANTOS', 'I.', '', 'MALE', 'ACTIVE', 'CASUAL', 22, '200', 'RANK & FILE', '0000-00-00', '0000-00-00', '0000-00-00'),
(1315, 'LEONARDO', 'OLORES', 'M.', '', 'MALE', 'ACTIVE', 'CASUAL', 13, '200', 'RANK & FILE', '0000-00-00', '0000-00-00', '0000-00-00'),
(1318, 'LEONIDA', 'PALOMARES', 'V.', '', 'FEMALE', 'ACTIVE', 'PERMANENT', 8, '119', 'RANK & FILE', '0000-00-00', '0000-00-00', '0000-00-00'),
(1320, 'LEONIDES', 'ALBIA', 'R.', '', 'MALE', 'ACTIVE', 'CASUAL', 22, '200', 'RANK & FILE', '0000-00-00', '0000-00-00', '0000-00-00'),
(1322, 'LEONILA', 'LORA', 'A.', '', 'FEMALE', 'ACTIVE', 'CASUAL', 28, '200', 'RANK & FILE', '0000-00-00', '0000-00-00', '0000-00-00'),
(1324, 'LEOSAM', 'ANTONIO', 'A.', '', 'MALE', 'ACTIVE', 'CASUAL', 8, '200', 'RANK & FILE', '0000-00-00', '0000-00-00', '0000-00-00'),
(1326, 'LESTER JAY', 'CAMARILLO', 'V.', '', 'MALE', 'ACTIVE', 'PERMANENT', 20, '142', 'RANK & FILE', '0000-00-00', '0000-00-00', '0000-00-00'),
(1327, 'LIDO AXEL', 'ALCANTARA', 'Q.', '', 'MALE', 'ACTIVE', 'CASUAL', 10, '200', 'RANK & FILE', '0000-00-00', '0000-00-00', '0000-00-00'),
(1330, 'LILIA', 'TUVALLES', 'L.', '', 'FEMALE', 'ACTIVE', 'PERMANENT', 6, '21', 'RANK & FILE', '0000-00-00', '0000-00-00', '0000-00-00'),
(1331, 'LILIA', 'SILOT', 'O.', '', 'FEMALE', 'ACTIVE', 'CASUAL', 17, '200', 'RANK & FILE', '0000-00-00', '0000-00-00', '0000-00-00'),
(1337, 'LINNIE', 'OBANG', 'T.', '', 'FEMALE', 'ACTIVE', 'PERMANENT', 21, '21', 'RANK & FILE', '0000-00-00', '0000-00-00', '0000-00-00'),
(1340, 'LITO', 'LOMONGO', 'M.', '', 'MALE', 'ACTIVE', 'PERMANENT', 15, '28', 'SUPERVISORY', '0000-00-00', '0000-00-00', '0000-00-00'),
(1341, 'LIWAYWAY', 'SALA', 'J.', '', 'FEMALE', 'ACTIVE', 'CASUAL', 4, '200', 'RANK & FILE', '0000-00-00', '0000-00-00', '0000-00-00'),
(1343, 'LIZA', 'PRESTIN', 'A.', '', 'FEMALE', 'ACTIVE', 'PERMANENT', 11, '157', 'RANK & FILE', '0000-00-00', '0000-00-00', '0000-00-00'),
(1345, 'LLOYD', 'QUARTERO', 'E.', '', 'MALE', 'ACTIVE', 'CASUAL', 18, '200', 'RANK & FILE', '0000-00-00', '0000-00-00', '0000-00-00'),
(1346, 'LLOYD', 'TENEFRANCIA', 'I.', '', 'MALE', 'ACTIVE', 'PERMANENT', 19, '21', 'RANK & FILE', '0000-00-00', '0000-00-00', '0000-00-00'),
(1347, 'LOBELLA', 'ILAGAN', 'T.', '', 'FEMALE', 'ACTIVE', 'PERMANENT', 11, '154', 'SUPERVISORY', '0000-00-00', '0000-00-00', '0000-00-00'),
(1348, 'LODEBER', 'BAYNOSA', 'T.', '', 'MALE', 'ACTIVE', 'PERMANENT', 6, '170', 'RANK & FILE', '0000-00-00', '0000-00-00', '0000-00-00'),
(1349, 'LOIDA', 'TASA', 'N.', '', 'FEMALE', 'ACTIVE', 'PERMANENT', 19, '117', 'RANK & FILE', '0000-00-00', '0000-00-00', '0000-00-00'),
(1355, 'LORE', 'CRISOSTOMO', 'L.', '', 'MALE', 'ACTIVE', 'CASUAL', 9, '200', 'RANK & FILE', '0000-00-00', '0000-00-00', '0000-00-00'),
(1357, 'LORELIE', 'MIRAFLOR', 'T.', '', 'FEMALE', 'ACTIVE', 'CASUAL', 7, '200', 'RANK & FILE', '0000-00-00', '0000-00-00', '0000-00-00'),
(1358, 'LORENZO', 'MAPUTI', 'T.', '', 'MALE', 'ACTIVE', 'PERMANENT', 21, '56', 'RANK & FILE', '0000-00-00', '0000-00-00', '0000-00-00'),
(1359, 'LORETA', 'ALINGCOMOT', 'T.', '', 'FEMALE', 'ACTIVE', 'PERMANENT', 2, '25', 'RANK & FILE', '0000-00-00', '0000-00-00', '0000-00-00'),
(1360, 'LORETA TASPIL', 'SARIENTAS', 'C.', '', 'FEMALE', 'ACTIVE', 'PERMANENT', 5, '82', 'RANK & FILE', '0000-00-00', '0000-00-00', '0000-00-00'),
(1363, 'LORRAINE', 'ZAMORA', 'L.', '', 'FEMALE', 'ACTIVE', 'PERMANENT', 21, '62', 'RANK & FILE', '0000-00-00', '0000-00-00', '0000-00-00'),
(1369, 'LOUVETTE', 'TORREDA', 'C.', '', 'FEMALE', 'ACTIVE', 'CASUAL', 1, '200', 'RANK & FILE', '0000-00-00', '0000-00-00', '0000-00-00'),
(1374, 'LOWELL CARL', 'ELMIDO', 'U.', '', 'MALE', 'ACTIVE', 'PERMANENT', 21, '126', 'SUPERVISORY', '0000-00-00', '0000-00-00', '0000-00-00'),
(1376, 'LUBEN', 'CANTO', 'C.', '', 'MALE', 'ACTIVE', 'CASUAL', 15, '200', 'RANK & FILE', '0000-00-00', '0000-00-00', '0000-00-00'),
(1378, 'LUCIANO', 'TUMALE', 'G.', 'II', 'MALE', 'ACTIVE', 'PERMANENT', 11, '171', 'RANK & FILE', '0000-00-00', '0000-00-00', '0000-00-00'),
(1380, 'LUCIANO', 'BEHAGAN', 'S.', '', 'MALE', 'ACTIVE', 'PERMANENT', 21, '53', 'RANK & FILE', '0000-00-00', '0000-00-00', '0000-00-00'),
(1382, 'LUCILLE', 'MARINDA', 'V.', '', 'FEMALE', 'ACTIVE', 'PERMANENT', 3, '117', 'RANK & FILE', '0000-00-00', '0000-00-00', '0000-00-00'),
(1391, 'LUZBELLA', 'SORIA', 'T.', '', 'FEMALE', 'ACTIVE', 'PERMANENT', 28, '10', 'RANK & FILE', '0000-00-00', '0000-00-00', '0000-00-00'),
(1392, 'LYANADA FEIAM', 'AGUILAR', 'F.', '', 'FEMALE', 'ACTIVE', 'CASUAL', 11, '200', 'RANK & FILE', '0000-00-00', '0000-00-00', '0000-00-00'),
(1396, 'LYSTER', 'TRAYVILLA', 'D.', '', 'MALE', 'INACTIVE', 'PERMANENT', 16, '144', 'RANK & FILE', '0000-00-00', '2019-07-01', '0000-00-00'),
(1398, 'MA. ACELA', 'ESPARTERO', 'D.', '', 'FEMALE', 'ACTIVE', 'PERMANENT', 30, '46', 'RANK & FILE', '0000-00-00', '0000-00-00', '0000-00-00'),
(1399, 'MA. ANGELES LOURES', 'LOJERA', 'R.', '', 'FEMALE', 'ACTIVE', 'CASUAL', 30, '200', 'RANK & FILE', '0000-00-00', '0000-00-00', '0000-00-00'),
(1402, 'MA. CLARETTE', 'BALASABAS', 'T.', '', 'FEMALE', 'ACTIVE', 'PERMANENT', 6, '168', 'RANK & FILE', '0000-00-00', '0000-00-00', '0000-00-00'),
(1403, 'MA. DESIREE', 'YEE', 'B.', '', 'FEMALE', 'ACTIVE', 'PERMANENT', 8, '180', 'RANK & FILE', '0000-00-00', '0000-00-00', '0000-00-00'),
(1404, 'MA. ELAINE', 'PAPELERAS', 'T.', '', 'FEMALE', 'ACTIVE', 'PERMANENT', 1, '89', 'SUPERVISORY', '0000-00-00', '0000-00-00', '0000-00-00'),
(1407, 'MA. GINA', 'GAREZA', 'S.', '', 'FEMALE', 'ACTIVE', 'CASUAL', 4, '200', 'RANK & FILE', '0000-00-00', '0000-00-00', '0000-00-00'),
(1410, 'MA. ISABEL', 'AUNGON', 'B.', '', 'FEMALE', 'ACTIVE', 'PERMANENT', 5, '63', 'RANK & FILE', '0000-00-00', '0000-00-00', '0000-00-00'),
(1411, 'MA. ISABELITA', 'TENEFRANCIA', 'I.', '', 'FEMALE', 'INACTIVE', 'PERMANENT', 6, '207', 'SUPERVISORY', '0000-00-00', '2019-07-08', '0000-00-00'),
(1412, 'MA. JEZEBEL', 'ESTIÑOSO', 'G.', '', 'FEMALE', 'ACTIVE', 'PERMANENT', 6, '168', 'RANK & FILE', '0000-00-00', '0000-00-00', '0000-00-00'),
(1413, 'MA. LEDYLYN', 'ENTAC', 'P.', '', 'FEMALE', 'ACTIVE', 'PERMANENT', 18, '43', 'RANK & FILE', '0000-00-00', '0000-00-00', '0000-00-00'),
(1414, 'MA. ROSA', 'ABORIDO', 'C.', '', 'FEMALE', 'ACTIVE', 'PERMANENT', 11, '155', 'SUPERVISORY', '0000-00-00', '0000-00-00', '0000-00-00'),
(1416, 'MA. SUSAN', 'ALMAGRO', 'B.', '', 'FEMALE', 'ACTIVE', 'PERMANENT', 11, '157', 'RANK & FILE', '0000-00-00', '0000-00-00', '0000-00-00'),
(1417, 'MA. VIVIEN', 'ARAGON', 'D.', '', 'FEMALE', 'ACTIVE', 'PERMANENT', 11, '158', 'SUPERVISORY', '0000-00-00', '0000-00-00', '0000-00-00'),
(1418, 'MAE ANN', 'NALUA', 'M.', '', 'FEMALE', 'ACTIVE', 'PERMANENT', 8, '181', 'SUPERVISORY', '0000-00-00', '0000-00-00', '0000-00-00'),
(1422, 'MAMERTO', 'VALOR', 'Q.', '', 'MALE', 'ACTIVE', 'CASUAL', 30, '200', 'RANK & FILE', '0000-00-00', '0000-00-00', '0000-00-00'),
(1423, 'MANOLITO', 'GEMIRA', 'T.', '', 'MALE', 'ACTIVE', 'PERMANENT', 21, '51', 'RANK & FILE', '0000-00-00', '0000-00-00', '0000-00-00'),
(1426, 'MANUEL', 'TORREDA', 'C.', 'II', 'MALE', 'ACTIVE', 'PERMANENT', 9, '126', 'SUPERVISORY', '0000-00-00', '0000-00-00', '0000-00-00'),
(1428, 'MANUELITO', 'BAJAS', 'M.', '', 'MALE', 'INACTIVE', 'PERMANENT', 8, '170', 'RANK & FILE', '0000-00-00', '2019-07-01', '0000-00-00'),
(1431, 'MARC WAYNE', 'CATAN', 'P.', '', 'MALE', 'ACTIVE', 'CASUAL', 15, '200', 'RANK & FILE', '0000-00-00', '0000-00-00', '0000-00-00'),
(1434, 'MARCELINO', 'INGAN', 'M.', '', 'MALE', 'ACTIVE', 'CASUAL', 31, '200', 'RANK & FILE', '0000-00-00', '0000-00-00', '0000-00-00'),
(1435, 'MARCHITA', 'TUALE', 'P.', '', 'FEMALE', 'ACTIVE', 'PERMANENT', 8, '99', 'SUPERVISORY', '0000-00-00', '0000-00-00', '0000-00-00'),
(1438, 'MARGARITO', 'ATIENZA', 'D.', '', 'MALE', 'ACTIVE', 'CASUAL', 4, '200', 'RANK & FILE', '0000-00-00', '0000-00-00', '0000-00-00'),
(1439, 'MARGIE', 'PASTORFIDE', 'A.', '', 'FEMALE', 'ACTIVE', 'PERMANENT', 11, '157', 'RANK & FILE', '0000-00-00', '0000-00-00', '0000-00-00'),
(1443, 'MARIA ANGELICA', 'QUIANZO', 'A.', '', 'FEMALE', 'ACTIVE', 'CASUAL', 21, '200', 'RANK & FILE', '0000-00-00', '0000-00-00', '0000-00-00'),
(1445, 'MARIA CARMEN', 'ELNAR', 'T.', '', 'FEMALE', 'ACTIVE', 'PERMANENT', 3, '134', 'SUPERVISORY', '0000-00-00', '0000-00-00', '0000-00-00'),
(1446, 'MARIA CRISTY', 'RABANES', 'S.', '', 'FEMALE', 'ACTIVE', 'CASUAL', 30, '200', 'RANK & FILE', '0000-00-00', '0000-00-00', '0000-00-00'),
(1447, 'MARIA', 'VALOR', 'E.', '', 'FEMALE', 'ACTIVE', 'CASUAL', 16, '200', 'RANK & FILE', '0000-00-00', '0000-00-00', '0000-00-00'),
(1448, 'MARIA ELENA', 'LLENA', 'P.', '', 'FEMALE', 'ACTIVE', 'PERMANENT', 11, '157', 'RANK & FILE', '0000-00-00', '0000-00-00', '0000-00-00'),
(1449, 'MARIA FLORA', 'EGANG', 'C.', '', 'FEMALE', 'ACTIVE', 'CASUAL', 13, '200', 'RANK & FILE', '0000-00-00', '0000-00-00', '0000-00-00'),
(1451, 'MARIA JAINIE', 'NARIO', 'T.', '', 'FEMALE', 'ACTIVE', 'PERMANENT', 6, '169', 'RANK & FILE', '0000-00-00', '0000-00-00', '0000-00-00'),
(1452, 'MARIA JANSSEN', 'EUMAGUE', 'A.', '', 'FEMALE', 'ACTIVE', 'PERMANENT', 28, '6', 'SUPERVISORY', '0000-00-00', '0000-00-00', '0000-00-00'),
(1453, 'MARIA JUVELYN', 'TOLENTINO', 'A.', '', 'FEMALE', 'ACTIVE', 'PERMANENT', 8, '30', 'RANK & FILE', '0000-00-00', '0000-00-00', '0000-00-00'),
(1455, 'MARIA LOURDES', 'FRANCISCO', 'G.', '', 'FEMALE', 'ACTIVE', 'CASUAL', 23, '200', 'RANK & FILE', '0000-00-00', '0000-00-00', '0000-00-00'),
(1458, 'MARIA NOVA', 'AMILER', 'E.', '', 'FEMALE', 'ACTIVE', 'PERMANENT', 7, '45', 'RANK & FILE', '0000-00-00', '0000-00-00', '0000-00-00'),
(1459, 'MARIA SHEILA', 'ACABAL', 'N.', '', 'FEMALE', 'ACTIVE', 'CASUAL', 4, '200', 'RANK & FILE', '0000-00-00', '0000-00-00', '0000-00-00'),
(1460, 'MARIA SHEILA', 'TORRILLO', 'S.', '', 'FEMALE', 'ACTIVE', 'PERMANENT', 9, '187', 'SUPERVISORY', '0000-00-00', '0000-00-00', '0000-00-00'),
(1461, 'MARIA STELLA GERALYN', 'QUINDO', 'A.', '', 'FEMALE', 'ACTIVE', 'CASUAL', 7, '200', 'RANK & FILE', '0000-00-00', '0000-00-00', '0000-00-00'),
(1462, 'MARIA THERESA', 'BAYOT', 'E.', '', 'FEMALE', 'ACTIVE', 'PERMANENT', 23, '69', 'RANK & FILE', '0000-00-00', '0000-00-00', '0000-00-00'),
(1471, 'MARICEL', 'PEROCHO', 'D.', '', 'FEMALE', 'ACTIVE', 'PERMANENT', 20, '142', 'RANK & FILE', '0000-00-00', '0000-00-00', '0000-00-00'),
(1472, 'MARICHEL', 'CAROPE', 'M.', '', 'FEMALE', 'ACTIVE', 'CASUAL', 31, '200', 'RANK & FILE', '0000-00-00', '0000-00-00', '0000-00-00'),
(1474, 'MARICON', 'GANTALAO', 'C.', '', 'FEMALE', 'ACTIVE', 'PERMANENT', 6, '168', 'RANK & FILE', '0000-00-00', '0000-00-00', '0000-00-00'),
(1476, 'MARICRIS', 'BERTOSO', 'G.', '', 'FEMALE', 'INACTIVE', 'PERMANENT', 11, '158', 'SUPERVISORY', '0000-00-00', '2019-05-01', '2003-05-05'),
(1477, 'MARIE CHERYL', 'NALAM', 'T.', '', 'FEMALE', 'ACTIVE', 'PERMANENT', 15, '130', 'SUPERVISORY', '0000-00-00', '0000-00-00', '0000-00-00'),
(1478, 'MARIE JOY', 'MOLEÑO', 'B.', '', 'FEMALE', 'ACTIVE', 'PERMANENT', 10, '151', 'RANK & FILE', '0000-00-00', '0000-00-00', '0000-00-00'),
(1483, 'MARIFEL', 'CARAMPATANA', 'F.', '', 'FEMALE', 'ACTIVE', 'CASUAL', 4, '200', 'RANK & FILE', '0000-00-00', '0000-00-00', '0000-00-00'),
(1488, 'MARILYN', 'LEE', 'Z.', '', 'FEMALE', 'ACTIVE', 'PERMANENT', 6, '46', 'RANK & FILE', '0000-00-00', '0000-00-00', '0000-00-00'),
(1492, 'MARIO DHARDY', 'ALCAZAR', 'J.', '', 'MALE', 'ACTIVE', 'CASUAL', 21, '200', NULL, '0000-00-00', '0000-00-00', '0000-00-00'),
(1493, 'MARIO ECHELON ED', 'TIJING', 'R.', '', 'MALE', 'ACTIVE', 'CASUAL', 19, '200', 'RANK & FILE', '0000-00-00', '0000-00-00', '0000-00-00'),
(1494, 'MARIO JENREX', 'PARTOSA', 'E.', '', 'MALE', 'ACTIVE', 'PERMANENT', 9, '126', 'SUPERVISORY', '0000-00-00', '0000-00-00', '0000-00-00'),
(1495, 'MARIO OLIVER', 'ESPARTERO', 'R.', '', 'MALE', 'ACTIVE', 'PERMANENT', 23, '13', '', '0000-00-00', '0000-00-00', '0000-00-00'),
(1496, 'MARIO', 'SARDOVIA', 'S.', '', 'MALE', 'ACTIVE', 'CASUAL', 4, '200', 'RANK & FILE', '0000-00-00', '0000-00-00', '0000-00-00'),
(1499, 'MARISSA', 'GIDAYA', 'G.', '', 'FEMALE', 'ACTIVE', 'CASUAL', 5, '200', 'RANK & FILE', '0000-00-00', '0000-00-00', '0000-00-00'),
(1501, 'MARIVIC', 'PINANONANG', 'G.', '', 'FEMALE', 'ACTIVE', 'PERMANENT', 2, '25', 'RANK & FILE', '0000-00-00', '0000-00-00', '0000-00-00'),
(1502, 'MARIVIC', 'SALCEDO', 'G.', '', 'FEMALE', 'ACTIVE', 'PERMANENT', 11, '157', 'RANK & FILE', '0000-00-00', '0000-00-00', '0000-00-00'),
(1506, 'MARK', 'UMENGAN', '.', '', NULL, 'INACTIVE', 'PERMANENT', NULL, NULL, NULL, '0000-00-00', '0000-00-00', '0000-00-00'),
(1517, 'MARK NOEL', 'AGUIRRE', 'L.', '', 'MALE', 'ACTIVE', 'CASUAL', 10, '200', 'RANK & FILE', '0000-00-00', '0000-00-00', '0000-00-00'),
(1519, 'MARK', 'BELINGAN', 'V.', '', 'MALE', 'ACTIVE', 'PERMANENT', 21, '57', 'RANK & FILE', '0000-00-00', '0000-00-00', '0000-00-00'),
(1520, 'MARK VINCENT', 'ESCALONA', 'R.', '', 'MALE', 'ACTIVE', 'PERMANENT', 19, '43', 'RANK & FILE', '0000-00-00', '0000-00-00', '0000-00-00'),
(1526, 'MARLON', 'DUHAYLUNGSOD', 'A.', '', 'MALE', 'ACTIVE', 'CASUAL', 10, '200', 'RANK & FILE', '0000-00-00', '0000-00-00', '0000-00-00'),
(1527, 'MARLON', 'BAYOGUIÑA', 'P.', '', 'MALE', 'ACTIVE', 'CASUAL', 21, '200', 'RANK & FILE', '0000-00-00', '0000-00-00', '0000-00-00'),
(1541, 'MARY ANN', 'MONGCAL', 'C.', '', 'FEMALE', 'ACTIVE', 'CASUAL', 30, '200', 'RANK & FILE', '0000-00-00', '0000-00-00', '0000-00-00'),
(1543, 'MARY ANN', 'BONGAPAT', 'T.', '', 'FEMALE', 'ACTIVE', 'PERMANENT', 5, '30', 'RANK & FILE', '0000-00-00', '0000-00-00', '0000-00-00'),
(1545, 'MARY DECEE', 'RIZADA', 'B.', '', 'FEMALE', 'ACTIVE', 'PERMANENT', 2, '19', 'SUPERVISORY', '0000-00-00', '0000-00-00', '0000-00-00'),
(1547, 'MARY GRACE', 'NOSAL', 'T.', '', 'FEMALE', 'ACTIVE', 'PERMANENT', 17, '29', 'SUPERVISORY', '0000-00-00', '0000-00-00', '0000-00-00'),
(1548, 'MARY JEAN', 'AMOR', 'C.', '', 'FEMALE', 'ACTIVE', 'CASUAL', 15, '200', 'RANK & FILE', '0000-00-00', '0000-00-00', '0000-00-00'),
(1549, 'MARY JEAN', 'MORTILLERO', 'C.', '', 'FEMALE', 'ACTIVE', 'PERMANENT', 8, '181', 'SUPERVISORY', '0000-00-00', '0000-00-00', '0000-00-00'),
(1555, 'MAY MARGARET', 'CATARATA', 'P.', '', 'FEMALE', 'ACTIVE', 'PERMANENT', 8, '182', 'SUPERVISORY', '0000-00-00', '0000-00-00', '0000-00-00'),
(1556, 'MAYO', 'MORTILLERO', 'B.', '', 'FEMALE', 'ACTIVE', 'CASUAL', 9, '200', 'RANK & FILE', '0000-00-00', '0000-00-00', '0000-00-00'),
(1557, 'MEDELYN', 'BONGHAY', 'M.', '', 'FEMALE', 'ACTIVE', 'PERMANENT', 21, '21', 'RANK & FILE', '0000-00-00', '0000-00-00', '0000-00-00'),
(1562, 'MELINDA GRACE', 'CARBALLO', 'M.', '', 'FEMALE', 'ACTIVE', 'PERMANENT', 16, '131', 'SUPERVISORY', '0000-00-00', '0000-00-00', '0000-00-00'),
(1563, 'MELISSA MEE', 'VILLAMIL', 'M.', '', 'FEMALE', 'INACTIVE', 'PERMANENT', 16, '144', 'RANK & FILE', '0000-00-00', '2019-07-01', '0000-00-00'),
(1564, 'MELIZA', 'TABORADA', 'C.', '', 'FEMALE', 'ACTIVE', 'PERMANENT', 11, '154', 'RANK & FILE', '0000-00-00', '0000-00-00', '0000-00-00'),
(1565, 'MELODY ', 'DELOS SANTOS', 'M.', '', 'FEMALE', 'ACTIVE', 'PERMANENT', 9, '30', 'RANK & FILE', '0000-00-00', '0000-00-00', '0000-00-00'),
(1566, 'MELVIC', 'BAYOGUIÑA', 'E.', '', 'MALE', 'ACTIVE', 'CASUAL', 30, '200', 'RANK & FILE', '0000-00-00', '0000-00-00', '0000-00-00'),
(1568, 'MEMA', 'TUVALLES', 'B.', '', 'FEMALE', 'ACTIVE', 'PERMANENT', 13, '30', 'RANK & FILE', '0000-00-00', '0000-00-00', '0000-00-00'),
(1569, 'MENCHU', 'TORALDE', 'V.', '', 'FEMALE', 'ACTIVE', 'PERMANENT', 6, '13', 'RANK & FILE', '0000-00-00', '0000-00-00', '0000-00-00'),
(1577, 'MERLITA', 'GAUDIEL', 'R.', '', 'FEMALE', 'ACTIVE', 'ELECTIVE', 16, '97', '', '0000-00-00', '0000-00-00', '0000-00-00'),
(1579, 'MERLYN', 'MAPUTI', 'G.', '', 'FEMALE', 'ACTIVE', 'CASUAL', 22, '200', 'RANK & FILE', '0000-00-00', '0000-00-00', '0000-00-00'),
(1580, 'MERRY GAIL', 'LINIHAN', 'P.', '', 'FEMALE', 'ACTIVE', 'CASUAL', 8, '200', 'RANK & FILE', '0000-00-00', '0000-00-00', '0000-00-00'),
(1581, 'MICA JOY', 'ALBIA', 'L.', '', 'FEMALE', 'INACTIVE', 'CASUAL', 9, '200', 'RANK & FILE', '0000-00-00', '0000-00-00', '0000-00-00'),
(1594, 'MICHEL', 'PADPAD', 'V.', '', 'MALE', 'ACTIVE', 'PERMANENT', 4, '39', 'SUPERVISORY', '0000-00-00', '0000-00-00', '0000-00-00'),
(1596, 'MIE ANN', 'LASPIÑAS', 'A.', '', 'FEMALE', 'ACTIVE', 'CASUAL', 21, '200', 'RANK & FILE', '0000-00-00', '0000-00-00', '0000-00-00'),
(1602, 'MILA', 'VILLANUEVA', 'D.', '', 'FEMALE', 'ACTIVE', 'CASUAL', 7, '200', 'RANK & FILE', '0000-00-00', '0000-00-00', '0000-00-00'),
(1603, 'MILCYN', 'MATURAN', 'C.', '', 'FEMALE', 'ACTIVE', 'PERMANENT', 16, '144', 'RANK & FILE', '0000-00-00', '0000-00-00', '0000-00-00'),
(1604, 'MILDRED FE', 'DORIA', 'U.', '', 'FEMALE', 'ACTIVE', 'PERMANENT', 11, '121', 'SUPERVISORY', '0000-00-00', '0000-00-00', '0000-00-00'),
(1605, 'MILDRED', 'BLANCO', 'V.', '', 'FEMALE', 'ACTIVE', 'PERMANENT', 11, '157', 'RANK & FILE', '0000-00-00', '0000-00-00', '0000-00-00'),
(1606, 'MIRASOL', 'VENDIOLA', 'A.', '', 'FEMALE', 'ACTIVE', 'CASUAL', 11, '200', 'RANK & FILE', '0000-00-00', '0000-00-00', '0000-00-00'),
(1607, 'MIRASOL', 'BELONGHILOT', 'L.', '', 'FEMALE', 'ACTIVE', 'CASUAL', 2, '200', 'RANK & FILE', '0000-00-00', '0000-00-00', '0000-00-00'),
(1608, 'MITZIE ', 'DELA TORRE', 'L.', '', 'FEMALE', 'ACTIVE', 'PERMANENT', 11, '157', 'RANK & FILE', '0000-00-00', '0000-00-00', '0000-00-00'),
(1609, 'MONALIZA', 'TIJING', 'V.', '', 'FEMALE', 'ACTIVE', 'PERMANENT', 30, '10', 'RANK & FILE', '0000-00-00', '0000-00-00', '0000-00-00'),
(1610, 'MONICA ', 'DELA CRUZ', 'M. ', '', 'FEMALE', 'ACTIVE', 'CASUAL', 10, '200', 'RANK & FILE', '0000-00-00', '0000-00-00', '0000-00-00'),
(1611, 'MONICO GALEN', 'BOLLOS', 'E.', 'JR.', 'MALE', 'ACTIVE', 'CASUAL', 13, '200', 'RANK & FILE', '0000-00-00', '0000-00-00', '0000-00-00'),
(1613, 'MUTYA CONCEPCION', 'BRETAÑA', 'L.', '', 'FEMALE', 'ACTIVE', 'CASUAL', 28, '200', 'RANK & FILE', '0000-00-00', '0000-00-00', '0000-00-00'),
(1615, 'MYRCHIELYN', 'TAMPIOC', 'L.', '', 'FEMALE', 'ACTIVE', 'PERMANENT', 21, '13', 'RANK & FILE', '0000-00-00', '0000-00-00', '0000-00-00'),
(1617, 'NANCY', 'SALVA', 'T.', '', 'FEMALE', 'ACTIVE', 'CASUAL', 18, '200', 'RANK & FILE', '0000-00-00', '0000-00-00', '0000-00-00'),
(1618, 'NANCY', 'VALENCIA', 'T.', '', 'FEMALE', 'ACTIVE', 'PERMANENT', 7, '42', 'SUPERVISORY', '0000-00-00', '0000-00-00', '0000-00-00'),
(1619, 'NAPOLEON', 'CAPULSO', 'M.', 'JR.', 'MALE', 'ACTIVE', 'PERMANENT', 11, '173', 'RANK & FILE', '0000-00-00', '0000-00-00', '0000-00-00'),
(1620, 'NARCISO', 'CASIPONG', 'N.', '', 'MALE', 'ACTIVE', 'ELECTIVE', 16, '97', '', '0000-00-00', '0000-00-00', '0000-00-00'),
(1621, 'NARDITO', 'EMPERADO', 'S.', '', 'MALE', 'ACTIVE', 'CASUAL', 13, '200', 'RANK & FILE', '0000-00-00', '0000-00-00', '0000-00-00'),
(1624, 'NEAL OLIVER', 'CARAIG', 'A.', '', 'MALE', 'INACTIVE', 'PERMANENT', 31, '7', 'RANK & FILE', '0000-00-00', '2019-03-15', '0000-00-00'),
(1625, 'NEDEL', 'JALANDONI', 'C.', '', 'FEMALE', 'ACTIVE', 'PERMANENT', 21, '21', 'RANK & FILE', '0000-00-00', '0000-00-00', '0000-00-00'),
(1626, 'NEFREDO CAMILO', 'VILLARUBIA', 'A.', '', 'MALE', 'ACTIVE', 'PERMANENT', 22, '147', 'SUPERVISORY', '0000-00-00', '0000-00-00', '0000-00-00'),
(1629, 'NEJEL', 'ESTREBELLA', 'L.', '', 'MALE', 'ACTIVE', 'CASUAL', 17, '200', 'RANK & FILE', '0000-00-00', '0000-00-00', '0000-00-00'),
(1630, 'NELIA', 'ARNAIZ', 'L.', '', 'FEMALE', 'ACTIVE', 'PERMANENT', 21, '188', 'SUPERVISORY', '0000-00-00', '0000-00-00', '0000-00-00'),
(1639, 'NELSON', 'MASAYON', 'A.', '', 'MALE', 'ACTIVE', 'PERMANENT', 21, '47', 'RANK & FILE', '0000-00-00', '0000-00-00', '0000-00-00'),
(1640, 'NELSON', 'PANDAGANI', 'P.', '', 'MALE', 'ACTIVE', 'PERMANENT', 21, '47', 'RANK & FILE', '0000-00-00', '0000-00-00', '0000-00-00'),
(1641, 'NELSON', 'ROMBINEZ', 'T.', '', 'MALE', 'ACTIVE', 'CASUAL', 18, '200', 'RANK & FILE', '0000-00-00', '0000-00-00', '0000-00-00'),
(1642, 'NELVIE', 'CUBID', 'L.', '', 'FEMALE', 'ACTIVE', 'CASUAL', 9, '200', 'RANK & FILE', '0000-00-00', '0000-00-00', '0000-00-00'),
(1647, 'NENITA', 'NORICO', 'G.', '', 'FEMALE', 'ACTIVE', 'PERMANENT', 8, '119', 'RANK & FILE', '0000-00-00', '0000-00-00', '0000-00-00'),
(1648, 'NERISSA', 'CASELA', 'T.', '', 'MALE', 'ACTIVE', 'CASUAL', 31, '200', 'RANK & FILE', '0000-00-00', '0000-00-00', '0000-00-00'),
(1652, 'NESTOR', 'ESPANTE', 'N.', '', 'MALE', 'ACTIVE', 'PERMANENT', 21, '47', 'RANK & FILE', '0000-00-00', '0000-00-00', '0000-00-00'),
(1654, 'NEZEL', 'CALINGACION', 'R.', '', 'MALE', 'ACTIVE', 'CASUAL', 2, '200', 'RANK & FILE', '0000-00-00', '0000-00-00', '0000-00-00'),
(1657, 'NICANOR REY', 'MENDIOLA', 'T.', 'III', 'MALE', 'ACTIVE', 'PERMANENT', 3, '78', 'RANK & FILE', '0000-00-00', '0000-00-00', '0000-00-00'),
(1658, 'NICHOL', 'ALCAZAR', 'T.', '', 'MALE', 'ACTIVE', 'CASUAL', 3, '200', 'SUPERVISORY', '0000-00-00', '0000-00-00', '0000-00-00'),
(1659, 'NICO ANGELO', 'LIM', 'L.', '', 'MALE', 'ACTIVE', 'ELECTIVE', 16, '97', '', '0000-00-00', '0000-00-00', '0000-00-00'),
(1664, 'NICOLAS', 'ELEMIA', 'O.', '', 'MALE', 'ACTIVE', 'PERMANENT', 19, '86', 'SUPERVISORY', '0000-00-00', '0000-00-00', '0000-00-00'),
(1665, 'NIDA', 'BALDOMERO', 'M.', '', 'FEMALE', 'ACTIVE', 'PERMANENT', 10, '35', 'SUPERVISORY', '0000-00-00', '0000-00-00', '0000-00-00'),
(1666, 'NIKKA SOLIEL', 'SORIA', 'T.', '', 'FEMALE', 'ACTIVE', 'CASUAL', 18, '200', 'RANK & FILE', '0000-00-00', '0000-00-00', '0000-00-00'),
(1668, 'NILFA', 'MALANA', 'I.', '', 'FEMALE', 'ACTIVE', 'PERMANENT', 7, '30', 'RANK & FILE', '0000-00-00', '0000-00-00', '0000-00-00'),
(1669, 'NILO', 'INGAN', '.', '', NULL, 'INACTIVE', 'PERMANENT', NULL, NULL, NULL, '0000-00-00', '0000-00-00', '0000-00-00'),
(1670, 'NILON', 'BAYATON', 'C.', '', 'MALE', 'ACTIVE', 'PERMANENT', 21, '50', 'RANK & FILE', '0000-00-00', '0000-00-00', '0000-00-00'),
(1672, 'NIÑO', 'ONTAL', 'N.', '', 'MALE', 'ACTIVE', 'CASUAL', 15, '200', 'RANK & FILE', '0000-00-00', '0000-00-00', '0000-00-00'),
(1675, 'NIXON', 'PINANONANG', 'M.', '', 'MALE', 'ACTIVE', 'PERMANENT', 9, '137', 'RANK & FILE', '0000-00-00', '0000-00-00', '0000-00-00'),
(1683, 'NOEL', 'HAMOR', 'B.', '', 'MALE', 'ACTIVE', 'PERMANENT', 9, '34', 'SUPERVISORY', '0000-00-00', '0000-00-00', '0000-00-00'),
(1684, 'NOEL', 'BANOGON', 'D.', '', 'MALE', 'ACTIVE', 'PERMANENT', 23, '204', 'RANK & FILE', '0000-00-00', '0000-00-00', '0000-00-00'),
(1685, 'NOEL', 'TOLENTIN', 'I.', '', 'MALE', 'ACTIVE', 'CASUAL', 18, '200', 'RANK & FILE', '0000-00-00', '0000-00-00', '0000-00-00'),
(1686, 'NOEL', 'ESTREBELLA', 'L.', '', 'MALE', 'ACTIVE', 'CASUAL', 21, '200', 'RANK & FILE', '0000-00-00', '0000-00-00', '0000-00-00'),
(1688, 'NOEL', 'QUINDO', 'T.', '', 'MALE', 'ACTIVE', 'PERMANENT', 6, '85', 'RANK & FILE', '0000-00-00', '0000-00-00', '0000-00-00'),
(1689, 'NOELITO', 'DINAPO', 'T.', '', 'MALE', 'ACTIVE', 'CASUAL', 9, '200', 'RANK & FILE', '0000-00-00', '0000-00-00', '0000-00-00'),
(1690, 'NOEMI', 'PANTALITA', 'T.', '', 'FEMALE', 'ACTIVE', 'PERMANENT', 8, '183', 'SUPERVISORY', '0000-00-00', '0000-00-00', '0000-00-00'),
(1691, 'NOLAN', 'MONCAL', 'E.', 'JR', 'MALE', 'ACTIVE', 'PERMANENT', 9, '126', 'SUPERVISORY', '0000-00-00', '0000-00-00', '0000-00-00'),
(1695, 'NORBERTO', 'SUEP', 'G.', '', 'MALE', 'ACTIVE', 'CASUAL', 21, '200', 'RANK & FILE', '0000-00-00', '0000-00-00', '0000-00-00'),
(1698, 'NOVA', 'PIÑERO', 'V.', '', 'FEMALE', 'ACTIVE', 'PERMANENT', 6, '83', 'RANK & FILE', '0000-00-00', '0000-00-00', '0000-00-00'),
(1702, 'NYMPHA', 'RIDAD', 'L.', '', 'FEMALE', 'ACTIVE', 'PERMANENT', 11, '138', 'RANK & FILE', '0000-00-00', '0000-00-00', '0000-00-00'),
(1703, 'OFELIA', 'VISTA', 'B.', '', 'FEMALE', 'ACTIVE', 'PERMANENT', 7, '43', 'RANK & FILE', '0000-00-00', '0000-00-00', '0000-00-00'),
(1704, 'OLIBETH', 'SUETA', 'C.', '', 'FEMALE', 'ACTIVE', 'PERMANENT', 8, '29', 'RANK & FILE', '0000-00-00', '0000-00-00', '0000-00-00'),
(1707, 'OLIVER', 'OGOC', 'S.', '', 'MALE', 'ACTIVE', 'PERMANENT', 19, '161', 'SUPERVISORY', '0000-00-00', '0000-00-00', '0000-00-00'),
(1708, 'OPHELIA URIKA', 'TRINIDAD', 'R.', '', 'FEMALE', 'ACTIVE', 'PERMANENT', 5, '206', 'SUPERVISORY', '0000-00-00', '0000-00-00', '0000-00-00'),
(1712, 'OSCAR', 'DUMAT-OL', 'A.', '', 'MALE', 'ACTIVE', 'CASUAL', 22, '200', 'RANK & FILE', '0000-00-00', '0000-00-00', '0000-00-00'),
(1717, 'PACIFICO', 'QUINDO', 'V.', 'III', 'MALE', 'ACTIVE', 'CASUAL', 10, '200', 'RANK & FILE', '0000-00-00', '0000-00-00', '0000-00-00'),
(1718, 'PACITA', 'DELIMA', 'T.', '', 'FEMALE', 'ACTIVE', 'PERMANENT', 11, '157', 'RANK & FILE', '0000-00-00', '0000-00-00', '0000-00-00'),
(1720, 'PAMELA', 'DOLALAS', 'G.', '', 'FEMALE', 'ACTIVE', 'CASUAL', 15, '200', 'RANK & FILE', '0000-00-00', '0000-00-00', '0000-00-00'),
(1729, 'PAUL MARTIN', 'BENCALO', 'A.', '', 'MALE', 'ACTIVE', 'CASUAL', 9, '200', 'RANK & FILE', '0000-00-00', '0000-00-00', '0000-00-00'),
(1732, 'PAULINE', 'RAGADA', 'Y.', '', 'FEMALE', 'ACTIVE', 'CASUAL', 9, '200', 'RANK & FILE', '0000-00-00', '0000-00-00', '0000-00-00'),
(1738, 'PERLYN MAR', 'ROMBINES', 'P.', '', 'FEMALE', 'ACTIVE', 'PERMANENT', 2, '11', 'SUPERVISORY', '0000-00-00', '0000-00-00', '0000-00-00'),
(1745, 'PETER PAUL', 'RENACIA', 'F.', '', 'MALE', 'INACTIVE', 'ELECTIVE', 16, '97', '', '0000-00-00', '2019-07-01', '0000-00-00'),
(1746, 'PETER PAUL', 'TENEFRANCIA', 'T.', '', 'MALE', 'INACTIVE', 'CASUAL', 13, '200', 'RANK & FILE', '0000-00-00', '2019-06-16', '0000-00-00'),
(1752, 'PLARIDEL', 'BACULAD', 'R.', '', 'MALE', 'ACTIVE', 'PERMANENT', 19, '41', 'RANK & FILE', '0000-00-00', '0000-00-00', '0000-00-00'),
(1761, 'PRUTO', 'BENCALO', 'A.', 'JR.', 'MALE', 'ACTIVE', 'CASUAL', 9, '200', 'RANK & FILE', '0000-00-00', '0000-00-00', '0000-00-00'),
(1762, 'PRYDE HENRY', 'TEVES', 'A.', '', 'MALE', 'ACTIVE', 'ELECTIVE', 15, '113', '', '0000-00-00', '0000-00-00', '0000-00-00'),
(1764, 'RACHEL', 'MONCAL', 'B.', '', 'FEMALE', 'ACTIVE', 'PERMANENT', 6, '46', 'RANK & FILE', '0000-00-00', '0000-00-00', '0000-00-00'),
(1767, 'RACHEL', 'TOLEDO', 'P.', '', 'FEMALE', 'ACTIVE', 'PERMANENT', 30, '6', 'SUPERVISORY', '0000-00-00', '0000-00-00', '0000-00-00'),
(1770, 'RAFAELA', 'PALLORINA', 'M.', '', 'FEMALE', 'ACTIVE', 'CASUAL', 13, '200', 'RANK & FILE', '0000-00-00', '0000-00-00', '0000-00-00'),
(1772, 'RALPH', 'RAGAY', 'G.', '', 'MALE', 'ACTIVE', 'PERMANENT', 9, '161', 'SUPERVISORY', '0000-00-00', '0000-00-00', '0000-00-00'),
(1778, 'RAMIE', 'CANOY', 'A.', '', 'MALE', 'ACTIVE', 'CASUAL', 15, '200', 'RANK & FILE', '0000-00-00', '0000-00-00', '0000-00-00'),
(1781, 'RAMIL', 'GINO', 'A.', '', 'MALE', 'ACTIVE', 'CASUAL', 1, '200', 'RANK & FILE', '0000-00-00', '0000-00-00', '0000-00-00'),
(1788, 'RAMON', 'TRONCO', 'B.', 'JR.', 'MALE', 'ACTIVE', 'CASUAL', 1, '200', 'RANK & FILE', '0000-00-00', '0000-00-00', '0000-00-00'),
(1791, 'RAMON', 'CARBO', 'Q.', '', 'MALE', 'ACTIVE', 'PERMANENT', 14, '94', 'SUPERVISORY', '0000-00-00', '0000-00-00', '0000-00-00'),
(1792, 'RAMON', 'GRACIADAS', 'Q.', 'JR', 'MALE', 'ACTIVE', 'PERMANENT', 9, '175', 'RANK & FILE', '0000-00-00', '0000-00-00', '0000-00-00'),
(1794, 'RAMONITO', 'BORRES', 'T.', 'JR.', 'MALE', 'ACTIVE', 'CASUAL', 18, '200', 'RANK & FILE', '0000-00-00', '0000-00-00', '0000-00-00'),
(1796, 'RANDOLF', 'FERIL', 'T.', '', 'MALE', 'ACTIVE', 'CASUAL', 30, '200', 'RANK & FILE', '0000-00-00', '0000-00-00', '0000-00-00'),
(1800, 'RANDY', 'GUIRON', 'A.', '', 'MALE', 'ACTIVE', 'CASUAL', 4, '200', 'RANK & FILE', '0000-00-00', '0000-00-00', '0000-00-00'),
(1805, 'RANIER', 'BUEN', 'G.', '', 'MALE', 'ACTIVE', 'CASUAL', 27, '200', 'RANK & FILE', '0000-00-00', '0000-00-00', '0000-00-00'),
(1807, 'RASMER', 'CARBO', 'Q.', '', 'MALE', 'ACTIVE', 'CASUAL', 7, '200', 'RANK & FILE', '0000-00-00', '0000-00-00', '0000-00-00'),
(1809, 'RAUL', 'MORADOS', 'O.', '', 'MALE', 'ACTIVE', 'PERMANENT', 9, '47', 'RANK & FILE', '0000-00-00', '0000-00-00', '0000-00-00'),
(1811, 'RAUL', 'BISABIS', 'Z.', '', 'MALE', 'ACTIVE', 'CASUAL', 13, '200', 'RANK & FILE', '0000-00-00', '0000-00-00', '0000-00-00'),
(1812, 'RAY', 'FORTIN', 'A.', '', 'MALE', 'ACTIVE', 'PERMANENT', 9, '126', 'SUPERVISORY', '0000-00-00', '0000-00-00', '0000-00-00'),
(1816, 'RAY', 'PAPELERAS', 'T.', '', 'MALE', 'ACTIVE', 'PERMANENT', 7, '44', 'SUPERVISORY', '0000-00-00', '0000-00-00', '0000-00-00'),
(1822, 'RAYMUNDO', 'TUBLE', 'F.', '', 'MALE', 'ACTIVE', 'CASUAL', 7, '200', 'RANK & FILE', '0000-00-00', '0000-00-00', '0000-00-00'),
(1833, 'REGIE', 'REPOSO', 'D.', '', 'MALE', 'ACTIVE', 'CASUAL', 20, '200', 'RANK & FILE', '0000-00-00', '0000-00-00', '0000-00-00'),
(1842, 'RENANTE', 'SARAÑA', 'F.', '', 'MALE', 'ACTIVE', 'CASUAL', 13, '200', 'RANK & FILE', '0000-00-00', '0000-00-00', '0000-00-00'),
(1844, 'RENATO', 'CABEL', 'B.', 'JR.', 'MALE', 'ACTIVE', 'CASUAL', 18, '200', 'RANK & FILE', '0000-00-00', '0000-00-00', '0000-00-00'),
(1845, 'RENATO', 'CASTRO', 'G.', '', 'MALE', 'ACTIVE', 'CASUAL', 16, '200', 'RANK & FILE', '0000-00-00', '0000-00-00', '0000-00-00'),
(1849, 'RENE', 'DUMAT-OL', 'B.', '', 'MALE', 'ACTIVE', 'PERMANENT', 16, '10', 'RANK & FILE', '0000-00-00', '0000-00-00', '0000-00-00'),
(1850, 'RENE', 'MAGTOLIS', 'E.', '', 'MALE', 'ACTIVE', 'PERMANENT', 21, '10', 'RANK & FILE', '0000-00-00', '0000-00-00', '0000-00-00'),
(1852, 'RENE', 'PEBIDA', 'P.', '', 'MALE', 'ACTIVE', 'CASUAL', 21, '200', 'RANK & FILE', '0000-00-00', '0000-00-00', '0000-00-00'),
(1853, 'RENE', 'GUARDIANO', 'S.', '', 'MALE', 'ACTIVE', 'PERMANENT', 9, '118', 'RANK & FILE', '0000-00-00', '0000-00-00', '0000-00-00'),
(1857, 'RENIE', 'JAMIN', 'R.', '', 'MALE', 'ACTIVE', 'CASUAL', 13, '200', 'RANK & FILE', '0000-00-00', '0000-00-00', '0000-00-00'),
(1859, 'REPE', 'TORREDA', 'A.', '', 'MALE', 'ACTIVE', 'CASUAL', 18, '200', 'RANK & FILE', '0000-00-00', '0000-00-00', '0000-00-00'),
(1861, 'RESRAN BLAIR', 'INDAB', 'T.', '', 'FEMALE', 'ACTIVE', 'CASUAL', 11, '200', 'RANK & FILE', '0000-00-00', '0000-00-00', '0000-00-00'),
(1863, 'RESTITUTO', 'BAYATON', 'C.', '', 'MALE', 'ACTIVE', 'PERMANENT', 21, '71', 'RANK & FILE', '0000-00-00', '0000-00-00', '0000-00-00'),
(1865, 'RESTITUTO', 'QUIÑANOLA', 'V.', '', 'MALE', 'ACTIVE', 'PERMANENT', 21, '30', 'RANK & FILE', '0000-00-00', '0000-00-00', '0000-00-00'),
(1872, 'REY', 'SENO', 'A.', '', 'MALE', 'ACTIVE', 'PERMANENT', 30, '73', 'RANK & FILE', '0000-00-00', '0000-00-00', '0000-00-00'),
(1875, 'REY', 'CORDOVA', 'V.', '', 'MALE', 'ACTIVE', 'CASUAL', 6, '200', 'RANK & FILE', '0000-00-00', '0000-00-00', '0000-00-00'),
(1877, 'REYLAND', 'GOCIO', 'T.', '', 'MALE', 'ACTIVE', 'PERMANENT', 5, '206', 'SUPERVISORY', '0000-00-00', '0000-00-00', '0000-00-00'),
(1888, 'REYNALDO', 'CRISOSTOMO', 'E.', 'JR', 'MALE', 'ACTIVE', 'PERMANENT', 20, '13', 'RANK & FILE', '0000-00-00', '0000-00-00', '0000-00-00'),
(1890, 'REYNALDO', 'SOLAMILLO', 'L.', '', 'MALE', 'ACTIVE', 'PERMANENT', 10, '30', '', '0000-00-00', '0000-00-00', '0000-00-00'),
(1892, 'REYNALDO', 'VILLARETO', 'M.', '', 'MALE', 'ACTIVE', 'CASUAL', 16, '200', 'RANK & FILE', '0000-00-00', '0000-00-00', '0000-00-00'),
(1895, 'REYNALDO', 'BELINGAN', 'S.', '', 'MALE', 'ACTIVE', 'PERMANENT', 7, '40', 'SUPERVISORY', '0000-00-00', '0000-00-00', '0000-00-00'),
(1897, 'RHONA JEAN', 'CORPUZ', 'P.', '', 'FEMALE', 'ACTIVE', 'PERMANENT', 2, '22', 'RANK & FILE', '0000-00-00', '0000-00-00', '0000-00-00'),
(1898, 'RHONA LEE', 'GRACIADAS', 'A.', '', 'FEMALE', 'ACTIVE', 'CASUAL', 11, '200', 'RANK & FILE', '0000-00-00', '0000-00-00', '0000-00-00'),
(1899, 'RHUEL', 'MELENDRES', 'C.', '', 'MALE', 'ACTIVE', 'CASUAL', 11, '200', 'RANK & FILE', '0000-00-00', '0000-00-00', '0000-00-00'),
(1904, 'RICARDO', 'CARMELOTES', 'C.', '', 'MALE', 'ACTIVE', 'PERMANENT', 21, '47', 'RANK & FILE', '0000-00-00', '0000-00-00', '0000-00-00'),
(1905, 'RICARDO', 'NODADO', 'I.', '', 'MALE', 'INACTIVE', 'PERMANENT', 21, '126', 'SUPERVISORY', '0000-00-00', '0000-00-00', '0000-00-00'),
(1906, 'RICARDO', 'DONAN', 'M.', '', 'MALE', 'ACTIVE', 'CASUAL', 4, '200', 'RANK & FILE', '0000-00-00', '0000-00-00', '0000-00-00'),
(1914, 'RICHARD', 'BANTILAN', 'G.', '', 'MALE', 'ACTIVE', 'CASUAL', 18, '200', 'RANK & FILE', '0000-00-00', '0000-00-00', '0000-00-00'),
(1915, 'RICHARD', 'BUCOL', 'P.', '', 'MALE', 'ACTIVE', 'PERMANENT', 9, '55', 'RANK & FILE', '0000-00-00', '0000-00-00', '0000-00-00'),
(1916, 'RICHARD', 'ENCABO', 'V.', '', 'MALE', 'ACTIVE', 'CASUAL', 18, '200', 'RANK & FILE', '0000-00-00', '0000-00-00', '0000-00-00'),
(1922, 'RICKY', 'ABAYON', 'G.', '', 'MALE', 'ACTIVE', 'CASUAL', 4, '200', '', '0000-00-00', '0000-00-00', '0000-00-00'),
(1924, 'RICKY', 'TEJERO', 'L.', '', 'MALE', 'ACTIVE', 'CASUAL', 22, '200', 'RANK & FILE', '0000-00-00', '0000-00-00', '0000-00-00'),
(1929, 'RIECHO', 'PINANONANG', 'H.', '', 'MALE', 'ACTIVE', 'PERMANENT', 3, '136', 'SUPERVISORY', '0000-00-00', '0000-00-00', '0000-00-00'),
(1931, 'RIGOBERTO', 'HERNANI', '.', '', NULL, 'INACTIVE', 'PERMANENT', NULL, NULL, NULL, '0000-00-00', '0000-00-00', '0000-00-00'),
(1935, 'RITCHIE', 'MORTILLERO', 'M.', '', 'MALE', 'ACTIVE', 'PERMANENT', 1, '28', 'SUPERVISORY', '0000-00-00', '0000-00-00', '0000-00-00'),
(1936, 'RIZA', 'EMBORES', 'A.', '', 'FEMALE', 'ACTIVE', 'PERMANENT', 16, '30', 'RANK & FILE', '0000-00-00', '0000-00-00', '0000-00-00'),
(1937, 'RIZALYN', 'BANTUG', 'S.', '', 'FEMALE', 'ACTIVE', 'PERMANENT', 23, '21', 'RANK & FILE', '0000-00-00', '0000-00-00', '0000-00-00'),
(1941, 'ROBERT', 'TALDE', 'C.', '', 'MALE', 'ACTIVE', 'CASUAL', 21, '200', 'RANK & FILE', '0000-00-00', '0000-00-00', '0000-00-00'),
(1942, 'ROBERT ROBINSON', 'CHIONG', 'B.', '', 'MALE', 'ACTIVE', 'CASUAL', 21, '200', 'RANK & FILE', '0000-00-00', '0000-00-00', '0000-00-00'),
(1949, 'ROBERTO', 'GALVEZ', 'B.', '', 'MALE', 'ACTIVE', 'PERMANENT', 9, '133', 'RANK & FILE', '0000-00-00', '0000-00-00', '0000-00-00'),
(1952, 'ROBERTO', 'LUCERO', 'D.', 'JR.', 'MALE', 'ACTIVE', 'CASUAL', 18, '200', 'RANK & FILE', '0000-00-00', '0000-00-00', '0000-00-00'),
(1960, 'RODELYN', 'SIACOR', 'D.', '', 'FEMALE', 'ACTIVE', 'PERMANENT', 11, '157', 'RANK & FILE', '0000-00-00', '0000-00-00', '0000-00-00'),
(1963, 'RODERICK', 'OLAC', 'P.', '', 'MALE', 'ACTIVE', 'CASUAL', 18, '200', 'RANK & FILE', '0000-00-00', '0000-00-00', '0000-00-00'),
(1966, 'RODOLFO', 'DONASCO', 'M.', 'JR.', 'MALE', 'ACTIVE', 'CASUAL', 18, '200', 'RANK & FILE', '0000-00-00', '0000-00-00', '0000-00-00'),
(1967, 'RODOLFO', 'LAPE', 'N.', '', 'MALE', 'ACTIVE', 'CASUAL', 20, '200', 'RANK & FILE', '0000-00-00', '0000-00-00', '0000-00-00'),
(1968, 'RODOLFO', 'TEJE', 'S.', 'JR', 'MALE', 'ACTIVE', 'PERMANENT', 21, '72', 'RANK & FILE', '0000-00-00', '0000-00-00', '0000-00-00'),
(1970, 'RODRIGO ', 'DELOS REYES', 'N.', 'JR.', 'MALE', 'ACTIVE', 'PERMANENT', 21, '76', 'RANK & FILE', '0000-00-00', '0000-00-00', '0000-00-00'),
(1978, 'ROEL', 'LASPIÑAS', 'D.', '', 'MALE', 'ACTIVE', 'CASUAL', 7, '200', 'RANK & FILE', '0000-00-00', '0000-00-00', '0000-00-00'),
(1980, 'ROEM MELENCIO', 'GAMO', 'R.', '', 'MALE', 'ACTIVE', 'CASUAL', 18, '200', 'RANK & FILE', '0000-00-00', '0000-00-00', '0000-00-00'),
(1981, 'ROEVEL IAN', 'TALEON', 'T.', '', 'MALE', 'ACTIVE', 'PERMANENT', 9, '133', 'RANK & FILE', '0000-00-00', '0000-00-00', '0000-00-00'),
(1990, 'ROGELIO', 'LECIRA', 'C.', '', 'MALE', 'ACTIVE', 'CASUAL', 4, '200', 'RANK & FILE', '0000-00-00', '0000-00-00', '0000-00-00'),
(1991, 'ROGELIO', 'JUAREZ', 'E.', '', 'MALE', 'ACTIVE', 'CASUAL', 30, '200', 'RANK & FILE', '0000-00-00', '0000-00-00', '0000-00-00'),
(1994, 'ROGELIO', 'VILLANUEVA', 'Z.', 'JR.', 'MALE', 'ACTIVE', 'CASUAL', 18, '200', 'RANK & FILE', '0000-00-00', '0000-00-00', '0000-00-00'),
(1997, 'ROGER', 'TUALE', 'C.', '', 'MALE', 'ACTIVE', 'CASUAL', 7, '200', 'RANK & FILE', '0000-00-00', '0000-00-00', '0000-00-00'),
(2007, 'ROLANDO', 'ROMO', 'A.', '', 'MALE', 'ACTIVE', 'PERMANENT', 9, '196', 'RANK & FILE', '0000-00-00', '0000-00-00', '0000-00-00'),
(2008, 'ROLANDO', 'ALDE', 'B.', '', 'MALE', 'INACTIVE', 'PERMANENT', 21, '47', 'RANK & FILE', '0000-00-00', '0000-00-00', '0000-00-00'),
(2010, 'ROLANDO', 'BANOGON', 'D.', '', 'MALE', 'ACTIVE', 'CASUAL', 21, '200', 'RANK & FILE', '0000-00-00', '0000-00-00', '0000-00-00'),
(2011, 'ROLANDO', 'SALUMAG', 'E.', 'JR.', 'MALE', 'ACTIVE', 'PERMANENT', 9, '48', 'RANK & FILE', '0000-00-00', '0000-00-00', '0000-00-00'),
(2012, 'ROLANDO', 'BALDEVARONA', 'G.', '', 'MALE', 'ACTIVE', 'CASUAL', 9, '200', 'RANK & FILE', '0000-00-00', '0000-00-00', '0000-00-00'),
(2013, 'ROLANDO', 'VALENCIA', 'M.', '', NULL, 'INACTIVE', 'PERMANENT', NULL, NULL, NULL, '0000-00-00', '0000-00-00', '0000-00-00'),
(2021, 'ROLLY', 'ALSON', 'H.', 'JR.', 'MALE', 'ACTIVE', 'CASUAL', 4, '200', 'RANK & FILE', '0000-00-00', '0000-00-00', '0000-00-00'),
(2022, 'ROMAN', 'RIO', 'R.', '', 'MALE', 'INACTIVE', 'PERMANENT', 6, '193', 'RANK & FILE', '0000-00-00', '0000-00-00', '0000-00-00'),
(2025, 'ROMEL', 'FERIL', 'B.', '', 'MALE', 'ACTIVE', 'CASUAL', 13, '200', 'RANK & FILE', '0000-00-00', '0000-00-00', '0000-00-00'),
(2026, 'ROMEL', 'TUBONGBANUA', 'L.', '', 'MALE', 'ACTIVE', 'PERMANENT', 6, '193', 'RANK & FILE', '0000-00-00', '0000-00-00', '0000-00-00'),
(2028, 'ROMELY', 'ALSON', 'H.', '', 'MALE', 'ACTIVE', 'CASUAL', 4, '200', 'RANK & FILE', '0000-00-00', '0000-00-00', '0000-00-00'),
(2034, 'ROMEO', 'BUENAVISTA', 'S.', '', 'MALE', 'ACTIVE', 'PERMANENT', 20, '47', 'RANK & FILE', '0000-00-00', '0000-00-00', '0000-00-00'),
(2035, 'ROMEO', 'FERIL', 'V.', '', 'MALE', 'ACTIVE', 'CASUAL', 18, '200', 'RANK & FILE', '0000-00-00', '0000-00-00', '0000-00-00'),
(2036, 'ROMEO', 'LALAS', 'V.', '', 'MALE', 'ACTIVE', 'PERMANENT', 11, '159', 'SUPERVISORY', '0000-00-00', '0000-00-00', '0000-00-00'),
(2044, 'ROMMEL', 'LEBRILLA', 'T.', '', 'MALE', 'ACTIVE', 'PERMANENT', 11, '171', 'RANK & FILE', '0000-00-00', '0000-00-00', '0000-00-00'),
(2049, 'ROMULO', 'FERIL', 'B.', 'JR.', 'MALE', 'ACTIVE', 'CASUAL', 21, '200', 'RANK & FILE', '0000-00-00', '0000-00-00', '0000-00-00'),
(2053, 'RONA', 'LACSON', 'D.', '', 'FEMALE', 'ACTIVE', 'CASUAL', 11, '200', 'RANK & FILE', '0000-00-00', '0000-00-00', '0000-00-00'),
(2054, 'RONA', 'LAURENTE', 'O.', '', 'FEMALE', 'ACTIVE', 'PERMANENT', 21, '165', 'SUPERVISORY', '0000-00-00', '0000-00-00', '0000-00-00'),
(2055, 'RONA', 'LERON', 'V.', '', 'FEMALE', 'INACTIVE', 'PERMANENT', 16, '144', 'RANK & FILE', '0000-00-00', '2019-07-01', '0000-00-00'),
(2064, 'RONALD', 'ELNAR', 'D.', '', 'MALE', 'ACTIVE', 'PERMANENT', 23, '88', 'SUPERVISORY', '0000-00-00', '0000-00-00', '0000-00-00'),
(2065, 'RONALD', 'TUPINO', 'J.', '', 'MALE', 'ACTIVE', 'CASUAL', 21, '200', 'RANK & FILE', '0000-00-00', '0000-00-00', '0000-00-00'),
(2067, 'RONALDO', 'MAÑAGO', 'S.', '', 'MALE', 'ACTIVE', 'CASUAL', 21, '200', 'RANK & FILE', '0000-00-00', '0000-00-00', '0000-00-00'),
(2068, 'RONALDO', 'RUSIANA', 'T.', '', 'MALE', 'ACTIVE', 'CASUAL', 4, '200', 'RANK & FILE', '0000-00-00', '0000-00-00', '0000-00-00'),
(2077, 'RONILO', 'CARMELOTES', 'C.', '', 'MALE', 'ACTIVE', 'CASUAL', 18, '200', 'RANK & FILE', '0000-00-00', '0000-00-00', '0000-00-00'),
(2079, 'RONILO', 'RABANES', 'T.', '', 'MALE', 'ACTIVE', 'CASUAL', 30, '200', 'RANK & FILE', '0000-00-00', '0000-00-00', '0000-00-00'),
(2083, 'RONULFO', 'TORREDA', 'F.', '', 'MALE', 'INACTIVE', 'PERMANENT', 16, '144', 'RANK & FILE', '0000-00-00', '2019-07-01', '0000-00-00'),
(2089, 'ROSALINDA', 'TABILON', 'A.', '', 'FEMALE', 'ACTIVE', 'PERMANENT', 6, '168', 'RANK & FILE', '0000-00-00', '0000-00-00', '0000-00-00'),
(2093, 'ROSE JEAN', 'BASILIO', 'L.', '', 'FEMALE', 'ACTIVE', 'CASUAL', 4, '200', 'RANK & FILE', '0000-00-00', '0000-00-00', '0000-00-00'),
(2094, 'ROSEBELLA', 'ANTIQUE', 'M.', '', 'FEMALE', 'ACTIVE', 'PERMANENT', 31, '167', 'RANK & FILE', '0000-00-00', '0000-00-00', '0000-00-00'),
(2101, 'ROSEMARY', 'EGANG', 'S.', '', 'FEMALE', 'ACTIVE', 'CASUAL', 4, '200', 'RANK & FILE', '0000-00-00', '0000-00-00', '0000-00-00'),
(2110, 'ROVILLA', 'AMADEO', 'V.', '', 'FEMALE', 'ACTIVE', 'PERMANENT', 6, '168', 'RANK & FILE', '0000-00-00', '0000-00-00', '0000-00-00'),
(2114, 'ROWENA', 'CABANBAN', 'T.', '', 'FEMALE', 'INACTIVE', 'PERMANENT', 17, '29', 'SUPERVISORY', '0000-00-00', '2018-10-11', '0000-00-00'),
(2115, 'ROWENA', 'SUMALPONG', 'V.', '', 'FEMALE', 'INACTIVE', 'PERMANENT', 16, '144', 'RANK & FILE', '0000-00-00', '2019-07-01', '0000-00-00'),
(2118, 'ROY', 'BATADLAN', 'A.', '', 'MALE', 'ACTIVE', 'PERMANENT', 18, '10', 'RANK & FILE', '0000-00-00', '0000-00-00', '0000-00-00'),
(2123, 'RUBEN', 'BUCAD', 'C.', '', 'MALE', 'ACTIVE', 'PERMANENT', 16, '79', 'RANK & FILE', '0000-00-00', '0000-00-00', '0000-00-00'),
(2124, 'RUBEN', 'DELA ROSA', 'C.', 'JR.', 'MALE', 'ACTIVE', 'CASUAL', 20, '200', 'RANK & FILE', '0000-00-00', '0000-00-00', '0000-00-00'),
(2125, 'RUBILYN', 'GECONCILLO', 'B.', '', 'FEMALE', 'ACTIVE', 'CASUAL', 7, '200', 'RANK & FILE', '0000-00-00', '0000-00-00', '0000-00-00'),
(2134, 'RUSSEL IRA', 'MELENDRES', 'B.', '', 'FEMALE', 'ACTIVE', 'PERMANENT', 6, '140', 'RANK & FILE', '0000-00-00', '0000-00-00', '0000-00-00'),
(2135, 'RUSSELL', 'LOCSIN', 'T.', '', 'MALE', 'ACTIVE', 'CASUAL', 23, '200', 'RANK & FILE', '0000-00-00', '0000-00-00', '0000-00-00'),
(2136, 'RUSTICO', 'VALOR', 'L.', '', 'MALE', 'ACTIVE', 'CASUAL', 21, '200', 'RANK & FILE', '0000-00-00', '0000-00-00', '0000-00-00'),
(2137, 'RUSTICO RUSTY', 'TIJING', 'T.', 'II', 'MALE', 'ACTIVE', 'PERMANENT', 21, '10', 'RANK & FILE', '0000-00-00', '0000-00-00', '0000-00-00'),
(2145, 'RYAN', 'GAGA-A', 'T.', '', 'MALE', 'ACTIVE', 'CASUAL', 23, '200', 'RANK & FILE', '0000-00-00', '0000-00-00', '0000-00-00'),
(2148, 'SALAM', 'BACARAT', 'B.', '', 'MALE', 'ACTIVE', 'CASUAL', 12, '200', 'RANK & FILE', '0000-00-00', '0000-00-00', '0000-00-00'),
(2150, 'SAMUEL', 'RIDAD', 'A.', 'JR', 'MALE', 'ACTIVE', 'PERMANENT', 21, '89', 'SUPERVISORY', '0000-00-00', '0000-00-00', '0000-00-00'),
(2155, 'SANTIAGO', 'PORLAS', 'E.', '', 'MALE', 'ACTIVE', 'CASUAL', 13, '200', 'RANK & FILE', '0000-00-00', '0000-00-00', '0000-00-00'),
(2157, 'SARITA ALICIA', 'ASPAREN', 'N.', '', 'FEMALE', 'ACTIVE', 'PERMANENT', 6, '148', 'RANK & FILE', '0000-00-00', '0000-00-00', '0000-00-00'),
(2158, 'SATURNINO', 'ABAYON', 'G.', '', 'MALE', 'ACTIVE', 'PERMANENT', 11, '172', 'RANK & FILE', '0000-00-00', '0000-00-00', '0000-00-00'),
(2160, 'SENEN', 'VENTULA', 'B.', 'SR', 'MALE', 'INACTIVE', 'PERMANENT', 21, '47', 'RANK & FILE', '0000-00-00', '2019-01-29', '0000-00-00'),
(2162, 'SERVANDO', 'CAMPOS', 'B.', '', 'MALE', 'ACTIVE', 'CASUAL', 9, '200', 'RANK & FILE', '0000-00-00', '0000-00-00', '0000-00-00'),
(2163, 'SHALOME', 'MEDINA', 'M.', '', 'FEMALE', 'ACTIVE', 'CASUAL', 4, '200', 'RANK & FILE', '0000-00-00', '0000-00-00', '0000-00-00'),
(2164, 'SHAREEN', 'FLORES', 'M.', '', 'FEMALE', 'ACTIVE', 'PERMANENT', 9, '21', 'RANK & FILE', '0000-00-00', '0000-00-00', '0000-00-00'),
(2165, 'SHARLOU', 'JAMIN', 'F.', '', 'MALE', 'INACTIVE', 'ELECTIVE', 16, '97', '', '0000-00-00', '2019-07-01', '0000-00-00'),
(2166, 'SHARMELA', 'RIDAD', 'C.', '', 'FEMALE', 'ACTIVE', 'PERMANENT', 11, '158', 'SUPERVISORY', '0000-00-00', '0000-00-00', '0000-00-00'),
(2168, 'SHARON', 'ALVIOLA', 'B.', '', 'FEMALE', 'ACTIVE', 'PERMANENT', 2, '54', 'RANK & FILE', '0000-00-00', '0000-00-00', '0000-00-00'),
(2169, 'SHEENYBEL', 'LUNTAO', 'T.', '', 'FEMALE', 'ACTIVE', 'PERMANENT', 11, '132', 'SUPERVISORY', '0000-00-00', '0000-00-00', '0000-00-00'),
(2171, 'SHERMAINE', 'FERRAREN', 'T.', '', 'FEMALE', 'ACTIVE', 'PERMANENT', 11, '160', 'SUPERVISORY', '0000-00-00', '0000-00-00', '0000-00-00'),
(2172, 'SHERWIN', 'FERIL', 'T.', '', 'MALE', 'ACTIVE', 'CASUAL', 11, '200', 'RANK & FILE', '0000-00-00', '0000-00-00', '0000-00-00'),
(2174, 'SHERYL', 'ADAPON', 'G.', '', 'FEMALE', 'ACTIVE', 'PERMANENT', 6, '168', 'RANK & FILE', '0000-00-00', '0000-00-00', '0000-00-00'),
(2175, 'SHIELA JEAN', 'SOLDEVILLA', 'G.', '', 'FEMALE', 'ACTIVE', 'PERMANENT', 17, '30', 'RANK & FILE', '0000-00-00', '0000-00-00', '0000-00-00'),
(2177, 'SHIELREN', 'ALICANTE', 'N.', '', 'FEMALE', 'ACTIVE', 'PERMANENT', 3, '81', 'RANK & FILE', '0000-00-00', '0000-00-00', '0000-00-00'),
(2178, 'SHIRLEY', 'PINANONANG', 'V.', '', 'FEMALE', 'ACTIVE', 'PERMANENT', 15, '46', 'RANK & FILE', '0000-00-00', '0000-00-00', '0000-00-00');
INSERT INTO `employees` (`employees_id`, `firstName`, `lastName`, `middleName`, `extName`, `gender`, `status`, `employmentStatus`, `department_id`, `position_id`, `natureOfAssignment`, `dateActivated`, `dateInactivated`, `dateIPCR`) VALUES
(2180, 'SHYR', 'ATAY', 'V.', '', 'MALE', 'ACTIVE', 'CASUAL', 18, '200', 'RANK & FILE', '0000-00-00', '0000-00-00', '0000-00-00'),
(2181, 'SIDNEY', 'JALANDONI', 'G.', '', 'MALE', 'ACTIVE', 'PERMANENT', 21, '47', 'RANK & FILE', '0000-00-00', '0000-00-00', '0000-00-00'),
(2182, 'SIEGFRED KENT', 'UY', 'T.', '', 'MALE', 'ACTIVE', 'PERMANENT', 20, '142', 'RANK & FILE', '0000-00-00', '0000-00-00', '0000-00-00'),
(2184, 'SOCORRO', 'MELODIA', 'V.', '', 'FEMALE', 'ACTIVE', 'PERMANENT', 15, '64', 'RANK & FILE', '0000-00-00', '0000-00-00', '0000-00-00'),
(2185, 'SONIA', 'CUARESMA', 'D.', '', 'FEMALE', 'ACTIVE', 'PERMANENT', 2, '13', 'RANK & FILE', '0000-00-00', '0000-00-00', '0000-00-00'),
(2194, 'STEVE ALLAN', 'POLINO', 'O.', '', 'MALE', 'ACTIVE', 'PERMANENT', 21, '47', 'RANK & FILE', '0000-00-00', '0000-00-00', '0000-00-00'),
(2196, 'SUSAN', 'VARGAS', 'A.', '', 'FEMALE', 'ACTIVE', 'PERMANENT', 2, '24', 'RANK & FILE', '0000-00-00', '0000-00-00', '0000-00-00'),
(2197, 'SUSAN', 'LIBO-ON', 'C.', '', 'FEMALE', 'ACTIVE', 'PERMANENT', 11, '157', 'RANK & FILE', '0000-00-00', '0000-00-00', '0000-00-00'),
(2198, 'SUSAN', 'ATAY', 'V.', '', 'FEMALE', 'ACTIVE', 'PERMANENT', 6, '170', 'RANK & FILE', '0000-00-00', '0000-00-00', '0000-00-00'),
(2203, 'SYLVIA', 'GRACIADAS', 'S.', '', 'FEMALE', 'ACTIVE', 'PERMANENT', 6, '168', 'RANK & FILE', '0000-00-00', '0000-00-00', '0000-00-00'),
(2205, 'TED', 'GERIAN', 'N.', '', 'MALE', 'ACTIVE', 'PERMANENT', 4, '149', 'SUPERVISORY', '0000-00-00', '0000-00-00', '0000-00-00'),
(2206, 'TEDDY', 'OJEÑOS', 'B.', '', 'MALE', 'ACTIVE', 'CASUAL', 20, '200', 'RANK & FILE', '0000-00-00', '0000-00-00', '0000-00-00'),
(2207, 'TELESFORO', 'GARGANTIEL', 'R.', 'II', 'MALE', 'INACTIVE', 'PERMANENT', 21, '47', 'RANK & FILE', '0000-00-00', '2019-07-19', '0000-00-00'),
(2208, 'TEODOCIO', 'ENTAC', 'P.', '', 'MALE', 'INACTIVE', 'PERMANENT', 1, '30', 'RANK & FILE', '0000-00-00', '0000-00-00', '0000-00-00'),
(2213, 'TEODORO', 'BAYOGUIÑA', 'P.', 'JR.', 'MALE', 'ACTIVE', 'PERMANENT', 21, '52', 'RANK & FILE', '0000-00-00', '0000-00-00', '0000-00-00'),
(2214, 'TEOFE CATLEA', 'MAPUTY', 'A.', '', 'FEMALE', 'INACTIVE', 'CASUAL', 11, '200', 'RANK & FILE', '0000-00-00', '2019-03-28', '0000-00-00'),
(2216, 'TEOPISTO', 'VISTA', 'D.', 'JR', 'MALE', 'INACTIVE', 'PERMANENT', 7, '30', 'RANK & FILE', '0000-00-00', '0000-00-00', '0000-00-00'),
(2221, 'TERESITA', 'TUAZON', 'O.', '', 'FEMALE', 'ACTIVE', 'PERMANENT', 2, '23', 'SUPERVISORY', '0000-00-00', '0000-00-00', '0000-00-00'),
(2222, 'TERESITA', 'DAYAONA', 'V.', '', 'FEMALE', 'ACTIVE', 'PERMANENT', 11, '157', 'RANK & FILE', '0000-00-00', '0000-00-00', '0000-00-00'),
(2223, 'TERESITO', 'TANGHINAN', 'C.', '', 'MALE', 'ACTIVE', 'CASUAL', 9, '200', 'RANK & FILE', '0000-00-00', '0000-00-00', '0000-00-00'),
(2224, 'TESSIE', 'DURAN', 'F.', '', 'FEMALE', 'ACTIVE', 'PERMANENT', 28, '32', '', '0000-00-00', '0000-00-00', '0000-00-00'),
(2227, 'THOMAS', 'AMOR', '.', '', 'MALE', 'ACTIVE', 'CASUAL', 9, '200', 'RANK & FILE', '0000-00-00', '0000-00-00', '0000-00-00'),
(2230, 'TITA', 'BAGARINAO', 'M.', '', 'FEMALE', 'ACTIVE', 'CASUAL', 13, '200', 'RANK & FILE', '0000-00-00', '0000-00-00', '0000-00-00'),
(2232, 'TITUS', 'QUIÑANOLA', 'V.', '', 'MALE', 'ACTIVE', 'CASUAL', 12, '200', 'RANK & FILE', '0000-00-00', '0000-00-00', '0000-00-00'),
(2233, 'TOM', 'OPEÑA', 'T.', '', 'MALE', 'ACTIVE', 'PERMANENT', 1, '29', 'SUPERVISORY', '0000-00-00', '0000-00-00', '0000-00-00'),
(2234, 'THOMAS', 'RENDON', 'A', '', 'MALE', 'ACTIVE', 'CASUAL', 9, '200', '', '0000-00-00', '0000-00-00', '0000-00-00'),
(2235, 'TRISTAN GOLD', 'TORRILLO', 'T.', '', 'MALE', 'ACTIVE', 'ELECTIVE', 16, '178', '', '0000-00-00', '0000-00-00', '0000-00-00'),
(2236, 'TRIXIA MAE', 'PATRIMONIO', 'V.', '', 'FEMALE', 'ACTIVE', 'CASUAL', 28, '200', 'RANK & FILE', '0000-00-00', '0000-00-00', '0000-00-00'),
(2241, 'VAN', 'ALVARAN', 'L.', '', 'MALE', 'ACTIVE', 'PERMANENT', 15, '17', 'SUPERVISORY', '0000-00-00', '0000-00-00', '0000-00-00'),
(2244, 'VANESSA', 'BASILISCO', 'S.', '', 'FEMALE', 'ACTIVE', 'CASUAL', 10, '200', '', '0000-00-00', '0000-00-00', '0000-00-00'),
(2246, 'VECENTE', 'BERONIO', 'M.', '', 'MALE', 'ACTIVE', 'CASUAL', 6, '200', 'RANK & FILE', '0000-00-00', '0000-00-00', '0000-00-00'),
(2251, 'VERNA', 'SALDO', 'I.', '', 'FEMALE', 'INACTIVE', 'PERMANENT', 15, '8', 'SUPERVISORY', '0000-00-00', '2018-11-13', '0000-00-00'),
(2252, 'VERNA', 'MASAYON', 'T.', '', 'FEMALE', 'ACTIVE', 'PERMANENT', 21, '10', 'RANK & FILE', '0000-00-00', '0000-00-00', '0000-00-00'),
(2253, 'VERONICA GRACE', 'MIRAFLOR', 'P.', '', 'FEMALE', 'ACTIVE', 'PERMANENT', 28, '31', 'SUPERVISORY', '0000-00-00', '0000-00-00', '0000-00-00'),
(2256, 'VICENTE', 'CAYANG', 'G.', '', 'MALE', 'INACTIVE', 'PERMANENT', 9, '133', 'RANK & FILE', '0000-00-00', '2018-11-24', '0000-00-00'),
(2258, 'VICENTE', 'TORREDA', 'T.', '', 'MALE', 'ACTIVE', 'PERMANENT', 9, '127', 'SUPERVISORY', '0000-00-00', '0000-00-00', '0000-00-00'),
(2259, 'VICMAR', 'RUBIA', 'G.', '', 'MALE', 'ACTIVE', 'PERMANENT', 9, '126', 'SUPERVISORY', '0000-00-00', '0000-00-00', '0000-00-00'),
(2263, 'VICTOR', 'ILAGAN', 'G.', '', 'MALE', 'ACTIVE', 'PERMANENT', 9, '128', 'RANK & FILE', '0000-00-00', '0000-00-00', '0000-00-00'),
(2264, 'VICTOR', 'SORNILLO', 'G.', '', 'MALE', 'ACTIVE', 'CASUAL', 13, '200', 'RANK & FILE', '0000-00-00', '0000-00-00', '0000-00-00'),
(2265, 'VICTORIA', 'DUHAYLUNGSOD', 'E.', '', 'FEMALE', 'ACTIVE', 'CASUAL', 8, '200', 'RANK & FILE', '0000-00-00', '0000-00-00', '0000-00-00'),
(2269, 'VICTORIANO', 'TORALDE', 'T.', 'JR', 'MALE', 'ACTIVE', 'PERMANENT', 17, '10', 'RANK & FILE', '0000-00-00', '0000-00-00', '0000-00-00'),
(2271, 'VICTORINO', 'CADIAO', 'H.', 'SR.', 'MALE', 'INACTIVE', 'CASUAL', 13, '200', 'RANK & FILE', '0000-00-00', '0000-00-00', '0000-00-00'),
(2272, 'VICTORIO', 'LACSON', 'S.', '', 'MALE', 'ACTIVE', 'PERMANENT', 6, '10', 'RANK & FILE', '0000-00-00', '0000-00-00', '0000-00-00'),
(2275, 'VILMA', 'JORDAN', 'G.', '', 'FEMALE', 'ACTIVE', 'PERMANENT', 11, '157', 'RANK & FILE', '0000-00-00', '0000-00-00', '0000-00-00'),
(2276, 'VILMA', 'RENDON', 'G.', '', 'FEMALE', 'ACTIVE', 'CASUAL', 6, '200', 'RANK & FILE', '0000-00-00', '0000-00-00', '0000-00-00'),
(2277, 'VINCENT', 'NG', 'A.', '', 'MALE', 'ACTIVE', 'PERMANENT', 9, '96', 'SUPERVISORY', '0000-00-00', '0000-00-00', '0000-00-00'),
(2279, 'VIOLA', 'PALALON', 'A.', '', 'FEMALE', 'ACTIVE', 'PERMANENT', 11, '157', 'RANK & FILE', '0000-00-00', '0000-00-00', '0000-00-00'),
(2281, 'VIOLETA', 'VILLANUEVA', 'A.', '', 'FEMALE', 'ACTIVE', 'PERMANENT', 15, '10', 'RANK & FILE', '0000-00-00', '0000-00-00', '0000-00-00'),
(2282, 'VIRGELIO', 'PAALISBO', 'T.', '', 'MALE', 'ACTIVE', 'CASUAL', 9, '200', 'RANK & FILE', '0000-00-00', '0000-00-00', '0000-00-00'),
(2287, 'VIRGINIA', 'LAZARO', 'D.', '', NULL, 'INACTIVE', 'PERMANENT', NULL, NULL, NULL, '0000-00-00', '0000-00-00', '0000-00-00'),
(2288, 'VIRGINIA', 'SADIASA', 'D.', '', 'FEMALE', 'ACTIVE', 'PERMANENT', 12, '101', 'SUPERVISORY', '0000-00-00', '0000-00-00', '0000-00-00'),
(2289, 'VIRGINIA', 'MAYAN', 'E.', '', 'FEMALE', 'INACTIVE', 'PERMANENT', 16, '144', 'RANK & FILE', '0000-00-00', '2019-07-01', '0000-00-00'),
(2290, 'VIRLIN', 'CALIDGUID', 'T.', '', 'FEMALE', 'ACTIVE', 'PERMANENT', 8, '13', 'RANK & FILE', '0000-00-00', '0000-00-00', '0000-00-00'),
(2291, 'VITALIANITO', 'COSEP', 'T.', '', 'MALE', 'ACTIVE', 'PERMANENT', 21, '76', 'RANK & FILE', '0000-00-00', '0000-00-00', '0000-00-00'),
(2294, 'VIVIAN', 'PACULANANG', 'B.', '', 'FEMALE', 'ACTIVE', 'PERMANENT', 12, '65', 'RANK & FILE', '0000-00-00', '0000-00-00', '0000-00-00'),
(2295, 'VLADIMIR', 'REYES', 'M.', '', 'MALE', 'ACTIVE', 'CASUAL', 9, '200', 'RANK & FILE', '0000-00-00', '0000-00-00', '0000-00-00'),
(2297, 'WALTER FLINT', 'DIAO', 'F.', '', 'MALE', 'ACTIVE', 'PERMANENT', 11, '120', 'RANK & FILE', '0000-00-00', '0000-00-00', '0000-00-00'),
(2299, 'WALTER', 'ARCON', 'S.', '', 'MALE', 'ACTIVE', 'PERMANENT', 2, '54', 'RANK & FILE', '0000-00-00', '0000-00-00', '0000-00-00'),
(2301, 'WARREN', 'PAEL', 'A.', '', 'MALE', 'ACTIVE', 'PERMANENT', 21, '197', 'RANK & FILE', '0000-00-00', '0000-00-00', '0000-00-00'),
(2304, 'WAYNE', 'NORICO', 'M.', '', 'MALE', 'ACTIVE', 'CASUAL', 21, '200', 'RANK & FILE', '0000-00-00', '0000-00-00', '0000-00-00'),
(2306, 'WAYNEE', 'TRAVIÑA', 'T.', '', 'MALE', 'ACTIVE', 'PERMANENT', 21, '56', 'RANK & FILE', '0000-00-00', '0000-00-00', '0000-00-00'),
(2307, 'WEMA', 'JAMIN', 'G.', '', 'FEMALE', 'ACTIVE', 'PERMANENT', 8, '119', 'RANK & FILE', '0000-00-00', '0000-00-00', '0000-00-00'),
(2309, 'WENCESLAO', 'SARA', 'E.', '', 'MALE', 'ACTIVE', 'CASUAL', 13, '200', 'RANK & FILE', '0000-00-00', '0000-00-00', '0000-00-00'),
(2310, 'WENDA', 'TUMLAD', 'B.', '', 'FEMALE', 'ACTIVE', 'CASUAL', 8, '200', 'RANK & FILE', '0000-00-00', '0000-00-00', '0000-00-00'),
(2311, 'WENDELL', 'MUÑEZ', 'S.', '', 'MALE', 'ACTIVE', 'PERMANENT', 22, '179', 'RANK & FILE', '0000-00-00', '0000-00-00', '0000-00-00'),
(2313, 'WENEFRED', 'GAGA-A', 'T.', '', 'MALE', 'ACTIVE', 'CASUAL', 9, '200', 'RANK & FILE', '0000-00-00', '0000-00-00', '0000-00-00'),
(2314, 'WENEFREDO', 'NAVALES', 'Q.', '', 'MALE', 'ACTIVE', 'PERMANENT', 21, '50', 'RANK & FILE', '0000-00-00', '0000-00-00', '0000-00-00'),
(2316, 'WILDE', 'MAPUTY', 'G.', '', 'MALE', 'ACTIVE', 'PERMANENT', 6, '193', 'RANK & FILE', '0000-00-00', '0000-00-00', '0000-00-00'),
(2319, 'WILFREDO', 'ESTRELLA', 'B.', 'JR', 'MALE', 'ACTIVE', 'PERMANENT', 19, '199', 'SUPERVISORY', '0000-00-00', '0000-00-00', '0000-00-00'),
(2320, 'WILFREDO', 'TUALE', 'C.', '', 'MALE', 'ACTIVE', 'PERMANENT', 21, '105', 'SUPERVISORY', '0000-00-00', '0000-00-00', '0000-00-00'),
(2327, 'WILMA', 'GAGA-A', 'D.', '', 'FEMALE', 'ACTIVE', 'PERMANENT', 6, '64', 'RANK & FILE', '0000-00-00', '0000-00-00', '0000-00-00'),
(2328, 'WILMA', 'TENAN', 'T.', '', 'FEMALE', 'ACTIVE', 'CASUAL', 7, '200', 'RANK & FILE', '0000-00-00', '0000-00-00', '0000-00-00'),
(2336, 'WILSON', 'ATAY', 'T.', '', 'MALE', 'ACTIVE', 'PERMANENT', 6, '196', 'RANK & FILE', '0000-00-00', '0000-00-00', '0000-00-00'),
(2338, 'WINDIE', 'TIZON', 'S.', '', 'FEMALE', 'ACTIVE', 'PERMANENT', 16, '46', 'RANK & FILE', '0000-00-00', '0000-00-00', '0000-00-00'),
(2339, 'WINEFREDO', 'ONG', 'A.', '', 'MALE', 'INACTIVE', 'PERMANENT', 12, '79', 'RANK & FILE', '0000-00-00', '2019-06-08', '0000-00-00'),
(2343, 'YHONIZA', 'GOCIO', 'V.', '', 'FEMALE', 'ACTIVE', 'PERMANENT', 2, '16', 'RANK & FILE', '0000-00-00', '0000-00-00', '0000-00-00'),
(2345, 'YUCEL', 'VELEZ', 'B.', '', 'FEMALE', 'ACTIVE', 'CASUAL', 2, '200', 'RANK & FILE', '0000-00-00', '0000-00-00', '0000-00-00'),
(2348, 'ZOTICO', 'EGE', 'I.', '', 'MALE', 'ACTIVE', 'CASUAL', 18, '200', 'RANK & FILE', '0000-00-00', '0000-00-00', '0000-00-00'),
(21828, 'HAZEL', 'ABELLAR', 'COLENTAVA', '', 'FEMALE', 'ACTIVE', 'PERMANENT', 16, '46', 'RANK & FILE', '0000-00-00', '0000-00-00', '0000-00-00'),
(22064, 'KAREN THERESE', 'VILLAMIL', 'AUSAN', '', 'FEMALE', 'ACTIVE', 'PERMANENT', 22, '10', 'RANK & FILE', '0000-00-00', '0000-00-00', '0000-00-00'),
(22115, 'CHRISTIAN', 'CONTEMPLACION', 'NORICO', '', 'FEMALE', 'ACTIVE', 'PERMANENT', 2, '54', 'RANK & FILE', '0000-00-00', '0000-00-00', '0000-00-00'),
(22116, 'Farley', 'Catubig', 'Lagradilla', '', 'MALE', 'ACTIVE', 'CASUAL', 10, '200', 'RANK & FILE', '0000-00-00', '0000-00-00', '0000-00-00'),
(22117, 'Jonathan', 'Diploma', 'A.', '', 'MALE', 'ACTIVE', 'PERMANENT', 21, '47', 'RANK & FILE', '0000-00-00', '0000-00-00', '0000-00-00'),
(22118, 'Alberto', 'Timoteo', 'G.', '', 'MALE', 'ACTIVE', 'CASUAL', 21, '47', 'RANK & FILE', '0000-00-00', '0000-00-00', '0000-00-00'),
(22119, 'Bernabe', 'Luzon', 'Q.', 'Jr.', 'MALE', 'ACTIVE', 'CASUAL', 21, '47', 'RANK & FILE', '0000-00-00', '0000-00-00', '0000-00-00'),
(22120, 'Thessa Amor', 'Sumugat', 'T.', '', 'FEMALE', 'ACTIVE', 'CASUAL', 21, '47', 'RANK & FILE', '0000-00-00', '0000-00-00', '0000-00-00'),
(22121, 'Jerson ', 'Acosta', 'T. ', '', 'MALE', 'ACTIVE', 'CASUAL', 21, '47', 'RANK & FILE', '0000-00-00', '0000-00-00', '0000-00-00'),
(22122, 'BIlly Bon', 'Tigbao', 'B.', '', 'MALE', 'ACTIVE', 'CASUAL', 21, '47', 'RANK & FILE', '0000-00-00', '0000-00-00', '0000-00-00'),
(22123, 'Gremar', 'Gotladera', 'Yee', '', 'MALE', 'ACTIVE', 'CASUAL', 23, '47', 'RANK & FILE', '0000-00-00', '0000-00-00', '0000-00-00'),
(22124, 'Idecil', 'Gasendo', 'P.', '', 'MALE', 'ACTIVE', 'CASUAL', 21, '47', 'RANK & FILE', '0000-00-00', '0000-00-00', '0000-00-00'),
(22125, 'Emerald', 'Sueta', 'Tijing', '', 'MALE', 'ACTIVE', 'CASUAL', 21, '47', 'RANK & FILE', '0000-00-00', '0000-00-00', '0000-00-00'),
(22126, 'Christian Kit', 'Coniendo', 'S.', '', 'MALE', 'ACTIVE', 'CASUAL', 16, '200', 'RANK & FILE', '0000-00-00', '0000-00-00', '0000-00-00'),
(22127, 'Erwin', 'Dianson', 'G.', '', 'MALE', 'ACTIVE', 'CASUAL', 4, '200', 'RANK & FILE', '0000-00-00', '0000-00-00', '0000-00-00'),
(22128, 'Razel', 'Talledo', 'Terania', '', 'FEMALE', 'ACTIVE', 'CASUAL', 19, '200', 'RANK & FILE', '0000-00-00', '0000-00-00', '0000-00-00'),
(22130, 'RODEL', 'FERRATER', 'L', '', 'MALE', 'ACTIVE', 'PERMANENT', 21, '48', 'RANK & FILE', '0000-00-00', '0000-00-00', '0000-00-00'),
(22131, 'MARK', 'SUMALPONG', 'A.', '', 'MALE', 'ACTIVE', 'CASUAL', 10, '200', 'RANK & FILE', '0000-00-00', '0000-00-00', '0000-00-00'),
(22132, 'ARLYN', 'CASTRO', 'T.', '', 'FEMALE', 'ACTIVE', 'PERMANENT', 11, '157', 'RANK & FILE', '0000-00-00', '0000-00-00', '0000-00-00'),
(22133, 'Bollos', 'T', 'Mary Ann', '', 'FEMALE', 'INACTIVE', 'PERMANENT', 17, '', 'RANK &	 FILE', '0000-00-00', '0000-00-00', '2017-07-01'),
(22134, 'Rolando', 'Ventero', 'Tenido', '', 'MALE', 'ACTIVE', 'CASUAL', 18, '200', '', '2005-07-01', '0000-00-00', '0000-00-00');

-- --------------------------------------------------------

--
-- Table structure for table `employees2`
--

CREATE TABLE `employees2` (
  `employees_id` int(11) NOT NULL,
  `fullName` text NOT NULL,
  `name0` text NOT NULL,
  `name1` text NOT NULL
) ENGINE=InnoDB DEFAULT CHARSET=latin1;

--
-- Dumping data for table `employees2`
--

INSERT INTO `employees2` (`employees_id`, `fullName`, `name0`, `name1`) VALUES
(4, 'MARK ANTHONY . BARO', 'MARKANTHONY', 'BARO'),
(5, 'GODWIN IAN . ALTAMIRANO', 'GODWINIAN', 'ALTAMIRANO'),
(7, 'AMADO . PANDAGANI', 'AMADO', 'PANDAGANI'),
(8, 'RODNIR . VILLARIZA', 'RODNIR', 'VILLARIZA'),
(9, 'MARK VIRGIL . MARCELINO', 'MARKVIRGIL', 'MARCELINO'),
(12, 'JAIME . CASPE', 'JAIME', 'CASPE'),
(13, 'GLENN JULIUS . VENTULA', 'GLENNJULIUS', 'VENTULA'),
(15, 'ROLANDO . MAGBANUA JR.', 'ROLANDO', 'MAGBANUAJR'),
(18, 'MICHAEL DAWN . CUBID', 'MICHAELDAWN', 'CUBID'),
(19, 'RICHARD . GARCIA', 'RICHARD', 'GARCIA'),
(20, 'GERARDO . ILAGAN', 'GERARDO', 'ILAGAN'),
(21, 'EUGENE . LINGOTAN', 'EUGENE', 'LINGOTAN'),
(22, 'JHON ROY . YBAÑEZ', 'JHONROY', 'YBAÑEZ'),
(23, 'RANDOLF . FERIL', 'RANDOLF', 'FERIL'),
(24, 'GEMAR . ADALIA', 'GEMAR', 'ADALIA'),
(25, 'JERMINE . QUINDO', 'JERMINE', 'QUINDO'),
(26, 'ROGELIO . ALDE', 'ROGELIO', 'ALDE'),
(27, 'DONIEFREN . TAMPOS', 'DONIEFREN', 'TAMPOS'),
(28, 'JOEL . TERANIA', 'JOEL', 'TERANIA'),
(29, 'ANTHONY . ENOJO', 'ANTHONY', 'ENOJO'),
(30, 'MARK . TERRENAL', 'MARK', 'TERRENAL'),
(31, 'JEBRON . INFANTE', 'JEBRON', 'INFANTE'),
(32, 'MARISOL G. DELOS REYES', 'MARISOL', 'DELOSREYES'),
(33, 'DUENE . ESPINOSA', 'DUENE', 'ESPINOSA'),
(34, 'ADRIAN . GOLEZ', 'ADRIAN', 'GOLEZ'),
(35, 'DENNIS . PRESNO', 'DENNIS', 'PRESNO'),
(36, 'BUENAFE . ALOLOR', 'BUENAFE', 'ALOLOR'),
(37, 'JULIUS . SILVESTRE', 'JULIUS', 'SILVESTRE'),
(38, 'ELICETO . BAGA-AN', 'ELICETO', 'BAGA-AN'),
(40, 'ERWIN . DOLAR', 'ERWIN', 'DOLAR'),
(41, 'EDWIN . PARTOSA', 'EDWIN', 'PARTOSA'),
(42, 'REINER ART . FORTUGALEZA', 'REINERART', 'FORTUGALEZA'),
(43, 'RODULFO . LUCERO JR.', 'RODULFO', 'LUCEROJR'),
(44, 'RESTITUTO . LECIRA JR.', 'RESTITUTO', 'LECIRAJR'),
(45, 'FABIAN . ABANTE JR.', 'FABIAN', 'ABANTEJR'),
(47, 'JULIX . PAEL', 'JULIX', 'PAEL'),
(48, 'CESAR . RAMIREZ', 'CESAR', 'RAMIREZ'),
(49, 'GLENN . SUMALPONG', 'GLENN', 'SUMALPONG'),
(50, 'EGMEDIO . ARNAIZ', 'EGMEDIO', 'ARNAIZ'),
(51, 'MANUELITO . TAMPIOC', 'MANUELITO', 'TAMPIOC'),
(52, 'JONITO . JONELAS', 'JONITO', 'JONELAS'),
(53, 'JUDY . JONELAS', 'JUDY', 'JONELAS'),
(54, 'ERNESTO . SASA', 'ERNESTO', 'SASA'),
(55, 'OSCAR . VILLAMIL', 'OSCAR', 'VILLAMIL'),
(56, 'JOEMAR . AUDITOR', 'JOEMAR', 'AUDITOR'),
(57, 'RODRIGO . VELASCO', 'RODRIGO', 'VELASCO'),
(58, 'EDISON . PARTOSA', 'EDISON', 'PARTOSA'),
(59, 'EDUARDO . BAGA-AN', 'EDUARDO', 'BAGA-AN'),
(60, 'EDMON . ONDOT', 'EDMON', 'ONDOT'),
(61, 'EUFEMIO . BAYOGUIÑA', 'EUFEMIO', 'BAYOGUIÑA'),
(62, 'GIL . ESPAÑA', 'GIL', 'ESPAÑA'),
(63, 'REYNALDO . RODA', 'REYNALDO', 'RODA'),
(64, 'CASTRO . ESTEMADA', 'CASTRO', 'ESTEMADA'),
(65, 'NIKKO . TABIANO', 'NIKKO', 'TABIANO'),
(66, 'NOVE VINCENT . SADIASA', 'NOVEVINCENT', 'SADIASA'),
(67, 'AIZA . TOLETE', 'AIZA', 'TOLETE'),
(68, 'REYMART . VILLEGAS', 'REYMART', 'VILLEGAS'),
(69, 'GEORGE . VILLANUEVA', 'GEORGE', 'VILLANUEVA'),
(70, 'JAN . TUALE', 'JAN', 'TUALE'),
(71, 'SUZETTE . ARAGON', 'SUZETTE', 'ARAGON'),
(73, 'MARK JOSEPH . LANGUIDO', 'MARKJOSEPH', 'LANGUIDO'),
(74, 'ALEX . DAEL', 'ALEX', 'DAEL'),
(75, 'RONALD . BANDOQUILLO', 'RONALD', 'BANDOQUILLO'),
(76, 'CESAR . PAO', 'CESAR', 'PAO'),
(77, 'DANDY . EURANGO', 'DANDY', 'EURANGO'),
(78, 'EDUARDO . VILLARIN JR.', 'EDUARDO', 'VILLARINJR'),
(79, 'RAUL . ARAGON', 'RAUL', 'ARAGON'),
(80, 'JORGEN . RIVERA', 'JORGEN', 'RIVERA'),
(83, 'NELSON . GALO', 'NELSON', 'GALO'),
(85, 'DANILO . ALCE', 'DANILO', 'ALCE'),
(87, 'ARMANDO . PALLORINA', 'ARMANDO', 'PALLORINA'),
(88, 'HILARIO . TAGYAM', 'HILARIO', 'TAGYAM'),
(89, 'VILMA A. CATALAN', 'VILMA', 'CATALAN'),
(90, 'ROMEO . PAMELAGA', 'ROMEO', 'PAMELAGA'),
(93, 'ROMEO . ARCON', 'ROMEO', 'ARCON'),
(94, 'ALEJANDRO . BELUCORA', 'ALEJANDRO', 'BELUCORA'),
(96, 'JOSE ULYSIS . MONCAL', 'JOSEULYSIS', 'MONCAL'),
(97, 'NILO . INGAN', 'NILO', 'INGAN'),
(98, 'JOAQUIN . OCCEÑA', 'JOAQUIN', 'OCCEÑA'),
(99, 'JEANYCE . BAGA', 'JEANYCE', 'BAGA'),
(100, 'REY . ROCILLO', 'REY', 'ROCILLO'),
(101, 'LLOYD . VALOR', 'LLOYD', 'VALOR'),
(102, 'PAUL REYNAN . GRACIADAS', 'PAULREYNAN', 'GRACIADAS'),
(103, 'LEOFER . GELERA', 'LEOFER', 'GELERA'),
(104, 'WAYLAND . QUINDO', 'WAYLAND', 'QUINDO'),
(105, 'EDMUNDO . BARTE', 'EDMUNDO', 'BARTE'),
(106, 'ALEJANDRITO . ABERIA', 'ALEJANDRITO', 'ABERIA'),
(107, 'EDMUNDO . BATADLAN', 'EDMUNDO', 'BATADLAN'),
(108, 'GERARDO . BELORIO', 'GERARDO', 'BELORIO'),
(109, 'ROSSANO . GOLEZ', 'ROSSANO', 'GOLEZ'),
(110, 'RENE . CADORNA', 'RENE', 'CADORNA'),
(111, 'REYNALDO . ERIN', 'REYNALDO', 'ERIN'),
(112, 'CRESENCIANO . OMBOY', 'CRESENCIANO', 'OMBOY'),
(113, 'RICKY . ROCILLO', 'RICKY', 'ROCILLO'),
(114, 'REYNALDO . ROTE', 'REYNALDO', 'ROTE'),
(115, 'REYNALDO . TABUTOL', 'REYNALDO', 'TABUTOL'),
(116, 'TOMAS . RENDON', 'TOMAS', 'RENDON'),
(117, 'RENANTE . BANOGON', 'RENANTE', 'BANOGON'),
(118, 'WILLIAM . QUILGIANO', 'WILLIAM', 'QUILGIANO'),
(119, 'JESUS . VILLAFLOR', 'JESUS', 'VILLAFLOR'),
(120, 'RENANTE . TRIBAJO', 'RENANTE', 'TRIBAJO'),
(121, 'LEO . HISUGAN', 'LEO', 'HISUGAN'),
(122, 'ELVIS . ABACAHAN', 'ELVIS', 'ABACAHAN'),
(123, 'WINNERSON . ABRASALDO', 'WINNERSON', 'ABRASALDO'),
(124, 'HAMILTON . GALON', 'HAMILTON', 'GALON'),
(125, 'ERNESTO . PAGAYUNAN', 'ERNESTO', 'PAGAYUNAN'),
(126, 'RONALDO . VILLEGAS', 'RONALDO', 'VILLEGAS'),
(127, 'HENRY . ELTANAL', 'HENRY', 'ELTANAL'),
(128, 'JOSEPH . LAGANCIA', 'JOSEPH', 'LAGANCIA'),
(129, 'GERALD . RAMOS', 'GERALD', 'RAMOS'),
(130, 'STEPHEN . SUETA', 'STEPHEN', 'SUETA'),
(131, 'ROBERTO . JAMIN', 'ROBERTO', 'JAMIN'),
(135, 'LIEZEL . AGUILAR', 'LIEZEL', 'AGUILAR'),
(136, 'FRANCIS FROILAN . TORRES', 'FRANCISFROILAN', 'TORRES'),
(138, 'RUEL . JUAY', 'RUEL', 'JUAY'),
(139, 'ALEJANDRO . JAMANDRON', 'ALEJANDRO', 'JAMANDRON'),
(140, 'ROLAND . TOLINTIN', 'ROLAND', 'TOLINTIN'),
(141, 'ALEX . CARILLA', 'ALEX', 'CARILLA'),
(142, 'OLIVER . ADANZA', 'OLIVER', 'ADANZA'),
(144, 'NELSON . GALE', 'NELSON', 'GALE'),
(145, 'MARTIN . URBANOZO', 'MARTIN', 'URBANOZO'),
(146, 'MARLON Z. EMIA', 'MARLON', 'EMIA'),
(147, 'ANTHONY . VILLAMIL', 'ANTHONY', 'VILLAMIL'),
(148, 'FILMOR . MANIGOS', 'FILMOR', 'MANIGOS'),
(149, 'JOSE . HEQUITON', 'JOSE', 'HEQUITON'),
(150, 'LOUIE . ISO', 'LOUIE', 'ISO'),
(151, 'JAY ARR . GARRUCHO', 'JAYARR', 'GARRUCHO'),
(152, 'CHRISTINE . MARGIN', 'CHRISTINE', 'MARGIN'),
(153, 'LADY BIRD . AMBO', 'LADYBIRD', 'AMBO'),
(154, 'ESTELA . ANTIOLA', 'ESTELA', 'ANTIOLA'),
(155, 'CATHY ANN . RAMIREZ', 'CATHYANN', 'RAMIREZ'),
(156, 'RAZEL . ROSALEM', 'RAZEL', 'ROSALEM'),
(157, 'CAMILLE . VILLAMIL', 'CAMILLE', 'VILLAMIL'),
(159, 'BERNARD . BORJA', 'BERNARD', 'BORJA'),
(161, 'ANGELITO . GUMAHAD', 'ANGELITO', 'GUMAHAD'),
(162, 'FRANKLIN . ZERNA', 'FRANKLIN', 'ZERNA'),
(163, 'LUBEN . CANTO', 'LUBEN', 'CANTO'),
(165, 'WILTER . BERNABE', 'WILTER', 'BERNABE'),
(167, 'JULMAR . TULO', 'JULMAR', 'TULO'),
(168, 'MARVIN . LANSANGAN', 'MARVIN', 'LANSANGAN'),
(169, 'JUNIUS . JAMANDRON', 'JUNIUS', 'JAMANDRON'),
(170, 'MELBEN JOSEPH . DELA PEÑA', 'MELBENJOSEPH', 'DELAPEÑA'),
(171, 'RITCHIE . TRONCO', 'RITCHIE', 'TRONCO'),
(172, 'JOHN CHITO . CHIN', 'JOHNCHITO', 'CHIN'),
(173, 'ROD BRIANT . ARBON', 'RODBRIANT', 'ARBON'),
(174, 'ARMANDO . PALARAN', 'ARMANDO', 'PALARAN'),
(175, 'TEODORO . BEJASA', 'TEODORO', 'BEJASA'),
(176, 'ROMIELU . YNOT', 'ROMIELU', 'YNOT'),
(177, 'ALEN EUSTACE . BITO-ON', 'ALENEUSTACE', 'BITO-ON'),
(178, 'GENARO . HERNANI JR.', 'GENARO', 'HERNANIJR'),
(179, 'VICTOR . BACOLOD JR.', 'VICTOR', 'BACOLODJR'),
(180, 'IVON . SANTIAGO', 'IVON', 'SANTIAGO'),
(181, 'ROMMEL . ALDE', 'ROMMEL', 'ALDE'),
(182, 'CESAR . CADORNA', 'CESAR', 'CADORNA'),
(183, 'JULIETO . LLAMOS', 'JULIETO', 'LLAMOS'),
(184, 'HERMIL . CAGBABANUA', 'HERMIL', 'CAGBABANUA'),
(185, 'JOEFIL . TORREFRANCA', 'JOEFIL', 'TORREFRANCA'),
(186, 'LEONARDO . AGUILAR', 'LEONARDO', 'AGUILAR'),
(187, 'NEIL . TAGACAY', 'NEIL', 'TAGACAY'),
(188, 'LOWELL . MALACAD', 'LOWELL', 'MALACAD'),
(189, 'JOSEPH . TAMPIOC', 'JOSEPH', 'TAMPIOC'),
(190, 'KENN . IGLESIA', 'KENN', 'IGLESIA'),
(192, 'JOHN REY . BASAY', 'JOHNREY', 'BASAY'),
(193, 'JOHN REY . CADAPAN', 'JOHNREY', 'CADAPAN'),
(194, 'PAUL MARTIN . ESTEBAN', 'PAULMARTIN', 'ESTEBAN'),
(195, 'ESPERATO . MORTELLERO', 'ESPERATO', 'MORTELLERO'),
(196, 'ANDREW . TAMAYO', 'ANDREW', 'TAMAYO'),
(197, 'ANDREW . BASAY', 'ANDREW', 'BASAY'),
(198, 'ROLAND . PORAL', 'ROLAND', 'PORAL'),
(199, 'BON RYAN . PINANONANG', 'BONRYAN', 'PINANONANG'),
(200, 'JOSE MAYO . TUVALLES', 'JOSEMAYO', 'TUVALLES'),
(201, 'ROMULO . INGAN', 'ROMULO', 'INGAN'),
(202, 'HAROLD . ROSADO', 'HAROLD', 'ROSADO'),
(203, 'CHARLIE JONES . GOMEZ', 'CHARLIEJONES', 'GOMEZ'),
(204, 'JOEFIL . TEJERO', 'JOEFIL', 'TEJERO'),
(205, 'FIMS . QUITOS', 'FIMS', 'QUITOS'),
(206, 'DONNIE JOAN . NORICO', 'DONNIEJOAN', 'NORICO'),
(207, 'LINDON . LOPEZ', 'LINDON', 'LOPEZ'),
(208, 'ENRIQUE . DUMAT-OL', 'ENRIQUE', 'DUMAT-OL'),
(209, 'MARIO DARYL . ELNAR', 'MARIODARYL', 'ELNAR'),
(210, 'JAN-JAN . PABLEO', 'JAN-JAN', 'PABLEO'),
(211, 'GODFREY . NARIO', 'GODFREY', 'NARIO'),
(212, 'IVAN RAQUEL . TAPDASAN', 'IVANRAQUEL', 'TAPDASAN'),
(213, 'JUDGE . LAYASAN', 'JUDGE', 'LAYASAN'),
(215, 'ADONIS . VERGARA', 'ADONIS', 'VERGARA'),
(216, 'VIOLETA . EPON', 'VIOLETA', 'EPON'),
(219, 'RONIE . ABRIGOSO', 'RONIE', 'ABRIGOSO'),
(220, 'NOVE . QUITOY', 'NOVE', 'QUITOY'),
(221, 'ELMER . YUNTING', 'ELMER', 'YUNTING'),
(222, 'JIONER . COMAHIG', 'JIONER', 'COMAHIG'),
(223, 'FLORENTINO A. ROMO JR.', 'FLORENTINO', 'ROMOJR'),
(225, 'JENIBETH . DILAG', 'JENIBETH', 'DILAG'),
(226, 'PERRY JOHN . LUMAPAS', 'PERRYJOHN', 'LUMAPAS'),
(231, 'BONIFACIO . OCAÑA', 'BONIFACIO', 'OCAÑA'),
(232, 'ERWIN . TIMBANGAN', 'ERWIN', 'TIMBANGAN'),
(234, 'LORD WILSON . MARIMON', 'LORDWILSON', 'MARIMON'),
(235, 'SARAHDEL . VILLALON', 'SARAHDEL', 'VILLALON'),
(236, 'CHRISTINE . MARQUEZ', 'CHRISTINE', 'MARQUEZ'),
(237, 'DANAH A. CREDO', 'DANAH', 'CREDO'),
(240, 'STEEVE ROMNICK . VILLANUEVA', 'STEEVEROMNICK', 'VILLANUEVA'),
(241, 'DAVID RAY . ELTANAL', 'DAVIDRAY', 'ELTANAL'),
(243, 'RAYANEL . SARANILLO', 'RAYANEL', 'SARANILLO'),
(244, 'ALEX . CALDOZA', 'ALEX', 'CALDOZA'),
(246, 'MARGARETTE . TUAZON', 'MARGARETTE', 'TUAZON'),
(248, 'LOLITA . ELARDO', 'LOLITA', 'ELARDO'),
(249, 'AURORA . CANTO', 'AURORA', 'CANTO'),
(250, 'RENIE ANN . TOGONON', 'RENIEANN', 'TOGONON'),
(252, 'GLENN J. VILLAMIL', 'GLENN', 'VILLAMIL'),
(253, 'JOSE . LAWAS', 'JOSE', 'LAWAS'),
(254, 'TEODORICO . VILLANUEVA', 'TEODORICO', 'VILLANUEVA'),
(255, 'PATRICIO . CAÑALES', 'PATRICIO', 'CAÑALES'),
(256, 'JAYSON . ESCORIAL', 'JAYSON', 'ESCORIAL'),
(257, 'EDWARD . CORDOVA', 'EDWARD', 'CORDOVA'),
(258, 'JOEFRE . VALE', 'JOEFRE', 'VALE'),
(259, 'DENNIS . BASAY', 'DENNIS', 'BASAY'),
(260, 'MARVEL . ILALIM', 'MARVEL', 'ILALIM'),
(261, 'JOHN MICHAEL . TANGON', 'JOHNMICHAEL', 'TANGON'),
(262, 'IMELDA . SUMADIA', 'IMELDA', 'SUMADIA'),
(263, 'LINDA . GUERRERO', 'LINDA', 'GUERRERO'),
(264, 'MARIFEL . MACASILOT', 'MARIFEL', 'MACASILOT'),
(266, 'ARVIN . PADPAD', 'ARVIN', 'PADPAD'),
(267, 'RENGIE . CADIENTE', 'RENGIE', 'CADIENTE'),
(268, 'ANNABELLE P. PARCON', 'ANNABELLE', 'PARCON'),
(269, 'DENNIS . GANGOS', 'DENNIS', 'GANGOS'),
(270, 'JOHN REY . CANTO', 'JOHNREY', 'CANTO'),
(271, 'ROMEL . MI-OT', 'ROMEL', 'MI-OT'),
(272, 'RANDY . NARISMA', 'RANDY', 'NARISMA'),
(273, 'EDGARDO . CASA', 'EDGARDO', 'CASA'),
(274, 'LOUIE . PRESNO', 'LOUIE', 'PRESNO'),
(275, 'ERNIE . PORLAS', 'ERNIE', 'PORLAS'),
(276, 'RONALD . GAÑEDA', 'RONALD', 'GAÑEDA'),
(278, 'AMBROCIO N. PAMILAGA', 'AMBROCIO', 'PAMILAGA'),
(279, 'DANIEL . MELENDRES', 'DANIEL', 'MELENDRES'),
(280, 'JONARD . TANO', 'JONARD', 'TANO'),
(281, 'LIONEDES . MAGTOLIS', 'LIONEDES', 'MAGTOLIS'),
(282, 'ROMMEL . GAITERA', 'ROMMEL', 'GAITERA'),
(285, 'VERGELIO . BASA', 'VERGELIO', 'BASA'),
(286, 'JESSIE . PASINABO', 'JESSIE', 'PASINABO'),
(287, 'ERNIE . SIASON', 'ERNIE', 'SIASON'),
(288, 'ERIC . ESTRELLANES', 'ERIC', 'ESTRELLANES'),
(290, 'RYAN . VILLANUEVA', 'RYAN', 'VILLANUEVA'),
(293, 'FRANKLIN . VILLAMIL', 'FRANKLIN', 'VILLAMIL'),
(294, 'ROBERTO . SERAFICO', 'ROBERTO', 'SERAFICO'),
(296, 'ELEAZER . BAYATON', 'ELEAZER', 'BAYATON'),
(297, 'VIRGILIO . BASA', 'VIRGILIO', 'BASA'),
(298, 'RONIE . LIZADA', 'RONIE', 'LIZADA'),
(299, 'MICHAEL . VALOR', 'MICHAEL', 'VALOR'),
(300, 'MARENEL . DAIRO', 'MARENEL', 'DAIRO'),
(301, 'ALDEN . TRANCO', 'ALDEN', 'TRANCO'),
(302, 'CHARLES VAN JOWEL . AREVALO', 'CHARLESVANJOWEL', 'AREVALO'),
(303, 'EDRALEN JOE . ALLOSA', 'EDRALENJOE', 'ALLOSA'),
(304, 'HEDEN . CASTRO', 'HEDEN', 'CASTRO'),
(305, 'CHRISTOPHER T. SALES', 'CHRISTOPHER', 'SALES'),
(308, 'ANTONIO . SILABAY', 'ANTONIO', 'SILABAY'),
(310, 'ALEJANDRO . PILAR', 'ALEJANDRO', 'PILAR'),
(311, 'VICENTE . LIZADA JR.', 'VICENTE', 'LIZADAJR'),
(312, 'PETER . PICANTE', 'PETER', 'PICANTE'),
(313, 'JOPHET . GAÑELA', 'JOPHET', 'GAÑELA'),
(314, 'ANGELINA . RODRIGUEZ', 'ANGELINA', 'RODRIGUEZ'),
(315, 'JANELLER . RODRIGUEZ', 'JANELLER', 'RODRIGUEZ'),
(317, 'DANNY . PIALANTE', 'DANNY', 'PIALANTE'),
(318, 'DINDO . BELINGAN', 'DINDO', 'BELINGAN'),
(319, 'BENJOR . BENJAMIN', 'BENJOR', 'BENJAMIN'),
(320, 'CROMWELL . ANIÑON', 'CROMWELL', 'ANIÑON'),
(321, 'EDIZA . ANIÑON', 'EDIZA', 'ANIÑON'),
(322, 'JUNIL . SILVANO', 'JUNIL', 'SILVANO'),
(323, 'ANTHONY . PANE', 'ANTHONY', 'PANE'),
(324, 'JAPHET . JORDAN', 'JAPHET', 'JORDAN'),
(325, 'SHARNEL . ARAGON', 'SHARNEL', 'ARAGON'),
(327, 'JEROME . ABORDO', 'JEROME', 'ABORDO'),
(330, 'ANASTACIO . HISONA', 'ANASTACIO', 'HISONA'),
(331, 'NATHANIEL . APALE', 'NATHANIEL', 'APALE'),
(332, 'JUN . VILLANUEVA', 'JUN', 'VILLANUEVA'),
(333, 'JONATHAN . TUBESA', 'JONATHAN', 'TUBESA'),
(335, 'REY . SARA', 'REY', 'SARA'),
(336, 'REX . QUINIQUITO', 'REX', 'QUINIQUITO'),
(337, 'RYAN . MANLUCOT', 'RYAN', 'MANLUCOT'),
(338, 'JUDY . LISADA', 'JUDY', 'LISADA'),
(339, 'NIXON . CANEDO', 'NIXON', 'CANEDO'),
(340, 'WILLIAM . QUILOJANO', 'WILLIAM', 'QUILOJANO'),
(341, 'DAVID . PADAUNA', 'DAVID', 'PADAUNA'),
(342, 'LEONER . SILVA', 'LEONER', 'SILVA'),
(343, 'REY B. TRUITA', 'REY', 'TRUITA'),
(345, 'ROWENA . BARUTAG', 'ROWENA', 'BARUTAG'),
(346, 'LOREBETH . ANICO', 'LOREBETH', 'ANICO'),
(347, 'MERDIZZA . ALBINO', 'MERDIZZA', 'ALBINO'),
(348, 'VERGIE . MANDALONES', 'VERGIE', 'MANDALONES'),
(349, 'EDWIN . NEMENZO', 'EDWIN', 'NEMENZO'),
(350, 'ALEJANDRO . LIBRES', 'ALEJANDRO', 'LIBRES'),
(351, 'DAHLIA . LARENIO', 'DAHLIA', 'LARENIO'),
(352, 'JUVY . LIZADA', 'JUVY', 'LIZADA'),
(353, 'RODULFO . LAPE', 'RODULFO', 'LAPE'),
(355, 'MAE JANE . NARIO', 'MAEJANE', 'NARIO'),
(356, 'GEOVANI . TUVALLES', 'GEOVANI', 'TUVALLES'),
(357, 'VICTORINO . CADIAO JR.', 'VICTORINO', 'CADIAOJR'),
(359, 'CROMWELL . AUSAN', 'CROMWELL', 'AUSAN'),
(360, 'RANDOLPH . ROTE', 'RANDOLPH', 'ROTE'),
(361, 'MARK LESTER . ENRIQUEZ', 'MARKLESTER', 'ENRIQUEZ'),
(362, 'ROLLY . SALVA', 'ROLLY', 'SALVA'),
(366, 'JIOMER . COMANIG', 'JIOMER', 'COMANIG'),
(367, 'GARY . PATRICIO', 'GARY', 'PATRICIO'),
(368, 'MARLO . ABULE', 'MARLO', 'ABULE'),
(369, 'KARL MARK . TERENAL', 'KARLMARK', 'TERENAL'),
(370, 'DANAH . ALMAGRO', 'DANAH', 'ALMAGRO'),
(371, 'DANTE . OJASTRO', 'DANTE', 'OJASTRO'),
(372, 'LYRADYL . ESNARDO', 'LYRADYL', 'ESNARDO'),
(373, 'EMELIE . ESPARES', 'EMELIE', 'ESPARES'),
(374, 'MARIBEL . NARIO', 'MARIBEL', 'NARIO'),
(375, 'RITCHIE . TRONGCO', 'RITCHIE', 'TRONGCO'),
(378, 'STEPHINE . SAYCON', 'STEPHINE', 'SAYCON'),
(379, 'JOEFIL . LEJERO', 'JOEFIL', 'LEJERO'),
(380, 'LUIJEE . MELANCOLICO', 'LUIJEE', 'MELANCOLICO'),
(381, 'WILLIAM . CADUNGOG', 'WILLIAM', 'CADUNGOG'),
(382, 'EMMA C. NOBLEZA', 'EMMA', 'NOBLEZA'),
(383, 'JUNMAR . INTONG', 'JUNMAR', 'INTONG'),
(386, 'JEOVANIE . CADAPAN', 'JEOVANIE', 'CADAPAN'),
(387, 'JERWIN . GUILLAS', 'JERWIN', 'GUILLAS'),
(388, 'JULIE MEI . CALCITA', 'JULIEMEI', 'CALCITA'),
(389, 'ROSEMARIE . QUINDO', 'ROSEMARIE', 'QUINDO'),
(391, 'ROMER . PADAYHAG', 'ROMER', 'PADAYHAG'),
(393, 'RONILO . ORATING', 'RONILO', 'ORATING'),
(394, 'CHRISTOPHER . TUMACAS', 'CHRISTOPHER', 'TUMACAS'),
(395, 'WILLIAM . QUIJANO', 'WILLIAM', 'QUIJANO'),
(396, 'ROLANDO . ACEBO', 'ROLANDO', 'ACEBO'),
(397, 'ALMA MAE A. LAMIS', 'ALMAMAE', 'LAMIS'),
(398, 'MICHEL . TOBLE', 'MICHEL', 'TOBLE'),
(399, 'HYACINTH . PERROCHO', 'HYACINTH', 'PERROCHO'),
(400, 'CAMILO . VALDE', 'CAMILO', 'VALDE'),
(401, 'RUFINA . BATI-ON', 'RUFINA', 'BATI-ON'),
(403, 'JIMMY . VALOR', 'JIMMY', 'VALOR'),
(405, 'OLIVER . YSOLA', 'OLIVER', 'YSOLA'),
(407, 'GODWIN IAN . ALTAMARINO', 'GODWINIAN', 'ALTAMARINO'),
(408, 'ROLANDO . ACIBO', 'ROLANDO', 'ACIBO'),
(409, 'JOSEPH . QUINDO', 'JOSEPH', 'QUINDO'),
(410, 'ROSKIE . GABUTERO', 'ROSKIE', 'GABUTERO'),
(411, 'ALLAN . TALEON', 'ALLAN', 'TALEON'),
(414, 'EDGEL JAN . JORDAN', 'EDGELJAN', 'JORDAN'),
(415, 'ROEL . VILLACERAN', 'ROEL', 'VILLACERAN'),
(416, 'ROGELENE . TRAYVILLA', 'ROGELENE', 'TRAYVILLA'),
(417, 'EMMALYN . LAJOT', 'EMMALYN', 'LAJOT'),
(418, 'MARIAN . ORBETA', 'MARIAN', 'ORBETA'),
(420, 'KEZZIA MARIE . SIDO', 'KEZZIAMARIE', 'SIDO'),
(421, 'FRANCISCO . TORRES', 'FRANCISCO', 'TORRES'),
(422, 'FELIX . MANILAG', 'FELIX', 'MANILAG'),
(424, 'ROGER . YUNTING', 'ROGER', 'YUNTING'),
(425, 'ANGELITO . MAHINAY', 'ANGELITO', 'MAHINAY'),
(426, 'JIMMY . ORANIO', 'JIMMY', 'ORANIO'),
(427, 'FRANCISCO . ARNAIZ', 'FRANCISCO', 'ARNAIZ'),
(428, 'ROVEN . LAMASAN', 'ROVEN', 'LAMASAN'),
(429, 'CLYD . CALIJAN', 'CLYD', 'CALIJAN'),
(431, 'DULCISIMO . GAMULO JR.', 'DULCISIMO', 'GAMULOJR'),
(432, 'JUDY . LIZADA', 'JUDY', 'LIZADA'),
(433, 'ADELINA . ESTREMOS', 'ADELINA', 'ESTREMOS'),
(434, 'NOEL . OLAC', 'NOEL', 'OLAC'),
(435, 'BENVIENIDO . PINANONANG', 'BENVIENIDO', 'PINANONANG'),
(436, 'DISODADO . SASTRE', 'DISODADO', 'SASTRE'),
(437, 'GENARA . BACTOL', 'GENARA', 'BACTOL'),
(438, 'JOYEN . LIRAZAN', 'JOYEN', 'LIRAZAN'),
(439, 'HARVEY . BACOLOD', 'HARVEY', 'BACOLOD'),
(440, 'FRANCO . BAMAN', 'FRANCO', 'BAMAN'),
(441, 'VANESSA . VEGO', 'VANESSA', 'VEGO'),
(443, 'CARLITO . OYANGORIN', 'CARLITO', 'OYANGORIN'),
(445, 'ALEXANDER . TUVALLES', 'ALEXANDER', 'TUVALLES'),
(448, 'MAURICIO . BANTILAN', 'MAURICIO', 'BANTILAN'),
(449, 'RODERICK . CADORNA', 'RODERICK', 'CADORNA'),
(450, 'NELSON . MAGLANGIT', 'NELSON', 'MAGLANGIT'),
(451, 'KARL VENCINT . DUMAT-OL', 'KARLVENCINT', 'DUMAT-OL'),
(452, 'JE . FRANCISCO', 'JE', 'FRANCISCO'),
(455, 'GENIVIVE . DUMAT-OL', 'GENIVIVE', 'DUMAT-OL'),
(456, 'ROMEO . PAMILAGA', 'ROMEO', 'PAMILAGA'),
(457, 'ANGELITO . PARBA', 'ANGELITO', 'PARBA'),
(458, 'RICHARD . CATID', 'RICHARD', 'CATID'),
(459, 'RITCHIE . GASENDO', 'RITCHIE', 'GASENDO'),
(460, 'WILNAR . TIÑA', 'WILNAR', 'TIÑA'),
(461, 'ENRIQUITO . BATANO', 'ENRIQUITO', 'BATANO'),
(462, 'LEONARDO . GARNECA', 'LEONARDO', 'GARNECA'),
(463, 'EDNA . FUENTEVILLA', 'EDNA', 'FUENTEVILLA'),
(464, 'LYNNE . VILLAMIL', 'LYNNE', 'VILLAMIL'),
(469, 'JOHN MICHAEL . CADUCOY', 'JOHNMICHAEL', 'CADUCOY'),
(472, 'ANDRES . SUSAS', 'ANDRES', 'SUSAS'),
(474, 'ALFIE RYAN . GOLEZ', 'ALFIERYAN', 'GOLEZ'),
(475, 'EDGARDO . ABORIDO', 'EDGARDO', 'ABORIDO'),
(476, 'JOHNREY . RODOC', 'JOHNREY', 'RODOC'),
(477, 'ANALOU A. TAMPIOC', 'ANALOU', 'TAMPIOC'),
(478, 'DANILO . ROSAOT', 'DANILO', 'ROSAOT'),
(479, 'DAISY Y. BELTRAN', 'DAISY', 'BELTRAN'),
(480, 'SYDNEY . ALMAGRO', 'SYDNEY', 'ALMAGRO'),
(481, 'JUN EARL T. ABRASALDO', 'JUNEARL', 'ABRASALDO'),
(482, 'JENELYN . BAYOGUIÑA', 'JENELYN', 'BAYOGUIÑA'),
(484, 'ROSARIO . ABONADOR', 'ROSARIO', 'ABONADOR'),
(485, 'JOJI . SATINITIGAN', 'JOJI', 'SATINITIGAN'),
(486, 'ROSEMARY . RAFALES', 'ROSEMARY', 'RAFALES'),
(487, 'LEA . TUBLE', 'LEA', 'TUBLE'),
(488, 'JOSEPH . BOLFA', 'JOSEPH', 'BOLFA'),
(489, 'DENNIS . PROS', 'DENNIS', 'PROS'),
(490, 'MARK . UMENGAN', 'MARK', 'UMENGAN'),
(494, 'ARIAN . TORRES', 'ARIAN', 'TORRES'),
(496, 'NEIL . TAGAY', 'NEIL', 'TAGAY'),
(497, 'WILSON . TIBUNSAY', 'WILSON', 'TIBUNSAY'),
(498, 'BLESSY . GOTLADERA', 'BLESSY', 'GOTLADERA'),
(499, 'JOEMAR . MONDIDO', 'JOEMAR', 'MONDIDO'),
(500, 'ROBERT . MALINAO', 'ROBERT', 'MALINAO'),
(501, 'EDWIN . PARBA', 'EDWIN', 'PARBA'),
(502, 'EMMANUEL . LAGANHON', 'EMMANUEL', 'LAGANHON'),
(503, 'HERLITO . MONTARGO', 'HERLITO', 'MONTARGO'),
(505, 'LEONIDES . MANZO', 'LEONIDES', 'MANZO'),
(506, 'PABLITO . OLLAGUE', 'PABLITO', 'OLLAGUE'),
(508, 'YESON . EBOGON', 'YESON', 'EBOGON'),
(509, 'JUNRY . NAMACPACAN', 'JUNRY', 'NAMACPACAN'),
(510, 'JOPHET . GAÑEDA', 'JOPHET', 'GAÑEDA'),
(511, 'PEPITO . CADIAO', 'PEPITO', 'CADIAO'),
(512, 'NORREN T. MOSQUERA', 'NORREN', 'MOSQUERA'),
(513, 'DONALD . MARAPAO', 'DONALD', 'MARAPAO'),
(514, 'RONILO . ARCON', 'RONILO', 'ARCON'),
(515, 'JOHNNY J. CONDEZ', 'JOHNNY', 'CONDEZ'),
(517, 'FENIE . MARTINEZ', 'FENIE', 'MARTINEZ'),
(518, 'VICTOR . TINATINA', 'VICTOR', 'TINATINA'),
(519, 'ROY . TINGSON', 'ROY', 'TINGSON'),
(520, 'EUCLYDE . CABASAG', 'EUCLYDE', 'CABASAG'),
(521, 'MICHAEL . CASTILLO', 'MICHAEL', 'CASTILLO'),
(522, 'RAMER . BATIANCILLA', 'RAMER', 'BATIANCILLA'),
(523, 'APRONIANO . TIA', 'APRONIANO', 'TIA'),
(526, 'ROGIL . TECSON', 'ROGIL', 'TECSON'),
(527, 'GERONIMO . BACTOL', 'GERONIMO', 'BACTOL'),
(528, 'ROMULO . MORADOS', 'ROMULO', 'MORADOS'),
(529, 'LEONCIO . VILLION', 'LEONCIO', 'VILLION'),
(530, 'IRISH R. JARDINIANO', 'IRISH', 'JARDINIANO'),
(531, 'NYLRAD DALE C. CAFE', 'NYLRADDALE', 'CAFE'),
(532, 'HERLITO A. MONTARGA', 'HERLITO', 'MONTARGA'),
(533, 'NICOLAS C. RENDOQUE', 'NICOLAS', 'RENDOQUE'),
(534, 'CASTRO . ESTIMADA', 'CASTRO', 'ESTIMADA'),
(535, 'ANDRE . SEGAYO', 'ANDRE', 'SEGAYO'),
(537, 'DANNY . PILANTE', 'DANNY', 'PILANTE'),
(538, 'GRACE . NARIO', 'GRACE', 'NARIO'),
(540, 'GLENN . BALBON', 'GLENN', 'BALBON'),
(541, 'NOOREN . PATAJO', 'NOOREN', 'PATAJO'),
(542, 'ETHEL MAE . DURAN', 'ETHELMAE', 'DURAN'),
(543, 'JOSEPH . JALANDONI', 'JOSEPH', 'JALANDONI'),
(544, 'MICHELLE . UNDAC', 'MICHELLE', 'UNDAC'),
(545, 'JEOVENCIO . TAMPIOC', 'JEOVENCIO', 'TAMPIOC'),
(546, 'FELIZARDO . SANICO', 'FELIZARDO', 'SANICO'),
(547, 'EUFRE . ANECITO JR.', 'EUFRE', 'ANECITOJR'),
(548, 'GERBACIO . TATOY JR.', 'GERBACIO', 'TATOYJR'),
(549, 'ANTHONY . CAYANG', 'ANTHONY', 'CAYANG'),
(550, 'DIONALDO . GINO', 'DIONALDO', 'GINO'),
(551, 'ROGELIO . GENOBATIN', 'ROGELIO', 'GENOBATIN'),
(552, 'SAM ANTHONY . DELA CRUZ', 'SAMANTHONY', 'DELACRUZ'),
(554, 'ELISA . ESPARAGUIRA', 'ELISA', 'ESPARAGUIRA'),
(555, 'ROVELYN . LAPE', 'ROVELYN', 'LAPE'),
(556, 'DIONA . ALCANTARA', 'DIONA', 'ALCANTARA'),
(557, 'RICHARD . SUMALINOG', 'RICHARD', 'SUMALINOG'),
(559, 'MARICON . FLORES', 'MARICON', 'FLORES'),
(561, 'KAREN . GALIDO', 'KAREN', 'GALIDO'),
(562, 'ERIC . TORALDE', 'ERIC', 'TORALDE'),
(563, 'ROGER . DELA PEÑA', 'ROGER', 'DELAPEÑA'),
(564, 'MAMERTO . SUMADIA JR.', 'MAMERTO', 'SUMADIAJR'),
(565, 'NOEL . RENDON', 'NOEL', 'RENDON'),
(566, 'NORIDEN . RENDON', 'NORIDEN', 'RENDON'),
(567, 'GELA . SABIO', 'GELA', 'SABIO'),
(568, 'EUGENE . VALENCIA', 'EUGENE', 'VALENCIA'),
(569, 'RONALYN . VALENCIA', 'RONALYN', 'VALENCIA'),
(570, 'GINA . MAGSIPOC', 'GINA', 'MAGSIPOC'),
(571, 'DECEMARE . TUMIMBANG', 'DECEMARE', 'TUMIMBANG'),
(572, 'DANILO . SALAÑO', 'DANILO', 'SALAÑO'),
(573, 'FE R. BUSMION', 'FE', 'BUSMION'),
(575, 'PREMITIVO . BAGA-AN', 'PREMITIVO', 'BAGA-AN'),
(576, 'ANECITO . EUFRE JR.', 'ANECITO', 'EUFREJR'),
(577, 'REXON . AMERILA JR.', 'REXON', 'AMERILAJR'),
(578, 'FAITH P. ELECTONA', 'FAITH', 'ELECTONA'),
(579, 'REYNALDO . PAGADUAN', 'REYNALDO', 'PAGADUAN'),
(580, 'RIZLYN L. MACABINGIL', 'RIZLYN', 'MACABINGIL'),
(581, 'BILL CHRISTIAN B. TIGBAO', 'BILLCHRISTIAN', 'TIGBAO'),
(583, 'ANGIELYN . LUCASAN', 'ANGIELYN', 'LUCASAN'),
(584, 'DAREL . ONDONG', 'DAREL', 'ONDONG'),
(585, 'RENE . QUIRANTE', 'RENE', 'QUIRANTE'),
(586, 'RAMER . BANTAINCILLA', 'RAMER', 'BANTAINCILLA'),
(587, 'JEROME . RADOC', 'JEROME', 'RADOC'),
(588, 'RYAN . CARAIG', 'RYAN', 'CARAIG'),
(589, 'JEMBERD . GAÑEDA', 'JEMBERD', 'GAÑEDA'),
(590, 'JOREX . DIACAMOS', 'JOREX', 'DIACAMOS'),
(591, 'ARIEL . DURAN', 'ARIEL', 'DURAN'),
(592, 'JERIC . ARROYO', 'JERIC', 'ARROYO'),
(593, 'BERNIE . PANALIGAN', 'BERNIE', 'PANALIGAN'),
(594, 'SHELDON . RODA', 'SHELDON', 'RODA'),
(595, 'RICHARD . TILAD', 'RICHARD', 'TILAD'),
(596, 'ROGELIO . TUMIMBANG', 'ROGELIO', 'TUMIMBANG'),
(599, 'CHARINA . SEMILLANO', 'CHARINA', 'SEMILLANO'),
(600, 'ROBERT . GUARDIANO', 'ROBERT', 'GUARDIANO'),
(601, 'ARNICK . SOBERANO', 'ARNICK', 'SOBERANO'),
(602, 'IRISH MAE F. LEGAJE', 'IRISHMAE', 'LEGAJE'),
(603, 'RENIL . CANLUBO', 'RENIL', 'CANLUBO'),
(604, 'ANTHONY . MAASIN', 'ANTHONY', 'MAASIN'),
(605, 'MARCEL . CALDA', 'MARCEL', 'CALDA'),
(607, 'WILSON C. REGINO', 'WILSON', 'REGINO'),
(608, 'FAITH . FAUSTO', 'FAITH', 'FAUSTO'),
(609, 'JAMES IAN . BAIS', 'JAMESIAN', 'BAIS'),
(610, 'MELVIN . CASTILLO', 'MELVIN', 'CASTILLO'),
(611, 'DARLENE . PASTORFEDE', 'DARLENE', 'PASTORFEDE'),
(612, 'FRANKLIN . MAGALAY', 'FRANKLIN', 'MAGALAY'),
(613, 'EDILBERTO . SEGOCIO', 'EDILBERTO', 'SEGOCIO'),
(614, 'DIONALD . BACALSO', 'DIONALD', 'BACALSO'),
(615, 'RENE . BANDOQUILLO', 'RENE', 'BANDOQUILLO'),
(616, 'DARYL . ODONG', 'DARYL', 'ODONG'),
(617, 'ROEL M. CULANAG', 'ROEL', 'CULANAG'),
(618, 'ROQUE . SALINAS', 'ROQUE', 'SALINAS'),
(619, 'DANILO . BAYOGUIÑA', 'DANILO', 'BAYOGUIÑA'),
(620, 'MARVEL . TAMPIOC', 'MARVEL', 'TAMPIOC'),
(621, 'JAYREE . PIÑERO', 'JAYREE', 'PIÑERO'),
(622, 'JAY CARL T. SIMON', 'JAYCARL', 'SIMON'),
(623, 'GAMULO . DULCISIMO', 'GAMULO', 'DULCISIMO'),
(625, 'COPPER . DIAMANTE', 'COPPER', 'DIAMANTE'),
(628, 'GELDA . TIZON', 'GELDA', 'TIZON'),
(629, 'REBECCA . LAZARTE', 'REBECCA', 'LAZARTE'),
(631, 'HERNULFO . RUELO', 'HERNULFO', 'RUELO'),
(632, 'ALFREDO . BORNALES', 'ALFREDO', 'BORNALES'),
(633, 'JUPETER . ACIBRON', 'JUPETER', 'ACIBRON'),
(634, 'REDAN . REPOSO', 'REDAN', 'REPOSO'),
(900, 'GIOVANNI M. MALBOG', 'GIOVANNI', 'MALBOG'),
(1000, 'PRYDE HENRY A. TEVES', 'PRYDEHENRY', 'TEVES'),
(1101, 'KURT MATTHEW T. TEVES', 'KURTMATTHEW', 'TEVES'),
(1102, 'ROSALINDA T. YBAÑEZ', 'ROSALINDA', 'YBAÑEZ'),
(1103, 'FERNANDO . BANGCAT', 'FERNANDO', 'BANGCAT'),
(1104, 'DANILO . SALANIO', 'DANILO', 'SALANIO'),
(1106, 'KALVIN S. ARTES', 'KALVIN', 'ARTES'),
(1107, 'JAMES . ESTRABELA', 'JAMES', 'ESTRABELA'),
(1108, 'MIKE LOEL . BALBON', 'MIKELOEL', 'BALBON'),
(1109, 'MICHAEL JOHN . YURONG', 'MICHAELJOHN', 'YURONG'),
(1111, 'RONALD . QUIRANTE', 'RONALD', 'QUIRANTE'),
(1112, 'SANTIAGO . QUIRANTE', 'SANTIAGO', 'QUIRANTE'),
(1113, 'JAIMY . AGDOL', 'JAIMY', 'AGDOL'),
(1114, 'STEPHEN . ALVAREZ', 'STEPHEN', 'ALVAREZ'),
(1115, 'VIVENCIO . YURONG', 'VIVENCIO', 'YURONG'),
(1116, 'LUIS . MAGSIPOC', 'LUIS', 'MAGSIPOC'),
(1117, 'RAFAEL E. LAZARO', 'RAFAEL', 'LAZARO'),
(1119, 'VICENTE . ANTIOLA', 'VICENTE', 'ANTIOLA'),
(1122, 'MILA . NOCETE', 'MILA', 'NOCETE'),
(1123, 'ERWIN . PEREZ', 'ERWIN', 'PEREZ'),
(1124, 'FELITO . TORREDA', 'FELITO', 'TORREDA'),
(1125, 'RAFAEL . TUVALLES', 'RAFAEL', 'TUVALLES'),
(1126, 'CONCHITA . GARCIA', 'CONCHITA', 'GARCIA'),
(1127, 'DANIEL . RAPANA', 'DANIEL', 'RAPANA'),
(1128, 'JAE . BAROÑA', 'JAE', 'BAROÑA'),
(1129, 'NICOLAS . ELIMIA', 'NICOLAS', 'ELIMIA'),
(1130, 'CRESLINA . TORRES', 'CRESLINA', 'TORRES'),
(1131, 'EDNA . FUENTIVILLA', 'EDNA', 'FUENTIVILLA'),
(1132, 'MARILOU . CAPIN', 'MARILOU', 'CAPIN'),
(1133, 'PERCY MAE . TUMALE', 'PERCYMAE', 'TUMALE'),
(1134, 'RODIL . ALVARO', 'RODIL', 'ALVARO'),
(1136, 'DHARLTON . DUHAYLUNGSOD', 'DHARLTON', 'DUHAYLUNGSOD'),
(1139, 'KIRK . NUICO', 'KIRK', 'NUICO'),
(1140, 'CATHERINE G. SAMILLANO', 'CATHERINE', 'SAMILLANO'),
(1142, 'NOMERIANO . OYANGORIN', 'NOMERIANO', 'OYANGORIN'),
(1143, 'EMME . PORLAS', 'EMME', 'PORLAS'),
(1144, 'RAMON DANILO . LOCSIN JR.', 'RAMONDANILO', 'LOCSINJR'),
(1145, 'MIKKO . GERONILLA', 'MIKKO', 'GERONILLA'),
(1148, 'ELEAZER . TRAYVILLA', 'ELEAZER', 'TRAYVILLA'),
(1149, 'ERICKSON . CARAMPATANA', 'ERICKSON', 'CARAMPATANA'),
(1150, 'EVAN RACHEL . TAPDASAN', 'EVANRACHEL', 'TAPDASAN'),
(1151, 'ANNIVIE Q. YANSON', 'ANNIVIE', 'YANSON'),
(1152, 'ARMAN . DELA CRUZ', 'ARMAN', 'DELACRUZ'),
(1153, 'VIVIAN . CASAG', 'VIVIAN', 'CASAG'),
(1154, 'JIMMY G. RAFADA', 'JIMMY', 'RAFADA'),
(1155, 'RAYMUND . ABORDO', 'RAYMUND', 'ABORDO'),
(1156, 'MARK ANTHONY . ALONZO', 'MARKANTHONY', 'ALONZO'),
(1157, 'MARIO VAL . VISTA', 'MARIOVAL', 'VISTA'),
(1158, 'GERARDO . MARTINEZ', 'GERARDO', 'MARTINEZ'),
(1160, 'ELSIE . MIJARES', 'ELSIE', 'MIJARES'),
(1161, 'ROSENIE . ABONADOR', 'ROSENIE', 'ABONADOR'),
(1162, 'CHERLY G. MANANQUIL', 'CHERLY', 'MANANQUIL'),
(1163, 'FRANK A. BACONGALLO', 'FRANK', 'BACONGALLO'),
(1164, 'FARAH JANE . DURAN', 'FARAHJANE', 'DURAN'),
(1165, 'ISAGANI . LABE', 'ISAGANI', 'LABE'),
(1166, 'GINA . SANTOS', 'GINA', 'SANTOS'),
(1167, 'RIGOBERTO . HERNANI', 'RIGOBERTO', 'HERNANI'),
(1168, 'NICANOR . NESPEROS', 'NICANOR', 'NESPEROS'),
(1172, 'JUVELIN . DONAN', 'JUVELIN', 'DONAN'),
(1173, 'MYLENE . EDAÑO', 'MYLENE', 'EDAÑO'),
(1174, 'LEON . QUINDO', 'LEON', 'QUINDO'),
(1175, 'HYANCINT . BELASA', 'HYANCINT', 'BELASA'),
(1177, 'SIMPROSO . JAMANDRON', 'SIMPROSO', 'JAMANDRON'),
(1178, 'PETER JOHN . TOMONG', 'PETERJOHN', 'TOMONG'),
(1179, 'AYESSA JEAN . BANDIOLA', 'AYESSAJEAN', 'BANDIOLA'),
(1181, 'FLORDELITO . JUAREZ', 'FLORDELITO', 'JUAREZ'),
(1182, 'LEONILO . MORALES', 'LEONILO', 'MORALES'),
(1183, 'KEVIN ROY . SEVILLA', 'KEVINROY', 'SEVILLA'),
(1184, 'ROBERTO KIENNETH . MONERA', 'ROBERTOKIENNETH', 'MONERA'),
(1185, 'KAIRENE . CABONGBONG', 'KAIRENE', 'CABONGBONG'),
(1186, 'DARLENE . PASTORFIDE', 'DARLENE', 'PASTORFIDE'),
(1187, 'KARL . GEMIRA', 'KARL', 'GEMIRA'),
(1188, 'MONRA . ASENTISTA', 'MONRA', 'ASENTISTA'),
(1189, 'LUCY . PASCO', 'LUCY', 'PASCO'),
(1190, 'JULITO . VIDAL', 'JULITO', 'VIDAL'),
(1191, 'RAMON . GALLARDE', 'RAMON', 'GALLARDE'),
(1192, 'RONALD . GAÑESA', 'RONALD', 'GAÑESA'),
(1193, 'NESTOR . YURONG', 'NESTOR', 'YURONG'),
(1194, 'PABLITO . KILAPKILAP', 'PABLITO', 'KILAPKILAP'),
(1195, 'BRANDO . MARTINEZ', 'BRANDO', 'MARTINEZ'),
(1196, 'ROSALITO . MEDES', 'ROSALITO', 'MEDES'),
(1197, 'FELIX . UNABIA JR.', 'FELIX', 'UNABIAJR'),
(1198, 'MA. GLENDA B. DEVELOS', 'M', 'GLENDAB'),
(1199, 'MANUEL . CADAPAN', 'MANUEL', 'CADAPAN'),
(1200, 'ERROL J. LOMOLJO', 'ERROL', 'LOMOLJO'),
(1201, 'CELSO . PANSACALA', 'CELSO', 'PANSACALA'),
(1202, 'NICOLAS . BUCOL', 'NICOLAS', 'BUCOL'),
(1203, 'TIRSO . CULANG', 'TIRSO', 'CULANG'),
(1204, 'REY . LANCISO', 'REY', 'LANCISO'),
(1205, 'JENARD . TALLEDO', 'JENARD', 'TALLEDO'),
(1206, 'JULITO . AGUILAR', 'JULITO', 'AGUILAR'),
(1207, 'FERNANDO G. BAYOT', 'FERNANDO', 'BAYOT'),
(1208, 'ROWELL . NUDALO', 'ROWELL', 'NUDALO'),
(1210, 'JOHN STEPHEN . ABRINICA', 'JOHNSTEPHEN', 'ABRINICA'),
(1211, 'ROSELYN . FERIL', 'ROSELYN', 'FERIL'),
(1213, 'DANNY . CAYAPAS', 'DANNY', 'CAYAPAS'),
(1214, 'AKEEM . JAMANDRON', 'AKEEM', 'JAMANDRON'),
(1215, 'MARK . UMINGAN', 'MARK', 'UMINGAN'),
(1216, 'TIRSO . CULANAG', 'TIRSO', 'CULANAG'),
(1218, 'PJ . TIZON', 'PJ', 'TIZON'),
(1219, 'FLORDELITO . SUAREZ', 'FLORDELITO', 'SUAREZ'),
(1220, 'MARIA MELISSA . TIÑA', 'MARIAMELISSA', 'TIÑA'),
(1221, 'RENANTE P. MALBOG', 'RENANTE', 'MALBOG'),
(1222, 'JANIS A. MIRADOR', 'JANIS', 'MIRADOR'),
(1223, 'JENNIFER . COMPACION', 'JENNIFER', 'COMPACION'),
(1226, 'KIMBERLY LOURDES S. MARTINEZ', 'KIMBERLYLOURDES', 'MARTINEZ'),
(1227, 'AUDREY . TONOGBANUA', 'AUDREY', 'TONOGBANUA'),
(1228, 'EFREN . VALOR', 'EFREN', 'VALOR'),
(1229, 'ELDARICO . BALASABAS', 'ELDARICO', 'BALASABAS'),
(1231, 'JERRY . JORDAN', 'JERRY', 'JORDAN'),
(1234, 'NOEL . BRILLANTES', 'NOEL', 'BRILLANTES'),
(1235, 'ADELIA . ARTES', 'ADELIA', 'ARTES'),
(1236, 'EMELYN JOY . BAYOGUIÑA', 'EMELYNJOY', 'BAYOGUIÑA'),
(1237, 'DEAN . CUENCA', 'DEAN', 'CUENCA'),
(1238, 'LEONILA . GARLET', 'LEONILA', 'GARLET'),
(1239, 'JOEMAR . ESPAÑOLA', 'JOEMAR', 'ESPAÑOLA'),
(1240, 'ERIC B. ASEÑAS', 'ERIC', 'ASEÑAS'),
(1241, 'EUGENE S. MACASILHIG', 'EUGENE', 'MACASILHIG'),
(1242, 'KRITELLA Q. PINANONANG', 'KRITELLA', 'PINANONANG'),
(1243, 'WALTER G. TOLEDO', 'WALTER', 'TOLEDO'),
(1244, 'PHILIP THEODORE . DUMALE', 'PHILIPTHEODORE', 'DUMALE'),
(1245, 'MERCIDITA . GAUDIEL', 'MERCIDITA', 'GAUDIEL'),
(1246, 'FERN . EGANG', 'FERN', 'EGANG'),
(1247, 'RONALD . DELA TORRE', 'RONALD', 'DELATORRE'),
(1248, 'JOEL . GABO', 'JOEL', 'GABO'),
(1249, 'RAY T. PAPELLERAS', 'RAY', 'PAPELLERAS'),
(1251, 'DEMETRIO N. GAGA-A III', 'DEMETRIO', 'GAGA-AIII'),
(1252, 'TEODORO H. JURADO', 'TEODORO', 'JURADO'),
(1253, 'JOSEPH B. PACAÑA', 'JOSEPH', 'PACAÑA'),
(1254, 'LEOVEN T. ESCOBAR', 'LEOVEN', 'ESCOBAR'),
(1256, 'JUNNY . ESPANOLA', 'JUNNY', 'ESPANOLA'),
(1257, 'MARLON . BELTRAN', 'MARLON', 'BELTRAN'),
(1258, 'JUNVEE . MELANCOLICO', 'JUNVEE', 'MELANCOLICO'),
(1259, 'KENT JOHN . ZAMORA', 'KENTJOHN', 'ZAMORA'),
(1261, 'ANDY . BELOY', 'ANDY', 'BELOY'),
(1262, 'MARIA GINA D. QUINDO', 'MARIAGINA', 'QUINDO'),
(1263, 'RONNEL . CAIÑELA', 'RONNEL', 'CAIÑELA'),
(1264, 'LEONARDO C. ARIAGA JR.', 'LEONARDO', 'ARIAGAJR'),
(1265, 'GREMAR H. SAPEPE', 'GREMAR', 'SAPEPE'),
(1266, 'CERILO . TOMONG', 'CERILO', 'TOMONG'),
(1267, 'DANILO . ROSAUT', 'DANILO', 'ROSAUT'),
(1268, 'JOB . LASTIMOSO', 'JOB', 'LASTIMOSO'),
(1269, 'MA. SHERYL H. LAURE', 'M', 'SHERYLH'),
(1270, 'JOHNRY C. QUILAPQUILAP', 'JOHNRY', 'QUILAPQUILAP'),
(1271, 'FRANCIS . BAMAN', 'FRANCIS', 'BAMAN'),
(1272, 'LUCIA . CANTO', 'LUCIA', 'CANTO'),
(1273, 'WILLIAM . JUMAO-AS', 'WILLIAM', 'JUMAO-AS'),
(1275, 'JOHN FHEL . PINILI', 'JOHNFHEL', 'PINILI'),
(1276, 'MARVIC . ILAGAN', 'MARVIC', 'ILAGAN'),
(1277, 'ANIANO . ATIENZA', 'ANIANO', 'ATIENZA'),
(1278, 'BERNARD . BORIA', 'BERNARD', 'BORIA'),
(1281, 'EDWARD . CREDO', 'EDWARD', 'CREDO'),
(1283, 'MARGIE T. TURCO', 'MARGIE', 'TURCO'),
(1284, 'AILYN C. SALADAGA', 'AILYN', 'SALADAGA'),
(1285, 'ZALDY A. PEREZ', 'ZALDY', 'PEREZ'),
(1287, 'RHEA MAE . VILLAROSA', 'RHEAMAE', 'VILLAROSA'),
(1288, 'CARLYGEN . COMBITE', 'CARLYGEN', 'COMBITE'),
(1290, 'WAYNE RODEN . ONG', 'WAYNERODEN', 'ONG'),
(1291, 'JEROME . REAL', 'JEROME', 'REAL'),
(1325, 'CHELSA MARIE . ZERNA', 'CHELSAMARIE', 'ZERNA'),
(1326, 'JANE MARIE . FERNANDEZ', 'JANEMARIE', 'FERNANDEZ'),
(1327, 'KLEINE JUN . ONTOLAN', 'KLEINEJUN', 'ONTOLAN'),
(1328, 'JAMES . GARBOSA', 'JAMES', 'GARBOSA'),
(1329, 'MARIFE . ESTROLOGO', 'MARIFE', 'ESTROLOGO'),
(1330, 'ANTHONY . MERCED', 'ANTHONY', 'MERCED'),
(1331, 'LOVELLA . PIOQUINTO', 'LOVELLA', 'PIOQUINTO'),
(1332, 'JAMES . ESTREBELLA', 'JAMES', 'ESTREBELLA'),
(1333, 'KERR . TABAY', 'KERR', 'TABAY'),
(1334, 'AILEEN MARIE . LIBRON', 'AILEENMARIE', 'LIBRON'),
(1335, 'EVANGELINE . VILLASAN', 'EVANGELINE', 'VILLASAN'),
(1336, 'LAURO . CARMELOTES', 'LAURO', 'CARMELOTES'),
(1339, 'EMMANUEL . REYES', 'EMMANUEL', 'REYES'),
(1340, 'MA. AURENE . OLAC', 'M', 'AURENE'),
(1341, 'PACITO M. DAYAO', 'PACITO', 'DAYAO'),
(1342, 'KENNETH . SAJULLA', 'KENNETH', 'SAJULLA'),
(1343, 'CAREN JOY C. PERALTA', 'CARENJOY', 'PERALTA'),
(1344, 'JOHN CHARLES C. SARIENTAS', 'JOHNCHARLES', 'SARIENTAS'),
(1345, 'JOTHAM . TANASAN', 'JOTHAM', 'TANASAN'),
(1346, 'DENNIS F. GANGIS', 'DENNIS', 'GANGIS'),
(1347, 'AILEEN MARIE . LEBRON', 'AILEENMARIE', 'LEBRON'),
(1348, 'MARK . BACOR', 'MARK', 'BACOR'),
(1349, 'CHRISTOPHER . FLORDELIZA', 'CHRISTOPHER', 'FLORDELIZA'),
(1350, 'JENNILYN . ESTREVILLA', 'JENNILYN', 'ESTREVILLA'),
(1351, 'ROSARIO . VILLAVERT', 'ROSARIO', 'VILLAVERT'),
(1352, 'CRISILDA F. TOSETA', 'CRISILDA', 'TOSETA'),
(1353, 'ANTONIO . BARACUATRO', 'ANTONIO', 'BARACUATRO'),
(1354, 'DANNY . LOAR', 'DANNY', 'LOAR'),
(1355, 'CELSO . TORREDA J.', 'CELSO', 'TORREDAJ'),
(1356, 'MARICEL B. TRONCO', 'MARICEL', 'TRONCO'),
(1357, 'ORVIL . ILAGAN', 'ORVIL', 'ILAGAN'),
(1359, 'JEVY . SILVA', 'JEVY', 'SILVA'),
(1360, 'WILSON . NAMA', 'WILSON', 'NAMA'),
(1361, 'ANNABELL . ELIMA', 'ANNABELL', 'ELIMA'),
(1362, 'CARMENCHITA . ILAGAN', 'CARMENCHITA', 'ILAGAN'),
(1363, 'CARLITO M. WAGAS', 'CARLITO', 'WAGAS'),
(1364, 'REY JAY . ESCARPE', 'REYJAY', 'ESCARPE'),
(1366, 'JOEFEL F. SINAG', 'JOEFEL', 'SINAG'),
(1368, 'BALDWIN . ELECTONA', 'BALDWIN', 'ELECTONA'),
(1369, 'DINDO . PAMILAGA', 'DINDO', 'PAMILAGA'),
(1372, 'ALVIE O. TECSON', 'ALVIE', 'TECSON'),
(1373, 'CAROL MAE . VALOR', 'CAROLMAE', 'VALOR'),
(1374, 'ARNEL . ABERIA', 'ARNEL', 'ABERIA'),
(1375, 'JOEBERT . RAPANA', 'JOEBERT', 'RAPANA'),
(1376, 'EDDIE . ADALIA', 'EDDIE', 'ADALIA'),
(1377, 'MARLYN D. BAJARDO', 'MARLYN', 'BAJARDO'),
(1378, 'RUTCHELL P. BELNAS', 'RUTCHELL', 'BELNAS'),
(1380, 'AMY . GUMAHAD', 'AMY', 'GUMAHAD'),
(1382, 'RICHMUNDO . MANZO', 'RICHMUNDO', 'MANZO'),
(1383, 'RONNIE . MANZO', 'RONNIE', 'MANZO'),
(1384, 'RYME C. MAYANG', 'RYME', 'MAYANG'),
(1385, 'PAUL JOHN . TOLENTINO', 'PAULJOHN', 'TOLENTINO'),
(1386, 'PETER PAUL . TUMLAD', 'PETERPAUL', 'TUMLAD'),
(1387, 'LUZ . JO', 'LUZ', 'JO'),
(1388, 'MICHAEL . DELA CRUZ', 'MICHAEL', 'DELACRUZ'),
(1389, 'ADRIAN . GUTIB', 'ADRIAN', 'GUTIB'),
(1390, 'ATHUR . ABELLA', 'ATHUR', 'ABELLA'),
(1391, 'REYNALDO . NAMACPACAN', 'REYNALDO', 'NAMACPACAN'),
(1392, 'JOE DENNIS . VILLAMIL', 'JOEDENNIS', 'VILLAMIL'),
(1393, 'KYLE WILLIAM G. QUINDO/ ET.AL.', 'KYLEWILLIAM', 'QUINDO/ET'),
(1394, 'ALBERT . CUBALAN', 'ALBERT', 'CUBALAN'),
(1395, 'DECK . GABUYA', 'DECK', 'GABUYA'),
(1396, 'DOMENICIANO . DISTRITO JR', 'DOMENICIANO', 'DISTRITOJR'),
(1397, 'CLAUDENE JOY . MURILLO', 'CLAUDENEJOY', 'MURILLO'),
(1398, 'GLO B. BELBAR', 'GLO', 'BELBAR'),
(1399, 'GAMALIEL . CADELIÑA', 'GAMALIEL', 'CADELIÑA'),
(1400, 'JOHN BRYLLE . JAURIGUE', 'JOHNBRYLLE', 'JAURIGUE'),
(1401, 'JEPHUNI . FONTAMILLAS', 'JEPHUNI', 'FONTAMILLAS'),
(1402, 'CARINA . REPOSO', 'CARINA', 'REPOSO'),
(1403, 'ANTONIO . BANCOG', 'ANTONIO', 'BANCOG'),
(1404, 'ARNIROSE . BACOR', 'ARNIROSE', 'BACOR'),
(1405, 'REYKEN . JAMIN', 'REYKEN', 'JAMIN'),
(1406, 'ARIEL . ABRASALDO', 'ARIEL', 'ABRASALDO'),
(1407, 'CALTDON . TIBONSAY', 'CALTDON', 'TIBONSAY'),
(1408, 'PHILIP JOSEPH . NALAS', 'PHILIPJOSEPH', 'NALAS'),
(1409, 'SAIDALI . PACO', 'SAIDALI', 'PACO'),
(1410, 'ROMEO . DELA CRUZ', 'ROMEO', 'DELACRUZ'),
(1411, 'CATHERINE R. TORREFRANCA', 'CATHERINE', 'TORREFRANCA'),
(1412, 'NELSON . SUMI-OG', 'NELSON', 'SUMI-OG'),
(1413, 'JOEMARIE . MONCAL', 'JOEMARIE', 'MONCAL'),
(1414, 'JOANNE CATHRYN . BARTE', 'JOANNECATHRYN', 'BARTE'),
(1415, 'NOMERIANO . OYANGURIN', 'NOMERIANO', 'OYANGURIN'),
(1417, 'ROGELIO . DAEL', 'ROGELIO', 'DAEL'),
(1418, 'JOHANNA J. MAGUSARA', 'JOHANNA', 'MAGUSARA'),
(1419, 'GIENEX JOHN F. CAÑEDO', 'GIENEXJOHN', 'CAÑEDO'),
(1420, 'MEG STEPHEN B. OCAÑA', 'MEGSTEPHEN', 'OCAÑA'),
(1421, 'RONA . DELA CRUZ', 'RONA', 'DELACRUZ'),
(1422, 'BOBSTER . GUILLARAWAN', 'BOBSTER', 'GUILLARAWAN'),
(1423, 'EDDIE EPHRAIM A. MENDOZA', 'EDDIEEPHRAIM', 'MENDOZA'),
(1424, 'RAY ALJUNE T. RUELO', 'RAYALJUNE', 'RUELO'),
(1425, 'DAVID . OBAÑANA', 'DAVID', 'OBAÑANA'),
(1426, 'MARLON . MEMIS', 'MARLON', 'MEMIS'),
(1427, 'AMMYLOU A. ABERIA', 'AMMYLOU', 'ABERIA'),
(1429, 'NIÑA KATRINA T. CADAPAN', 'NIÑAKATRINA', 'CADAPAN'),
(1430, 'JULIE L. YAP', 'JULIE', 'YAP'),
(1431, 'LORNA . DURAN', 'LORNA', 'DURAN'),
(1432, 'FRECEL . QUIBAL', 'FRECEL', 'QUIBAL'),
(1433, 'JOEBERT . SARAÑA', 'JOEBERT', 'SARAÑA'),
(1434, 'CARLA MAE . CASPE', 'CARLAMAE', 'CASPE'),
(1435, 'CRISME . GUTANG', 'CRISME', 'GUTANG'),
(1436, 'ULYSSES P. ORTEGA', 'ULYSSES', 'ORTEGA'),
(1437, 'MARIANITO . MANAGING', 'MARIANITO', 'MANAGING'),
(1438, 'JOSE GLEEN . EPA', 'JOSEGLEEN', 'EPA'),
(1439, 'MARCELA L. SEDILLO', 'MARCELA', 'SEDILLO'),
(1440, 'ORLANDO B. AVENIO', 'ORLANDO', 'AVENIO'),
(1441, 'LOUELA . CABALLERO', 'LOUELA', 'CABALLERO'),
(1442, 'JANITO . LOPING', 'JANITO', 'LOPING'),
(1443, 'RESELITO D. CANCIO', 'RESELITO', 'CANCIO'),
(1444, 'ANTONIO . CADIENTE', 'ANTONIO', 'CADIENTE'),
(1445, 'EDUARDO S. JORDAN JR', 'EDUARDO', 'JORDANJR'),
(1446, 'RUEL . ABRIO', 'RUEL', 'ABRIO'),
(1447, 'RICHARD . JUA', 'RICHARD', 'JUA'),
(1448, 'JUVENAL O. TUALE', 'JUVENAL', 'TUALE'),
(1449, 'MARIE NESSA O. RASTICA', 'MARIENESSA', 'RASTICA'),
(1450, 'PRECIOUS MAE . BINOLOGA', 'PRECIOUSMAE', 'BINOLOGA'),
(1451, 'ALBERTO . AMILER', 'ALBERTO', 'AMILER'),
(1452, 'LIZA . BERNUS', 'LIZA', 'BERNUS'),
(1453, 'ROY . MEDINO', 'ROY', 'MEDINO'),
(1454, 'RANDY . ROTE', 'RANDY', 'ROTE'),
(1455, 'MARIA . VALOR', 'MARIA', 'VALOR'),
(1456, 'ARIAM . BEJASA', 'ARIAM', 'BEJASA'),
(1458, 'VALENTINE . BELLO', 'VALENTINE', 'BELLO'),
(1459, 'LADY LOU . MENDEZ', 'LADYLOU', 'MENDEZ'),
(1460, 'SUE ANNE U. VILLARETE', 'SUEANNE', 'VILLARETE'),
(1461, 'AYESSA JANE . GERONILLA', 'AYESSAJANE', 'GERONILLA'),
(1462, 'JOHN REY . BERDERSIN', 'JOHNREY', 'BERDERSIN'),
(1463, 'ROBERTO . BALANSAG JR', 'ROBERTO', 'BALANSAGJR'),
(1464, 'RAMER . KADUSALE', 'RAMER', 'KADUSALE'),
(1465, 'GUILLERMO . OLORES', 'GUILLERMO', 'OLORES'),
(1466, 'ALBERT . SARSUELO', 'ALBERT', 'SARSUELO'),
(1468, 'ROSITA MARIA . TINDOC', 'ROSITAMARIA', 'TINDOC'),
(1469, 'CHRISTOPHER . BANTUG', 'CHRISTOPHER', 'BANTUG'),
(1470, 'CHRISTINE LORRAINE T. TIJING', 'CHRISTINELORRAINE', 'TIJING'),
(1471, 'DIOVANNI C. PALOMA', 'DIOVANNI', 'PALOMA'),
(1472, 'ROLEN . SANTAÑEZ', 'ROLEN', 'SANTAÑEZ'),
(1473, 'GABRIEL . ESPINOSA', 'GABRIEL', 'ESPINOSA'),
(1474, 'JOEL . JAURIGUE', 'JOEL', 'JAURIGUE'),
(1475, 'LYSTER . CARREON', 'LYSTER', 'CARREON'),
(1477, 'HERACLEO C. ALMAGRO', 'HERACLEO', 'ALMAGRO'),
(1478, 'CECILIA M. GOTLADERA', 'CECILIA', 'GOTLADERA'),
(1479, 'MERLITA R. GAUDIEL', 'MERLITA', 'GAUDIEL'),
(1480, 'ARNOLD . ARRIETA', 'ARNOLD', 'ARRIETA'),
(1481, 'JOHNSON . SINCO', 'JOHNSON', 'SINCO'),
(1482, 'PRISLEE . GERALDE', 'PRISLEE', 'GERALDE'),
(1483, 'ASTER . DIAO', 'ASTER', 'DIAO'),
(1484, 'NICO ANGELO L. LIM', 'NICOANGELO', 'LIM'),
(1485, 'CARLITO . DELA CRUZ', 'CARLITO', 'DELACRUZ'),
(1486, 'MELCHOR D. AGUSIN', 'MELCHOR', 'AGUSIN'),
(1487, 'LUCIANO Q. KINILITAN', 'LUCIANO', 'KINILITAN'),
(1488, 'APRIL ROSE . SUMUGAT', 'APRILROSE', 'SUMUGAT'),
(1489, 'SUSANA P. MACABINGUIL', 'SUSANA', 'MACABINGUIL'),
(1490, 'RODEL . NORICO', 'RODEL', 'NORICO'),
(1491, 'DOMINADOR . MAQUILING', 'DOMINADOR', 'MAQUILING'),
(1492, 'BEN LEAN . CAYME', 'BENLEAN', 'CAYME'),
(1493, 'GIOVANNI . GOROSPE', 'GIOVANNI', 'GOROSPE'),
(1494, 'ARGIE A. ALIABO', 'ARGIE', 'ALIABO'),
(1495, 'RAMEL T. BORRES', 'RAMEL', 'BORRES'),
(1496, 'ALEJANDRO A. BARGASO', 'ALEJANDRO', 'BARGASO'),
(1497, 'LEAH MAE . QUINDO', 'LEAHMAE', 'QUINDO'),
(1498, 'JOJI . PALMA', 'JOJI', 'PALMA'),
(1499, 'ROBERTO . LASCOÑA', 'ROBERTO', 'LASCOÑA'),
(1500, 'EFREN I. NORICO JR', 'EFREN', 'NORICOJR'),
(1502, 'JERSON . KABRISTANTE', 'JERSON', 'KABRISTANTE'),
(1503, 'ROBERTO . TEJERO', 'ROBERTO', 'TEJERO'),
(1504, 'GUIDO . GALICIA JR', 'GUIDO', 'GALICIAJR'),
(1505, 'JERIC . REPONTE', 'JERIC', 'REPONTE'),
(1507, 'GIDO . VALENCIA', 'GIDO', 'VALENCIA'),
(1508, 'VINJIE . BARTE', 'VINJIE', 'BARTE'),
(1509, 'ELMER . NABALITAN', 'ELMER', 'NABALITAN'),
(1510, 'HILARIO . MILLA', 'HILARIO', 'MILLA'),
(1511, 'JUDE . TEMPERATURA', 'JUDE', 'TEMPERATURA'),
(1512, 'ROSELYN . MARTINEZ', 'ROSELYN', 'MARTINEZ'),
(1513, 'WALTER . ZUNIEGA', 'WALTER', 'ZUNIEGA'),
(1514, 'HRLY KIM . DELGADO', 'HRLYKIM', 'DELGADO'),
(1515, 'NELSON . CABAJAR', 'NELSON', 'CABAJAR'),
(1516, 'CLEMENTE . SALINAS', 'CLEMENTE', 'SALINAS'),
(1517, 'JAMAICA . HERNANI', 'JAMAICA', 'HERNANI'),
(1518, 'RAMON . JALBUNA', 'RAMON', 'JALBUNA'),
(1519, 'ELIZER . ALICUMAN', 'ELIZER', 'ALICUMAN'),
(1520, 'PACIFICO . CASTRO', 'PACIFICO', 'CASTRO'),
(1521, 'CATALINO . RAMIREZ', 'CATALINO', 'RAMIREZ'),
(1522, 'MARIA LUZ . BAYOGUIÑA', 'MARIALUZ', 'BAYOGUIÑA'),
(1523, 'ALFREDO P. RAMIREZ JR.', 'ALFREDO', 'RAMIREZJR'),
(1524, 'TEOFILO M. CAGAS', 'TEOFILO', 'CAGAS'),
(1525, 'RIEL . ALCANTARA', 'RIEL', 'ALCANTARA'),
(1527, 'GILBERT . EVANGELISTA', 'GILBERT', 'EVANGELISTA'),
(1528, 'RYAN MARK . GRACIADAS', 'RYANMARK', 'GRACIADAS'),
(1529, 'JOY . DE PABLO', 'JOY', 'DEPABLO'),
(1530, 'CAROL . PARAN', 'CAROL', 'PARAN'),
(1531, 'LUISA . GELERA', 'LUISA', 'GELERA'),
(1532, 'CHRISTOPHER . SATO', 'CHRISTOPHER', 'SATO'),
(1533, 'JAN A. SUMALPONG', 'JAN', 'SUMALPONG'),
(1534, 'IAN . SUMALPONG', 'IAN', 'SUMALPONG'),
(1535, 'FRANCISCO . VILIRAN', 'FRANCISCO', 'VILIRAN'),
(1536, 'MAGDALINO . YUNTING', 'MAGDALINO', 'YUNTING'),
(1537, 'MICHAEL L. TERANIA', 'MICHAEL', 'TERANIA'),
(1538, 'CHARLEY BOY . GELERA', 'CHARLEYBOY', 'GELERA'),
(1539, 'MARK R. MAGSIPOC', 'MARK', 'MAGSIPOC'),
(1540, 'JADE . QUINDO', 'JADE', 'QUINDO'),
(1541, 'JOSEPH . BACALSO', 'JOSEPH', 'BACALSO'),
(1542, 'ARCHER . BIRJES', 'ARCHER', 'BIRJES'),
(1543, 'RODEL . GLODOVE', 'RODEL', 'GLODOVE'),
(1544, 'JAYSON . MONTAÑO', 'JAYSON', 'MONTAÑO'),
(1545, 'KEZIAH LOVE O. NODADO', 'KEZIAHLOVE', 'NODADO'),
(1546, 'JOSE JONRY . TULABING', 'JOSEJONRY', 'TULABING'),
(1547, 'KAYE KIRSTEN . LAMIS', 'KAYEKIRSTEN', 'LAMIS'),
(1548, 'HERMIE . TAMPIOC', 'HERMIE', 'TAMPIOC'),
(1549, 'REDEN . NORICO', 'REDEN', 'NORICO'),
(1550, 'SWEET VALENTINE G. ROSADO', 'SWEETVALENTINE', 'ROSADO'),
(1551, 'RODERICK A. MAXINO', 'RODERICK', 'MAXINO'),
(1552, 'HENJEAN ANGELO . ABREMATEA', 'HENJEANANGELO', 'ABREMATEA'),
(1553, 'STEPHANIE . CAGAS', 'STEPHANIE', 'CAGAS'),
(1554, 'PAUL JOHN M. BARROCA', 'PAULJOHN', 'BARROCA'),
(1555, 'DANILO G. QUINDO', 'DANILO', 'QUINDO'),
(1556, 'JOHN REY . OLORES', 'JOHNREY', 'OLORES'),
(1557, 'FRANCIS LYLE . FLORES', 'FRANCISLYLE', 'FLORES'),
(1559, 'DAVID . DANAG', 'DAVID', 'DANAG'),
(1560, 'REYMOND M. MANZO .', 'REYMOND', 'MANZO'),
(1561, 'PERFECTO . CARMELOTES', 'PERFECTO', 'CARMELOTES'),
(1562, 'JOEWARD . ENDINO', 'JOEWARD', 'ENDINO'),
(1563, 'RAMCES . DAYUDAY', 'RAMCES', 'DAYUDAY'),
(1564, 'AVELINO C. LOQUINARIO', 'AVELINO', 'LOQUINARIO'),
(1565, 'RYAN . OLORES', 'RYAN', 'OLORES'),
(1566, 'ROLAND . ONDE', 'ROLAND', 'ONDE'),
(1567, 'JASON . NARIO', 'JASON', 'NARIO'),
(1568, 'CONSTANCIO . BANDOJO', 'CONSTANCIO', 'BANDOJO'),
(1569, 'HARVEY . CAROPE', 'HARVEY', 'CAROPE'),
(1570, 'REFEIN V. LOPING', 'REFEIN', 'LOPING'),
(1571, 'ALFREDO L. MACAY', 'ALFREDO', 'MACAY'),
(1572, 'ALEXANDER . BORBON', 'ALEXANDER', 'BORBON'),
(1573, 'RONILO . SALINAS', 'RONILO', 'SALINAS'),
(1574, 'WILMAR . LAMPITAO', 'WILMAR', 'LAMPITAO'),
(1575, 'FLORAMIE E. GARGOLES', 'FLORAMIE', 'GARGOLES'),
(1576, 'NEVA MAE . GUIRON', 'NEVAMAE', 'GUIRON'),
(1577, 'KAIRENE . CABANGBANG', 'KAIRENE', 'CABANGBANG'),
(1578, 'RICHARD . REAL', 'RICHARD', 'REAL'),
(1579, 'IRIS IAN . DEVELA', 'IRISIAN', 'DEVELA'),
(1581, 'RHYN MARK D. PANUELA', 'RHYNMARK', 'PANUELA'),
(1582, 'JOGIE . TABANAO', 'JOGIE', 'TABANAO'),
(1583, 'PAUL ANDREW . SENIEL', 'PAULANDREW', 'SENIEL'),
(1584, 'KAIRENE . COBANGBANG', 'KAIRENE', 'COBANGBANG'),
(1585, 'PER SEE JAMES . BAYBAY', 'PERSEEJAMES', 'BAYBAY'),
(1586, 'ZORAIDA . OCCEÑA', 'ZORAIDA', 'OCCEÑA'),
(1587, 'CHRISTOPHER . PAGNANAWON', 'CHRISTOPHER', 'PAGNANAWON'),
(1588, 'FERIL . GWYNN JOSEPH', 'FERIL', 'GWYNNJOSEPH'),
(1589, 'ISRAEL . MARTINEZ', 'ISRAEL', 'MARTINEZ'),
(1590, 'NOEL . HAMOR', 'NOEL', 'HAMOR'),
(1591, 'JULY REY . SUMBAL', 'JULYREY', 'SUMBAL'),
(1592, 'VICTORIANO . PACQUIAO', 'VICTORIANO', 'PACQUIAO'),
(1593, 'DEXTER . REYES', 'DEXTER', 'REYES'),
(1594, 'ELMER . CORPUZ', 'ELMER', 'CORPUZ'),
(1595, 'LIEZEL . ENCABO', 'LIEZEL', 'ENCABO'),
(1597, 'RUBE JIRAH . CALINGACION', 'RUBEJIRAH', 'CALINGACION'),
(1598, 'RHYN MARK . PENUELA', 'RHYNMARK', 'PENUELA'),
(1599, 'TERESITA . TABURADE', 'TERESITA', 'TABURADE'),
(1600, 'VIRGILIO . VENTURA JR', 'VIRGILIO', 'VENTURAJR'),
(1601, 'DEXTER . PUYAT', 'DEXTER', 'PUYAT'),
(1602, 'JEGER . ZAMORA', 'JEGER', 'ZAMORA'),
(1603, 'BRIAN . ZAMORA', 'BRIAN', 'ZAMORA'),
(1604, 'JEDAMAE . BORNEA', 'JEDAMAE', 'BORNEA'),
(1605, 'DEXTER . RAGAY', 'DEXTER', 'RAGAY'),
(1606, 'ABEL . ALONZO', 'ABEL', 'ALONZO'),
(1607, 'RAZEL . INYONG', 'RAZEL', 'INYONG'),
(1608, 'ROBERTO CRISANTO L. ALPON III', 'ROBERTOCRISANTO', 'ALPONIII'),
(1609, 'WARREN JOHN L. MAGDASAL', 'WARRENJOHN', 'MAGDASAL'),
(1610, 'GERONIMO V. LOPEZ', 'GERONIMO', 'LOPEZ'),
(1611, 'JENRUEL S. CADMAS', 'JENRUEL', 'CADMAS'),
(1612, 'EMMA . DIPLOMA', 'EMMA', 'DIPLOMA'),
(1613, 'JOCELYN G. VELEZ', 'JOCELYN', 'VELEZ'),
(1614, 'GREGORIO . BOTONES', 'GREGORIO', 'BOTONES'),
(1615, 'TERESITA . QUINDO', 'TERESITA', 'QUINDO'),
(1616, 'GINA . COMBITE', 'GINA', 'COMBITE'),
(1617, 'EDUARDO . TIZON', 'EDUARDO', 'TIZON'),
(1618, 'ARCHIE . RENDON', 'ARCHIE', 'RENDON'),
(1619, 'HANNY . BASILISCO', 'HANNY', 'BASILISCO'),
(1620, 'JULIE MAY . FERRATER', 'JULIEMAY', 'FERRATER'),
(1621, 'GENER . YANGCO', 'GENER', 'YANGCO'),
(1622, 'APRIL JOY . MELENDRES', 'APRILJOY', 'MELENDRES'),
(1623, 'SHERYL . CARACEL', 'SHERYL', 'CARACEL'),
(1624, 'ROMIL . ANIÑON', 'ROMIL', 'ANIÑON'),
(1625, 'MARY DAME . DICDICAN', 'MARYDAME', 'DICDICAN'),
(1626, 'WEMAR . ALVARADO', 'WEMAR', 'ALVARADO'),
(1627, 'WILFREDO . MENDEZ', 'WILFREDO', 'MENDEZ'),
(1628, 'JOHN PAUL . LEONIDAS', 'JOHNPAUL', 'LEONIDAS'),
(1629, 'BRIAN . VALENCIA', 'BRIAN', 'VALENCIA'),
(1630, 'GEORGE . ARADA', 'GEORGE', 'ARADA'),
(1631, 'HONEYLYN C. TAMPIOC', 'HONEYLYN', 'TAMPIOC'),
(1632, 'JOHN BRYAN G. TAMPIOC', 'JOHNBRYAN', 'TAMPIOC'),
(1633, 'JOHN BRYAN G. MEDINA', 'JOHNBRYAN', 'MEDINA'),
(1634, 'JANICE . ACABAL', 'JANICE', 'ACABAL'),
(1635, 'VAN LAWRENCE . MACAY', 'VANLAWRENCE', 'MACAY'),
(1636, 'AYAN S. JAMIN', 'AYAN', 'JAMIN'),
(1637, 'LEONALYN A. COMPACION', 'LEONALYN', 'COMPACION'),
(1638, 'MA. CHRISTINA . DURAN', 'M', 'CHRISTINA'),
(1639, 'NESLYN . BENITEZ', 'NESLYN', 'BENITEZ'),
(1640, 'GABRIEL A. TORRES', 'GABRIEL', 'TORRES'),
(1641, 'JESSIE . MAGBANUA', 'JESSIE', 'MAGBANUA'),
(1642, 'DIEGO . SALAZAR', 'DIEGO', 'SALAZAR'),
(1643, 'VERA LYNN M. CADIENTE', 'VERALYNN', 'CADIENTE'),
(1644, 'WILMIER . BARRON', 'WILMIER', 'BARRON'),
(1645, 'ARNEL . LAMBOSON', 'ARNEL', 'LAMBOSON'),
(1646, 'LINDA . QUINDOZA', 'LINDA', 'QUINDOZA'),
(1647, 'RUMMEL J. QUIMAT', 'RUMMEL', 'QUIMAT'),
(1648, 'JOAN . ALBERIO', 'JOAN', 'ALBERIO'),
(1649, 'JANICE . LINDAYAG', 'JANICE', 'LINDAYAG'),
(1650, 'JON EMMANUEL . ACIBO', 'JONEMMANUEL', 'ACIBO'),
(1651, 'ROLANDO V. ABRASALDO', 'ROLANDO', 'ABRASALDO'),
(1652, 'RODULFO T. MATURAN', 'RODULFO', 'MATURAN'),
(1653, 'ELMER . GIDAYA', 'ELMER', 'GIDAYA'),
(1654, 'ARNIEL A. LAMBUSON', 'ARNIEL', 'LAMBUSON'),
(1655, 'RICKY H. DACOTDACOT', 'RICKY', 'DACOTDACOT'),
(1656, 'WILMIER BARRON', 'WILMIERBARRO', ''),
(1657, 'MIKE B. LIBE', 'MIKE', 'LIBE'),
(1658, 'CHRISTYN ANTONINE C. REMATA', 'CHRISTYNANTONINE', 'REMATA'),
(1659, 'ELMER M. SAGAL', 'ELMER', 'SAGAL'),
(1660, 'ROY L. FRIOLANITA', 'ROY', 'FRIOLANITA'),
(1661, 'RANIE C. FLORES', 'RANIE', 'FLORES'),
(1663, 'SANDY LIMA . SULAPAS', 'SANDYLIMA', 'SULAPAS'),
(1664, 'DIEGO S. QUINOL', 'DIEGO', 'QUINOL'),
(1665, 'RICHARD VINCENT . BINARAO', 'RICHARDVINCENT', 'BINARAO'),
(1666, 'MARIO B. TINATINA', 'MARIO', 'TINATINA'),
(1667, 'BERNARDO T. ACABAL', 'BERNARDO', 'ACABAL'),
(1668, 'VICTORIANO . MACAHILOS', 'VICTORIANO', 'MACAHILOS'),
(1669, 'EDUARDO . LAGOS', 'EDUARDO', 'LAGOS'),
(1670, 'CELSO . SARSAPARILLA', 'CELSO', 'SARSAPARILLA'),
(1671, 'AMOS . YAÑEZ', 'AMOS', 'YAÑEZ'),
(1672, 'PRECIOUS MAE . BENOLOGA', 'PRECIOUSMAE', 'BENOLOGA'),
(1673, 'GUILLERMO A. ALFONSO', 'GUILLERMO', 'ALFONSO'),
(1674, 'JULETO M. BEDRO', 'JULETO', 'BEDRO'),
(1675, 'RAY D. QUILIOPE', 'RAY', 'QUILIOPE'),
(1676, 'RACHEL JAE . ADA', 'RACHELJAE', 'ADA'),
(1677, 'HOUDINI . LAGUDA', 'HOUDINI', 'LAGUDA'),
(1678, 'JILLIAN MAE F. GAGA-A', 'JILLIANMAE', 'GAGA-A'),
(1679, 'HARROLD VAN . MARTINEZ', 'HARROLDVAN', 'MARTINEZ'),
(1680, 'RENAN . AQUINO', 'RENAN', 'AQUINO'),
(1681, 'RETCHIE . EGONIA', 'RETCHIE', 'EGONIA'),
(1682, 'JOVEN . MALOLOY-ON', 'JOVEN', 'MALOLOY-ON'),
(1683, 'ROEL . SOTEA', 'ROEL', 'SOTEA'),
(1684, 'RAMIL . SALAZAR', 'RAMIL', 'SALAZAR'),
(1685, 'ALLAN . GEMINA', 'ALLAN', 'GEMINA'),
(1686, 'KAREN V. REGINO', 'KAREN', 'REGINO'),
(1687, 'MARSHLLY GAY . BACOR', 'MARSHLLYGAY', 'BACOR'),
(1688, 'RICARDO . VILLAFLORES', 'RICARDO', 'VILLAFLORES'),
(1689, 'JELA MARIE F. GAGA-A', 'JELAMARIE', 'GAGA-A'),
(1690, 'JOHN REY . TAPIS', 'JOHNREY', 'TAPIS'),
(1691, 'ROMNICK . ABEVAS', 'ROMNICK', 'ABEVAS'),
(1692, 'REYNALDO . ASPERA', 'REYNALDO', 'ASPERA'),
(1693, 'CELFRED MYLES A. GERIAN', 'CELFREDMYLES', 'GERIAN'),
(1694, 'MARLON . CADIAO', 'MARLON', 'CADIAO'),
(1695, 'ASHER . SUMUGAT', 'ASHER', 'SUMUGAT'),
(1696, 'MARLOU L. GAYANELO', 'MARLOU', 'GAYANELO'),
(1697, 'ROEL . ALSON', 'ROEL', 'ALSON'),
(1698, 'RICKY . SARINO', 'RICKY', 'SARINO'),
(1699, 'ARNIEL . LAMBUSON', 'ARNIEL', 'LAMBUSON'),
(1700, 'PILEO . ESPERATO', 'PILEO', 'ESPERATO'),
(1701, 'JECH N. TORREFRANCA', 'JECH', 'TORREFRANCA'),
(1702, 'RACHEL J. ADA', 'RACHEL', 'ADA'),
(1703, 'NOEL . DUHAYLUNGSOD', 'NOEL', 'DUHAYLUNGSOD'),
(1704, 'DEOSA LYN . VILLAGONZALO', 'DEOSALYN', 'VILLAGONZALO'),
(1705, 'CYD CHARISSE A. TASA', 'CYDCHARISSE', 'TASA'),
(1706, 'GAVINO A. ACABAL JR', 'GAVINO', 'ACABALJR'),
(1707, 'LOVELY ROSE . CERIALES', 'LOVELYROSE', 'CERIALES'),
(1708, 'NOEL . CAMPOS', 'NOEL', 'CAMPOS'),
(1709, 'MARIA ARLENE A. BOLLOS', 'MARIAARLENE', 'BOLLOS'),
(1710, 'JOJE . CATUBAY', 'JOJE', 'CATUBAY'),
(1711, 'JIAR . PABLO', 'JIAR', 'PABLO');
INSERT INTO `employees2` (`employees_id`, `fullName`, `name0`, `name1`) VALUES
(1712, 'MAPHILINDO . ENDINO', 'MAPHILINDO', 'ENDINO'),
(1713, 'ROGEVIE . LAMPAGO', 'ROGEVIE', 'LAMPAGO'),
(1714, 'ELEAZAR . EBARLE', 'ELEAZAR', 'EBARLE'),
(1715, 'LADYLENE MAE O. TINAPAO', 'LADYLENEMAE', 'TINAPAO'),
(1716, 'RONALD . FERANIEL', 'RONALD', 'FERANIEL'),
(1717, 'JAY . TOMIAS', 'JAY', 'TOMIAS'),
(1718, 'SHIRLY . EGANG', 'SHIRLY', 'EGANG'),
(1719, 'ADELIA . TEJERO', 'ADELIA', 'TEJERO'),
(1720, 'EMELY . CADELIÑA', 'EMELY', 'CADELIÑA'),
(1721, 'ERNESTO . GONZALES', 'ERNESTO', 'GONZALES'),
(1722, 'RONIE . HISONA', 'RONIE', 'HISONA'),
(1723, 'FELBEN . PINANONANG', 'FELBEN', 'PINANONANG'),
(1724, 'BRENDAN . SAGUBAN', 'BRENDAN', 'SAGUBAN'),
(1725, 'ROMNICK A. ABEVAS', 'ROMNICK', 'ABEVAS'),
(1726, 'JOY JOY . LINDAYAO', 'JOYJOY', 'LINDAYAO'),
(1727, 'MARC ERIC . MASAYON', 'MARCERIC', 'MASAYON'),
(1728, 'PRINCE GABRIEL . LUCERO', 'PRINCEGABRIEL', 'LUCERO'),
(1729, 'ALVIN . FLORES', 'ALVIN', 'FLORES'),
(1730, 'ERNESTO . BACALSO', 'ERNESTO', 'BACALSO'),
(1731, 'NELSON . PAJANTOY', 'NELSON', 'PAJANTOY'),
(1732, 'REYNALDO . NALAM', 'REYNALDO', 'NALAM'),
(1733, 'EDGAR . GAREZA', 'EDGAR', 'GAREZA'),
(1735, 'JAY MCLENNON . FAUSTO', 'JAYMCLENNON', 'FAUSTO'),
(1736, 'ROBERTO . ALTARES III', 'ROBERTO', 'ALTARESIII'),
(1737, 'KYLA MARIE . BELNAS', 'KYLAMARIE', 'BELNAS'),
(1738, 'JESSA . BLANCA', 'JESSA', 'BLANCA'),
(1739, 'ELLEN . LARGO', 'ELLEN', 'LARGO'),
(1740, 'MICHAEL . AYDOC', 'MICHAEL', 'AYDOC'),
(1741, 'WILLIAM . DUHAYLUNGSOD', 'WILLIAM', 'DUHAYLUNGSOD'),
(1742, 'VEN EMERSON . MIRADOR', 'VENEMERSON', 'MIRADOR'),
(1743, 'DANDREL R. GALLO', 'DANDREL', 'GALLO'),
(1744, 'GREG . RUGGIERO', 'GREG', 'RUGGIERO'),
(1745, 'RONIE . JAMANDRON', 'RONIE', 'JAMANDRON'),
(1746, 'JULIANITO T. ALINGCOMOT', 'JULIANITO', 'ALINGCOMOT'),
(1747, 'ARLAN T. ENTAC', 'ARLAN', 'ENTAC'),
(1748, 'WILFREDO . TECSON JR', 'WILFREDO', 'TECSONJR'),
(1749, 'GENNY S. BARO', 'GENNY', 'BARO'),
(1750, 'MARY GRACE M. BASILISCO', 'MARYGRACE', 'BASILISCO'),
(1751, 'ELEGIO . VENTERO', 'ELEGIO', 'VENTERO'),
(1752, 'MARLOU A. SANDOVAL', 'MARLOU', 'SANDOVAL'),
(1753, 'CRISTY NOVELLE . CASPE', 'CRISTYNOVELLE', 'CASPE'),
(1754, 'JUNREY B. BAJARDO', 'JUNREY', 'BAJARDO'),
(1755, 'MA. FLOR R. MILAN', 'M', 'FLORR'),
(1756, 'MARVICK RIG . SULLA', 'MARVICKRIG', 'SULLA'),
(1757, 'JOHNER . PAGUNSAN', 'JOHNER', 'PAGUNSAN'),
(1758, 'JANET . ABORIDO', 'JANET', 'ABORIDO'),
(1759, 'ABRAHAM . TALASTAS', 'ABRAHAM', 'TALASTAS'),
(1761, 'EMILY ROSE . ADELA', 'EMILYROSE', 'ADELA'),
(1762, 'MARJUN . FUTALAN', 'MARJUN', 'FUTALAN'),
(1763, 'MIKA ELLA . DELCO', 'MIKAELLA', 'DELCO'),
(1764, 'ERNESTO S.', 'ERNESTO', ''),
(1765, 'ARLENE A. BOLLOS', 'ARLENE', 'BOLLOS'),
(1766, 'JEFREY M. ABUZO', 'JEFREY', 'ABUZO'),
(1767, 'IAN . DEVILLA', 'IAN', 'DEVILLA'),
(1768, 'EDWIN . DIAZ', 'EDWIN', 'DIAZ'),
(1769, 'JUNE MAR M. VALOR', 'JUNEMAR', 'VALOR'),
(1770, 'FERNAN . ESTANIL', 'FERNAN', 'ESTANIL'),
(1771, 'GWENETH JANE . VECINAL', 'GWENETHJANE', 'VECINAL'),
(1772, 'BENGIE . ENARDECIDO', 'BENGIE', 'ENARDECIDO'),
(1773, 'RAMIL . COLALJO', 'RAMIL', 'COLALJO'),
(1774, 'DODESSA . LABISIG', 'DODESSA', 'LABISIG'),
(1775, 'KRISTELA P. OMOYON', 'KRISTELA', 'OMOYON'),
(1776, 'MARITES F. DEMOTO', 'MARITES', 'DEMOTO'),
(1777, 'GENE LAWRENCE . ASIDOY', 'GENELAWRENCE', 'ASIDOY'),
(1778, 'AGUSTIN . MEDEL', 'AGUSTIN', 'MEDEL'),
(1779, 'MARIAN . GOTLADERA', 'MARIAN', 'GOTLADERA'),
(1780, 'MARK JAMES A. EGANG', 'MARKJAMES', 'EGANG'),
(1781, 'ERNESTO . SADIASA', 'ERNESTO', 'SADIASA'),
(1782, 'ROGELIO . ONDE', 'ROGELIO', 'ONDE'),
(1783, 'JEFERSON . BALDEVARONA', 'JEFERSON', 'BALDEVARONA'),
(1784, 'SERVANDO . MAYAGMA', 'SERVANDO', 'MAYAGMA'),
(1785, 'REBECCA D. QUINIQUITO', 'REBECCA', 'QUINIQUITO'),
(1786, 'MARIANITO . TRUMATA', 'MARIANITO', 'TRUMATA'),
(1787, 'RICO . ALIPA', 'RICO', 'ALIPA'),
(1788, 'DANILO . GRACIADAS', 'DANILO', 'GRACIADAS'),
(1789, 'CHARMAE . SANTILLAN', 'CHARMAE', 'SANTILLAN'),
(1790, 'VIRGIE . BULANDRES', 'VIRGIE', 'BULANDRES'),
(1791, 'ALFREDO . TECSON JR', 'ALFREDO', 'TECSONJR'),
(1792, 'JOHN . GONZAGA', 'JOHN', 'GONZAGA'),
(1793, 'NERUH EUGENIO G. DELA SERNA', 'NERUHEUGENIO', 'DELASERNA'),
(1794, 'ISABELO . GUARDIANO', 'ISABELO', 'GUARDIANO'),
(1795, 'ROLLY A. BOHOL', 'ROLLY', 'BOHOL'),
(1796, 'JOLY C. TAJANLANGIT', 'JOLY', 'TAJANLANGIT'),
(1797, 'CHEMIN B. LATOZA', 'CHEMIN', 'LATOZA'),
(1798, 'CAROL R. CAYANG', 'CAROL', 'CAYANG'),
(1799, 'JEZZABELLE . LABE', 'JEZZABELLE', 'LABE'),
(1800, 'MERLIE . ELEMIA', 'MERLIE', 'ELEMIA'),
(1801, 'ROEL . RIVERA', 'ROEL', 'RIVERA'),
(1802, 'MICHAEL FRANCIS . SASUTONA', 'MICHAELFRANCIS', 'SASUTONA'),
(1803, 'ROMULO O. DOMINGUEZ JR', 'ROMULO', 'DOMINGUEZJR'),
(1804, 'HENRY A. MAHINAY JR', 'HENRY', 'MAHINAYJR'),
(1805, 'MAXIMO . CONCEPCION', 'MAXIMO', 'CONCEPCION'),
(1806, 'MARIO . ELTANAL', 'MARIO', 'ELTANAL'),
(1807, 'RAYMUND . CABIJE', 'RAYMUND', 'CABIJE'),
(1808, 'CHARLIE JAMES N. CUERPO', 'CHARLIEJAMES', 'CUERPO'),
(1809, 'ANTHONY . MAHINAY', 'ANTHONY', 'MAHINAY'),
(1810, 'JOVET . DE JUAN', 'JOVET', 'DEJUAN'),
(1811, 'JAN CLAUDE A. DIAO', 'JANCLAUDE', 'DIAO'),
(1812, 'ROGER L. DELA LEÑA', 'ROGER', 'DELALEÑA'),
(1813, 'TITO V. QUARTERO', 'TITO', 'QUARTERO'),
(1814, 'REDGIE . NOBLEZA', 'REDGIE', 'NOBLEZA'),
(1815, 'ROMEO O. LUYAS', 'ROMEO', 'LUYAS'),
(1816, 'JOCINIAS R. ORIENDO', 'JOCINIAS', 'ORIENDO'),
(1817, 'MARIFEL . MACASULOT', 'MARIFEL', 'MACASULOT'),
(1818, 'MARIA LOURDES . AGUSTIN', 'MARIALOURDES', 'AGUSTIN'),
(1819, 'KYLE GLENN B. VERADOR', 'KYLEGLENN', 'VERADOR'),
(1820, 'CLYDE V. TENEFRANCIA', 'CLYDE', 'TENEFRANCIA'),
(1821, 'ALEJANDRO . HERMINO', 'ALEJANDRO', 'HERMINO'),
(1822, 'EILEEN . AGUILAR', 'EILEEN', 'AGUILAR'),
(1823, 'MENDOZA . RUDY', 'MENDOZA', 'RUDY'),
(1824, 'PRECIOUS . BENALOGA', 'PRECIOUS', 'BENALOGA'),
(1825, 'JENNY ROSE . VALOR', 'JENNYROSE', 'VALOR'),
(1826, 'CHARMAINE JANE . CAVALIDA', 'CHARMAINEJANE', 'CAVALIDA'),
(1827, 'NICANOR . GLORIA', 'NICANOR', 'GLORIA'),
(1828, 'LURENA . OSORIO', 'LURENA', 'OSORIO'),
(1829, 'L . TUAYON', 'L', 'TUAYON'),
(1830, 'JUDIPHY . FLORES', 'JUDIPHY', 'FLORES'),
(1831, 'ALDRIN P. BITO-ON', 'ALDRIN', 'BITO-ON'),
(1832, 'EXEQUIEL M. MELODIA III', 'EXEQUIEL', 'MELODIAIII'),
(1833, 'TRISTAN GOLD T. TORRILLO', 'TRISTANGOLD', 'TORRILLO'),
(1834, 'JOELITO . BORDON', 'JOELITO', 'BORDON'),
(1836, 'INIEGO M. CASTILLO JR', 'INIEGO', 'CASTILLOJR'),
(1837, 'JOLIBY . GRANTON', 'JOLIBY', 'GRANTON'),
(1838, 'GEORGE JAYSON . BANOGON', 'GEORGEJAYSON', 'BANOGON'),
(1839, 'FELOTEO . BAJARIAS', 'FELOTEO', 'BAJARIAS'),
(1840, 'APRIL RIC . CANSECO', 'APRILRIC', 'CANSECO'),
(1841, 'RICKY . JUNCO', 'RICKY', 'JUNCO'),
(1842, 'PETER FREDERICK . VELEZ JR', 'PETERFREDERICK', 'VELEZJR'),
(1843, 'JOJIMAR . BUSCATO', 'JOJIMAR', 'BUSCATO'),
(1844, 'RAMINA MAE . GRACIADAS', 'RAMINAMAE', 'GRACIADAS'),
(1845, 'JOPHUNI . FONTANILLAS', 'JOPHUNI', 'FONTANILLAS'),
(1846, 'SAMUEL JONATHAN L. TUMANENG', 'SAMUELJONATHAN', 'TUMANENG'),
(1847, 'JOVEN . NAZARENO', 'JOVEN', 'NAZARENO'),
(1848, 'LORTE . MAGLANGIT', 'LORTE', 'MAGLANGIT'),
(1849, 'EDFRED . BASILIO', 'EDFRED', 'BASILIO'),
(1850, 'CHELSEA FLUER . SULLA', 'CHELSEAFLUER', 'SULLA'),
(1851, 'ABELCRES . TASA', 'ABELCRES', 'TASA'),
(1852, 'ANDRE GERARD . RENDORA', 'ANDREGERARD', 'RENDORA'),
(1853, 'AVILINO . CAYME', 'AVILINO', 'CAYME'),
(1854, 'ROMEL . ANEÑON', 'ROMEL', 'ANEÑON'),
(1855, 'JEFF . MANAAY', 'JEFF', 'MANAAY'),
(1856, 'JOSEPH . ROMBINES', 'JOSEPH', 'ROMBINES'),
(1866, 'JORGE O. POCONG', 'JORGE', 'POCONG'),
(1867, 'MARICAR A. GUARDIANO', 'MARICAR', 'GUARDIANO'),
(1868, 'RECELYN R. LAJOT', 'RECELYN', 'LAJOT'),
(1869, 'SONNY . CARTALIA', 'SONNY', 'CARTALIA'),
(1870, 'GINO MARK L. CARBO', 'GINOMARK', 'CARBO'),
(1871, 'JUDAN . TRANCO', 'JUDAN', 'TRANCO'),
(1872, 'RAULRIE ANGELOU V. DAYOT', 'RAULRIEANGELOU', 'DAYOT'),
(1873, 'JOHN PAUL . PASINABO', 'JOHNPAUL', 'PASINABO'),
(1874, 'EDITHA R. FERRATER', 'EDITHA', 'FERRATER'),
(1875, 'NELYSUL M. RAPON', 'NELYSUL', 'RAPON'),
(1876, 'ADAM P. CASTILLO', 'ADAM', 'CASTILLO'),
(1877, 'CLAIRE ANN . TIK-ING', 'CLAIREANN', 'TIK-ING'),
(1878, 'RAIAN . DIAMANTE', '', ''),
(1879, 'MARIO . LAWAS', '', ''),
(1880, 'CLINTON . JAMIN', 'CLINTON', 'JAMIN'),
(1881, 'CLINTON . LLERA', 'CLINTON', 'LLERA'),
(1882, 'ARSENITO M. TUANDA', 'ARSENITO', 'TUANDA'),
(1883, 'DEXTER . LO-OC', 'DEXTER', 'LO-OC'),
(1884, 'CARLO . ALCAZAR', 'CARLO', 'ALCAZAR'),
(1885, 'FRANCIS . MAGTOLIS', 'FRANCIS', 'MAGTOLIS'),
(1886, 'ARNOLD . BELOCURA', 'ARNOLD', 'BELOCURA'),
(1887, 'ORBEL . BELASA', '', ''),
(1888, 'NANCY C. ARCON', '', ''),
(1889, 'REYMAN . TOLENTIN', '', ''),
(1890, 'ROBERT . VENDIOLA', '', ''),
(1891, 'JANUARIUS . MILMAO', 'JANUARIUS', 'MILMAO'),
(1892, 'JOFIREN . BEDREJO', '', ''),
(1893, 'CHLETON . REFUGIO', 'CHLETON', 'REFUGIO'),
(1894, 'FRANZENNE ALBE V. AMPONG', 'FRANZENNEALBE', 'AMPONG'),
(1895, 'FRAIDENE . TITO', 'FRAIDENE', 'TITO'),
(1896, 'PAUL . ZERNA', '', ''),
(1897, 'RENE . RIVAS', '', ''),
(1898, 'MARIO . MANDALONES', '', ''),
(1899, 'CYRIL . YUNTING', 'CYRIL', 'YUNTING'),
(1900, 'FLOYD . VILLAVERT', 'FLOYD', 'VILLAVERT'),
(1901, 'KURT NOEL . NARIO', '', ''),
(1902, 'ROBERTO . TORRES', '', ''),
(1903, 'ALNER O. TECSON', 'ALNER', 'TECSON'),
(1904, 'GOODWIN . GELLIGANI', 'GOODWIN', 'GELLIGANI'),
(1905, 'MARK DANHILL . GRAPA', '', ''),
(1906, 'LARRY . ESTELLOSO', '', ''),
(1907, 'JEFF MARK T. MUÑEZ', 'JEFFMARK', 'MUÑEZ'),
(1908, 'KERWIN MATTHEWS . MARTINEZ', '', ''),
(1909, 'MARIO . BAYLON', '', ''),
(1910, 'JONATHAN . MONTIL', '', ''),
(1911, 'EUNICE T. GOMBIO', 'EUNICE', 'GOMBIO'),
(1912, 'DODEM . LUBISIG', 'DODEM', 'LUBISIG'),
(1913, 'MAYLYN G. AGUILAR', '', ''),
(1914, 'ESTEBAN . MARO', 'ESTEBAN', 'MARO'),
(1915, 'AMERSHAD . BACARAT', 'AMERSHAD', 'BACARAT'),
(1916, 'MARION . MORADOS', '', ''),
(1917, 'JANIE MAE . MILANO', 'JANIEMAE', 'MILANO'),
(1918, 'RECHEL MAE . ACABAL', '', ''),
(1919, 'SONNY . MAGHINAY', '', ''),
(1920, 'CHERYL . MAWILE', 'CHERYL', 'MAWILE'),
(1921, 'NEIL V. BANDOJON', '', ''),
(1922, 'WALTER . GONZAGA', '', ''),
(1923, 'JULIUS R. HONGOY', '', ''),
(1924, 'MA. RIKKA LORRAINE L. GUTIB', '', ''),
(1925, 'MARY CLARE . GUZMAN', '', ''),
(1926, 'JOVEL REY . CABALLERO', '', ''),
(1927, 'GUALBERTO . TORRES', 'GUALBERTO', 'TORRES'),
(1928, 'CARYL FAITH . BUENAFLOR', 'CARYLFAITH', 'BUENAFLOR'),
(1929, 'PHILIP . CUMAHIG', '', ''),
(1930, 'CHRISTIAN MARK . CORTEZ', 'CHRISTIANMARK', 'CORTEZ'),
(1931, 'ANDRO . CATACUTAN', 'ANDRO', 'CATACUTAN'),
(1932, 'DONI BOY . GINO', 'DONIBOY', 'GINO'),
(1933, 'JOHNSON MARK . PIÑEDA', '', ''),
(1934, 'MISHELLE . SALGADO', '', ''),
(1935, 'JEAVEE A. BERNUS', 'JEAVEE', 'BERNUS'),
(1936, 'GERMAN M. PALLORINA', 'GERMAN', 'PALLORINA'),
(1937, 'ANABELLE . GAÑEDA', 'ANABELLE', 'GAÑEDA'),
(1938, 'SAMUEL . ABALOT JR', '', ''),
(1939, 'CARMEN VICTORIA P. DE LEON', 'CARMENVICTORIA', 'DELEON'),
(1940, 'RAMIL . MAHUSAY', '', ''),
(1941, 'ROEL . LUMACTOD', '', ''),
(1942, 'MERCY . ESPINOSA', '', ''),
(1943, 'NAZARINE J. RABANES', '', ''),
(1944, 'JONARD M. VILLAREJO', '', ''),
(1945, 'MAXIMO . SUFICIENCIA', '', ''),
(1946, 'JEANNETH GRACE . OCTAVIANO', 'JEANNETHGRACE', 'OCTAVIANO'),
(1947, 'BERNABE . BERONIO', 'BERNABE', 'BERONIO'),
(1948, 'ELMER . DE LEON', 'ELMER', 'DELEON'),
(1949, 'TYRONE . TORREDA', '', ''),
(1950, 'ROMELITO . DECLA', '', ''),
(1951, 'MICHAEL . ESPINOSA', '', ''),
(1952, 'LUCIANO . VILLACAMPO', '', ''),
(1953, 'JONARD . VILLOREJO', '', ''),
(1954, 'PETER PAUL . BERTULFO', '', ''),
(1955, 'RENAN . ROMO', '', ''),
(1956, 'FRANCISCO . TAMPIOC', 'FRANCISCO', 'TAMPIOC'),
(1957, 'RICHELIEU . LOPEZ SR', '', ''),
(1958, 'JULIO . SUMALPONG', '', ''),
(1959, 'JUNE MAE B. PACAÑA', '', ''),
(1960, 'CRISOSTOMO Q. ROCERO', 'CRISOSTOMO', 'ROCERO'),
(1961, 'ALADIN M. BERANIO', 'ALADIN', 'BERANIO'),
(1962, 'JEFF . MANA-AY', 'JEFF', 'MANA-AY'),
(8006, 'MARK ANTHONY . DOQUE', '', ''),
(8013, 'JOEL N. FORTUGALEZA', '', ''),
(10001, 'WARLITO C. MAGDASAL', '', ''),
(11001, 'GERMAN P. SARAÑA JR', 'GERMAN', 'SARAÑAJR'),
(11010, 'PETER PAUL F. RENACIA', '', ''),
(11589, 'LUIS J. SUMALPONG', '', ''),
(11787, 'MARK FIDENCIO L. AURELIA', '', ''),
(11892, 'SHARLOU F. JAMIN', '', ''),
(11894, 'ERNESTO T. TIJING', 'ERNESTO', 'TIJING'),
(11895, 'ALEX D. TIZON', 'ALEX', 'TIZON'),
(11896, 'ISMAEL P. MARTINEZ', 'ISMAEL', 'MARTINEZ'),
(11897, 'DANILO G. LAMIS SR.', 'DANILO', 'LAMISSR'),
(11898, 'MARK ANTHONY A. DUQUE', '', ''),
(11914, 'JONAS M. TRIAS', '', ''),
(11958, 'HENRY E. CARREON JR', 'HENRY', 'CARREONJR'),
(11977, 'NARCISO N. CASIPONG', '', ''),
(12260, 'SEVERINO SALVADOR M. CAPULSO', '', ''),
(12345, 'GEMMA B. GELLA', 'GEMMA', 'GELLA'),
(13801, 'JOSUE . VILLACAMPA', '', ''),
(21004, 'ROWENA T. CABANBAN', '', ''),
(21019, 'SATURNINO G. ABAYON', '', ''),
(21020, 'RAUL V. ABEJUELA', '', ''),
(21023, 'MA. ROSA C. ABORIDO', '', ''),
(21025, 'ESAR V. ABRASALDO', 'ESAR', 'ABRASALDO'),
(21027, 'JAVIER V. ABRASALDO JR', 'JAVIER', 'ABRASALDOJR'),
(21029, 'ALBERTO A. ACABAL JR', 'ALBERTO', 'ACABALJR'),
(21033, 'ROGELIO R. ADALIM', '', ''),
(21034, 'ESTERIO R. ADANZA JR', 'ESTERIO', 'ADANZAJR'),
(21035, 'ARMEGILDO B. AGDON', 'ARMEGILDO', 'AGDON'),
(21036, 'EDWIN E. ZUNIEGA', 'EDWIN', 'ZUNIEGA'),
(21037, 'ANTONIO S. AGUILAR JR', 'ANTONIO', 'AGUILARJR'),
(21039, 'FLORDELIZA P. AGUILAR', 'FLORDELIZA', 'AGUILAR'),
(21040, 'MARIBEL A. ANTIQUE', '', ''),
(21042, 'ISIDRITA E. ALANANO', 'ISIDRITA', 'ALANANO'),
(21044, 'ALEX A. ALCAZAR SR', 'ALEX', 'ALCAZARSR'),
(21046, 'JIMMY M. ALCE', 'JIMMY', 'ALCE'),
(21047, 'ROLANDO B. ALDE', '', ''),
(21049, 'ERENIE D. ALEGRIA', 'ERENIE', 'ALEGRIA'),
(21050, 'LORETA T. ALINGCOMOT', '', ''),
(21051, 'MARIA JANSSEN A. EUMAGUE', '', ''),
(21052, 'MA. SUSAN B. ALMAGRO', '', ''),
(21055, 'ROMELY H. ALSON', '', ''),
(21056, 'GLECILE A. ALUM', 'GLECILE', 'ALUM'),
(21057, 'EDGARDO A. ALVIOLA', 'EDGARDO', 'ALVIOLA'),
(21059, 'ILDEFONSO C. AMISTOSO', 'ILDEFONSO', 'AMISTOSO'),
(21063, 'ANGELO G. ANTIQUE', 'ANGELO', 'ANTIQUE'),
(21065, 'ROSEBELLA M. ANTIQUE', '', ''),
(21068, 'WALTER S. ARCON', '', ''),
(21070, 'NELIA L. ARNAIZ', '', ''),
(21072, 'KENNETH S. ARTES', '', ''),
(21074, 'SARITA ALICIA N. ASPAREN', '', ''),
(21075, 'SUSAN V. ATAY', '', ''),
(21076, 'MERLY M. ATITEO', '', ''),
(21077, 'MA. ISABEL B. AUNGON', '', ''),
(21083, 'PLARIDEL R. BACULAD', '', ''),
(21084, 'CHRISTY B. DIANSON', 'CHRISTY', 'DIANSON'),
(21085, 'MANUELITO M. BAJAS', '', ''),
(21086, 'JOSEPHINE C. BALASABAS', '', ''),
(21087, 'NIDA M. BALDOMERO', '', ''),
(21091, 'NOEL D. BANOGON', '', ''),
(21093, 'EMERALD A. BARRON', 'EMERALD', 'BARRON'),
(21097, 'SHARON B. ALVIOLA', '', ''),
(21099, 'ROY A. BATADLAN', '', ''),
(21100, 'NILON C. BAYATON', '', ''),
(21101, 'RESTITUTO C. BAYATON', '', ''),
(21103, 'LODEBER T. BAYNOSA', '', ''),
(21105, 'JAIME P. BAYOGUIÑA', 'JAIME', 'BAYOGUIÑA'),
(21106, 'TEODORO P. BAYOGUIÑA JR.', '', ''),
(21107, 'LUCIANO S. BEHAGAN', '', ''),
(21108, 'ADONIS V. BELINGAN', 'ADONIS', 'BELINGAN'),
(21109, 'DIONESIO S. BELINGAN', 'DIONESIO', 'BELINGAN'),
(21110, 'MARK V. BELINGAN', '', ''),
(21111, 'REYNALDO S. BELINGAN', '', ''),
(21119, 'MARICRIS G. BERTOSO', '', ''),
(21123, 'WENNIE Q. BISABIS', '', ''),
(21124, 'JANDY P. BITO-ON', 'JANDY', 'BITO-ON'),
(21126, 'MILDRED V. BLANCO', '', ''),
(21129, 'ION JOSEPH T. BOLLOS', 'IONJOSEPH', 'BOLLOS'),
(21130, 'LEMUEL HONORIO P. BOLLOS', '', ''),
(21132, 'MEDELYN M. BONGHAY', '', ''),
(21134, 'VIVIAN B. PACULANANG', '', ''),
(21135, 'JOSELITO L. BRIGOLI', '', ''),
(21136, 'JONATHAN K. BRIONES', '', ''),
(21137, 'RUBEN C. BUCAD', '', ''),
(21138, 'JOEL D. BUENAVISTA', '', ''),
(21139, 'BERNANDINO B. BUSMION', 'BERNANDINO', 'BUSMION'),
(21141, 'ATILANO JUDE S. CABANGAL', 'ATILANOJUDE', 'CABANGAL'),
(21142, 'CARLITO D. CABASAG', 'CARLITO', 'CABASAG'),
(21143, 'EDGARDO D. CABASAG', 'EDGARDO', 'CABASAG'),
(21144, 'EVANGELINE C. CABUAL', 'EVANGELINE', 'CABUAL'),
(21145, 'KATHY C. BELINGAN', '', ''),
(21146, 'ROVIC D. CABUROBIAS', '', ''),
(21147, 'EDGARDO B. CACAS', 'EDGARDO', 'CACAS'),
(21155, 'ALLANDALE N. CALARAMO', 'ALLANDALE', 'CALARAMO'),
(21156, 'JEFFERSON M. CALDA SR', 'JEFFERSON', 'CALDASR'),
(21157, 'VIRLIN T. CALIDGUID', '', ''),
(21159, 'EVANGELINE P. CAÑA', 'EVANGELINE', 'CAÑA'),
(21160, 'BENJAMIN Z. CAÑALES', 'BENJAMIN', 'CAÑALES'),
(21161, 'JOSEPH B. CAÑEDO', '', ''),
(21162, 'JORAMI L. CANOY', '', ''),
(21166, 'GERALDINE T. CAPULSO', 'GERALDINE', 'CAPULSO'),
(21167, 'NAPOLEON M. CAPULSO JR.', '', ''),
(21168, 'NEAL OLIVER A. CARAIG', '', ''),
(21170, 'RICARDO C. CARMELOTES', '', ''),
(21172, 'ARLYN T. CASTRO', 'ARLYN', 'CASTRO'),
(21173, 'KEN M. CASTRO', '', ''),
(21174, 'JASMINE T. CATALAN', 'JASMINE', 'CATALAN'),
(21176, 'MAY MARGARET P. CATARATA', '', ''),
(21177, 'FE O. CATID', 'FE', 'CATID'),
(21178, 'NENITA A. CAYANG', '', ''),
(21179, 'VICENTE G. CAYANG', '', ''),
(21180, 'IAN K. CERRADO', 'IAN', 'CERRADO'),
(21181, 'CHUCHO V. CORDEVILLA', 'CHUCHO', 'CORDEVILLA'),
(21183, 'VITALIANITO T. COSEP', '', ''),
(21184, 'ALMA D. CRISOSTOMO', 'ALMA', 'CRISOSTOMO'),
(21185, 'JOEMAR E. CRISOSTOMO', '', ''),
(21186, 'REYNALDO E. CRISOSTOMO JR', '', ''),
(21187, 'ARMANDO P. DELA CRUZ', 'ARMANDO', 'DELACRUZ'),
(21188, 'NAIDA S. CUENCA', '', ''),
(21189, 'EDALIN L. DACULA', 'EDALIN', 'DACULA'),
(21193, 'CARMEN C. DAGONDON', 'CARMEN', 'DAGONDON'),
(21194, 'TERESITA V. DAYAONA', '', ''),
(21195, 'PACITA T. DELIMA', '', ''),
(21196, 'JUDITHA B. DEMACLID', '', ''),
(21197, 'SONIA D. CUARESMA', '', ''),
(21200, 'EVELYN B. DIALAGDON', 'EVELYN', 'DIALAGDON'),
(21201, 'ANTHONY G. DIANSON', 'ANTHONY', 'DIANSON'),
(21202, 'AARON K. DIAO', 'AARON', 'DIAO'),
(21204, 'JOSEPH CLINT F. DIAO', '', ''),
(21206, 'JENNIFER A. DIAO', 'JENNIFER', 'DIAO'),
(21207, 'LUCILLE S. DIAO', '', ''),
(21208, 'JOSEPH JOHNSON A. DILAG', '', ''),
(21210, 'JOSUE A. DIPLOMA', '', ''),
(21212, 'EILEEN A. DOLALAS', 'EILEEN', 'DOLALAS'),
(21213, 'JOSE ALI RAY T. DOLALAS', '', ''),
(21215, 'MILDRED FE U. DORIA', '', ''),
(21216, 'JUDE ROLAND A. DUHAYLUNGSOD', '', ''),
(21222, 'FREDA T. DUMALE', 'FREDA', 'DUMALE'),
(21223, 'FREDERICK I. DUMAT-OL', 'FREDERICK', 'DUMAT-OL'),
(21225, 'TESSIE F. DURAN', '', ''),
(21230, 'MARIA NOVA E. AMILER', '', ''),
(21233, 'JEMIMAH N. ELMIDO', 'JEMIMAH', 'ELMIDO'),
(21234, 'LOWELL CARL U. ELMIDO', '', ''),
(21235, 'RONALD D. ELNAR', '', ''),
(21236, 'CATALINO C. ELUM', 'CATALINO', 'ELUM'),
(21238, 'REYNALDO P. EMHADA', '', ''),
(21242, 'ADRIAN S. ENRIQUEZ', 'ADRIAN', 'ENRIQUEZ'),
(21243, 'MA. LEDYLYN P. ENTAC', '', ''),
(21244, 'TEODOCIO P. ENTAC', '', ''),
(21246, 'DELIA R. ESNARDO', 'DELIA', 'ESNARDO'),
(21247, 'CARMILLE M. ESPAÑOLA', 'CARMILLE', 'ESPAÑOLA'),
(21248, 'NESTOR N. ESPANTE', '', ''),
(21249, 'JULIETA J. ESPARTERO', '', ''),
(21250, 'JULIUS T. ESPARTERO', '', ''),
(21252, 'MA. ACELA D. ESPARTERO', '', ''),
(21253, 'MARIA THERESA E. BAYOT', '', ''),
(21254, 'MARIO OLIVER R. ESPARTERO', '', ''),
(21256, 'STEPHEN S. ESTACION', '', ''),
(21260, 'WILFREDO B. ESTRELLA JR', '', ''),
(21262, 'ROMMEL C. ESTRIBA', '', ''),
(21263, 'EDILBERITO B. EURAOBA II', 'EDILBERITO', 'EURAOBAII'),
(21265, 'JESOSIMA M. FABELLA', 'JESOSIMA', 'FABELLA'),
(21266, 'COLEEN C. FERIL', 'COLEEN', 'FERIL'),
(21267, 'ELMO T. FERIL', 'ELMO', 'FERIL'),
(21272, 'SHERMAINE T. FERRAREN', '', ''),
(21273, 'ERLUVIMIE F. MANGUILIMOTAN', 'ERLUVIMIE', 'MANGUILIMOTAN'),
(21274, 'EDGAR M. FLORES', 'EDGAR', 'FLORES'),
(21275, 'EPIFANIO M. FLORES', 'EPIFANIO', 'FLORES'),
(21278, 'WEMA G. JAMIN', '', ''),
(21279, 'WILMA D. GAGA-A', '', ''),
(21280, 'ARCADIO G. GALON', 'ARCADIO', 'GALON'),
(21282, 'ROBERTO B. GALVEZ', '', ''),
(21286, 'MARICON C. GANTALAO', '', ''),
(21287, 'ANTONIETO L. GARABATO', 'ANTONIETO', 'GARABATO'),
(21289, 'JESSIE L. GARABATO', 'JESSIE', 'GARABATO'),
(21290, 'TELESFORO R. GARGANTIEL II', '', ''),
(21291, 'ANGELO P. GASENDO', 'ANGELO', 'GASENDO'),
(21294, 'ANTONIETA I. GELA', 'ANTONIETA', 'GELA'),
(21300, 'MANOLITO T. GEMIRA', '', ''),
(21301, 'EDUARDO T. GENCIAGAN SR.', 'EDUARDO', 'GENCIAGANSR'),
(21302, 'JONATHAN A. GERALDE', '', ''),
(21303, 'TED N. GERIAN', '', ''),
(21305, 'CLARENCE T. GERSAN', 'CLARENCE', 'GERSAN'),
(21309, 'EURRICA A. GIMENEZ', 'EURRICA', 'GIMENEZ'),
(21311, 'REYLAND T. GOCIO', '', ''),
(21312, 'ARNEL ANTONIO Q. GOTLADERA', 'ARNELANTONIO', 'GOTLADERA'),
(21314, 'BOBBY Q. GRACIADAS', 'BOBBY', 'GRACIADAS'),
(21316, 'RAMON Q. GRACIADAS JR', '', ''),
(21317, 'SYLVIA S. GRACIADAS', '', ''),
(21320, 'RENE S. GUARDIANO', '', ''),
(21323, 'HANNAH Z. GUTIERREZ', 'HANNAH', 'GUTIERREZ'),
(21324, 'JOSEPHINE G. HAMOR', '', ''),
(21325, 'KRISTINA O. HAMSIRANI', '', ''),
(21327, 'CINDY H. SALIMBAGAT', 'CINDY', 'SALIMBAGAT'),
(21328, 'JENETTE B. HOYOHOY', 'JENETTE', 'HOYOHOY'),
(21329, 'VICTOR G. ILAGAN', '', ''),
(21334, 'DEXTER C. JAMANDRON', 'DEXTER', 'JAMANDRON'),
(21335, 'JOHNJAY F. JAMANDRON', '', ''),
(21338, 'JOCELYN T. JAURIGUE', '', ''),
(21340, 'VILMA G. JORDAN', '', ''),
(21341, 'FE JANET B. JOSEPH', 'FEJANET', 'JOSEPH'),
(21345, 'JEANIE T. KUNG', 'JEANIE', 'KUNG'),
(21346, 'ROBINSON T. KUNG', '', ''),
(21348, 'VICTORIO S. LACSON', '', ''),
(21349, 'JOSEPHINE C. LAGONDI', '', ''),
(21351, 'ROMEO V. LALAS', '', ''),
(21352, 'RICARDO B. LAMAT', '', ''),
(21353, 'JULIANA A. LAMIS', '', ''),
(21354, 'EDILBERTO A. LANGUIDO', 'EDILBERTO', 'LANGUIDO'),
(21355, 'RONA O. LAURENTE', '', ''),
(21356, 'VIRGINIA D. LAZARO', '', ''),
(21357, 'ROMMEL T. LEBRILLA', '', ''),
(21359, 'MARILYN Z. LEE', '', ''),
(21360, 'SUSAN C. LIBO-ON', '', ''),
(21363, 'CORAZON P. LIRAZAN', 'CORAZON', 'LIRAZAN'),
(21365, 'MARIA ELENA P. LLENA', '', ''),
(21368, 'LORRAINE L. ZAMORA', '', ''),
(21369, 'SHEENYBEL T. LUNTAO', '', ''),
(21371, 'JULY B. MAGBANUA', '', ''),
(21372, 'ROTHEL G. MAGBANUA', '', ''),
(21374, 'JOSIE JEAN B. MAGTOLIS', '', ''),
(21380, 'CHRISTINE M. TENEFRANCIA', 'CHRISTINE', 'TENEFRANCIA'),
(21384, 'ELISEO G. MANLANGIT', 'ELISEO', 'MANLANGIT'),
(21386, 'LORENZO T. MAPUTI', '', ''),
(21388, 'WILDE G. MAPUTY', '', ''),
(21389, 'MELODY M. DELOS SANTOS', '', ''),
(21391, 'TERESA S. MARGIN', '', ''),
(21395, 'ELENITA M. MARTINEZ', 'ELENITA', 'MARTINEZ'),
(21397, 'JOCELYN B. MARTINEZ', '', ''),
(21398, 'NELSON A. MASAYON', '', ''),
(21399, 'VERNA T. MASAYON', '', ''),
(21400, 'ELVIRA E. MELENDRES', 'ELVIRA', 'MELENDRES'),
(21403, 'GONZALO S. MELODIA II', 'GONZALO', 'MELODIAII'),
(21404, 'SOCORRO V. MELODIA', '', ''),
(21405, 'ARNOLD M. MENDEZ', 'ARNOLD', 'MENDEZ'),
(21406, 'NICANOR REY T. MENDIOLA III', '', ''),
(21407, 'IRENEO Y. MIJARES JR', 'IRENEO', 'MIJARESJR'),
(21408, 'FLORITO A. MINDAC', 'FLORITO', 'MINDAC'),
(21410, 'ABNER B. MISSION', 'ABNER', 'MISSION'),
(21412, 'MARIE JOY B. MOLEÑO', '', ''),
(21413, 'NOLAN E. MONCAL JR', '', ''),
(21414, 'RACHEL B. MONCAL', '', ''),
(21415, 'NEMA G. MONTAÑO', '', ''),
(21416, 'JUDITH T. MONTECINO', '', ''),
(21418, 'FLORENCIO P. MONTES', 'FLORENCIO', 'MONTES'),
(21419, 'JULIETA M. MONTES', '', ''),
(21420, 'RAUL O. MORADOS', '', ''),
(21421, 'MARY JEAN C. MORTILLERO', '', ''),
(21423, 'RITCHIE M. MORTILLERO', '', ''),
(21424, 'WENDELL S. MUÑEZ', '', ''),
(21425, 'FAITH A. NAPIGKIT', 'FAITH', 'NAPIGKIT'),
(21427, 'WENEFREDO Q. NAVALES', '', ''),
(21432, 'RICARDO I. NODADO', '', ''),
(21433, 'ELIZA T. NORICO', 'ELIZA', 'NORICO'),
(21434, 'JENILYN B. NORICO', 'JENILYN', 'NORICO'),
(21436, 'LINNIE T. OBANG', '', ''),
(21438, 'DEMETRIO S. OCCEÑA', 'DEMETRIO', 'OCCEÑA'),
(21440, 'ALEXANDER J. OCTAVIANO', 'ALEXANDER', 'OCTAVIANO'),
(21441, 'EMILIO G. OCTAVIANO JR.', 'EMILIO', 'OCTAVIANOJR'),
(21442, 'CARMELITA Y. OGOC', 'CARMELITA', 'OGOC'),
(21444, 'OLIVER S. OGOC', '', ''),
(21446, 'JOSE ERVIC Q. OJEÑOS', '', ''),
(21448, 'RODERICK P. OLAC', '', ''),
(21451, 'EMMANUEL C. OMONDANG', 'EMMANUEL', 'OMONDANG'),
(21452, 'OSCAR A. ONG', '', ''),
(21453, 'WINEFREDO A. ONG', '', ''),
(21454, 'HANNAH LUE O. TIJING', 'HANNAHLUE', 'TIJING'),
(21455, 'FRANCISCO C. OPAMIN', 'FRANCISCO', 'OPAMIN'),
(21456, 'ADONIS G. ORACION', 'ADONIS', 'ORACION'),
(21457, 'JOSEPHINE B. ORACION', '', ''),
(21458, 'JUDITH P. ORACION', '', ''),
(21461, 'FELIX C. ORCULLO JR', 'FELIX', 'ORCULLOJR'),
(21462, 'EARL T. ORTALIZ SR', 'EARL', 'ORTALIZSR'),
(21465, 'MERLINA P. PACATANG', '', ''),
(21468, 'WARREN A. PAEL', '', ''),
(21469, 'VICTORIOSO T. PAGHARION', '', ''),
(21472, 'LEONIDA V. PALOMARES', '', ''),
(21473, 'RANDY C. PAMILAGA', '', ''),
(21474, 'ENRICO P. PANALIGAN', 'ENRICO', 'PANALIGAN'),
(21476, 'NELSON P. PANDAGANI', '', ''),
(21477, 'NOEMI T. PANTALITA', '', ''),
(21478, 'MA. ELAINE T. PAPELERAS', '', ''),
(21479, 'RAY T. PAPELERAS', '', ''),
(21482, 'MARIO JENREX E. PARTOSA', '', ''),
(21483, 'ANTONIO A. PASIGUE', 'ANTONIO', 'PASIGUE'),
(21484, 'MARGIE A. PASTORFIDE', '', ''),
(21485, 'LANI T. PATAJO', '', ''),
(21488, 'MARICEL D. PEROCHO', '', ''),
(21489, 'DANILO B. PINANONANG', 'DANILO', 'PINANONANG'),
(21491, 'FIDEL P. PINANONANG', 'FIDEL', 'PINANONANG'),
(21492, 'JESAH P. HAGBERG', 'JESAH', 'HAGBERG'),
(21493, 'MARIVIC G. PINANONANG', '', ''),
(21494, 'NIXON M. PINANONANG', '', ''),
(21495, 'RIECHO H. PINANONANG', '', ''),
(21497, 'SHIRLEY V. PINANONANG', '', ''),
(21499, 'NOVA V. PIÑERO', '', ''),
(21500, 'ARTAGNAN S. PINILI', 'ARTAGNAN', 'PINILI'),
(21501, 'STEVE ALLAN O. POLINO', '', ''),
(21504, 'BOB G. PORTUGALEZA', 'BOB', 'PORTUGALEZA'),
(21505, 'EVA G. PORTUGALEZA', 'EVA', 'PORTUGALEZA'),
(21508, 'LIZA A. PRESTIN', '', ''),
(21512, 'JULIE ANN B. QUINANOLA', '', ''),
(21514, 'RESTITUTO V. QUIÑANOLA', '', ''),
(21516, 'ARNEL T. QUINDO', 'ARNEL', 'QUINDO'),
(21517, 'ERNESTO T. QUINDO', 'ERNESTO', 'QUINDO'),
(21518, 'NOEL T. QUINDO', '', ''),
(21519, 'VICENTE R. QUINDO', '', ''),
(21521, 'FELIX D. QUITOY', 'FELIX', 'QUITOY'),
(21525, 'RALPH G. RAGAY', '', ''),
(21531, 'MARILOU M. REYES', '', ''),
(21532, 'RODRIGO N. DELOS REYES JR', '', ''),
(21533, 'GILDA B. RICOMONO', 'GILDA', 'RICOMONO'),
(21536, 'NYMPHA L. RIDAD', '', ''),
(21537, 'SAMUEL A. RIDAD JR', '', ''),
(21538, 'ROMAN R. RIO', '', ''),
(21539, 'MARY DECEE B. RIZADA', '', ''),
(21543, 'DAISY ANN R. SOL', 'DAISYANN', 'SOL'),
(21544, 'ROLANDO A. ROMO', '', ''),
(21547, 'JOSECHO G. ROSADO JR', '', ''),
(21548, 'VICMAR G. RUBIA', '', ''),
(21549, 'JONATHAN T. RUSIANA', '', ''),
(21551, 'VIRGINIA D. SADIASA', '', ''),
(21552, 'JOCELYN D. SAGANG', '', ''),
(21553, 'CHONA S. AMBO', 'CHONA', 'AMBO'),
(21554, 'IAN BUTCH V. SALA', 'IANBUTCH', 'SALA'),
(21555, 'ARIEL R. SALAW', 'ARIEL', 'SALAW'),
(21556, 'MARIVIC G. SALCEDO', '', ''),
(21557, 'JOSSIELYN C. SANTA ANA', '', ''),
(21558, 'JESUS A. SANTOS', 'JESUS', 'SANTOS'),
(21562, 'RIZALYN S. BANTUG', '', ''),
(21566, 'LORETA TASPIL C. SARIENTAS', '', ''),
(21567, 'EUGENE O. SARINO', 'EUGENE', 'SARINO'),
(21570, 'CHRISTOPHER D. SEDILLO', 'CHRISTOPHER', 'SEDILLO'),
(21571, 'JUANITO L. SENIEL', '', ''),
(21572, 'DOREEN E. SENO', 'DOREEN', 'SENO'),
(21573, 'REY A. SENO', '', ''),
(21575, 'RODELYN D. SIACOR', '', ''),
(21576, 'DEMETRIA C. SIDO', 'DEMETRIA', 'SIDO'),
(21580, 'REYNALDO L. SOLAMILLO', '', ''),
(21581, 'SHIELA JEAN G. SOLDEVILLA', '', ''),
(21582, 'JAIME C. SOMERANO', 'JAIME', 'SOMERANO'),
(21583, 'LUZBELLA T. SORIA', '', ''),
(21584, 'OLIBETH C. SUETA', '', ''),
(21588, 'GEMMA G. SUMALPONG', 'GEMMA', 'SUMALPONG'),
(21590, 'ROSALINDA A. TABILON', '', ''),
(21592, 'MARIA CARMEN T. ELNAR', '', ''),
(21593, 'MELIZA C. TABORADA', '', ''),
(21595, 'IMMACULATE B. TADENA', 'IMMACULATE', 'TADENA'),
(21598, 'EVELYN T. TALEON', 'EVELYN', 'TALEON'),
(21599, 'KIM TAKKIE I. TAMPIOC', '', ''),
(21601, 'IMELDA R. TANGENTE', 'IMELDA', 'TANGENTE'),
(21602, 'LEA P. TANGENTE', '', ''),
(21603, 'TERESITO C. TANGHINAN', '', ''),
(21604, 'RICARDO T. TAPALES', '', ''),
(21605, 'CESAR M. TASA JR', 'CESAR', 'TASAJR'),
(21606, 'LOIDA N. TASA', '', ''),
(21609, 'DIOSAN T. TATON', 'DIOSAN', 'TATON'),
(21611, 'JAY F. TAYCO', 'JAY', 'TAYCO'),
(21612, 'JENNIFER E. TAYCO', 'JENNIFER', 'TAYCO'),
(21615, 'EDGAR S. TENEFRANCIA JR.', 'EDGAR', 'TENEFRANCIAJR'),
(21616, 'ERJIEN R. TENEFRANCIA', 'ERJIEN', 'TENEFRANCIA'),
(21617, 'MA. ISABELITA I. TENEFRANCIA', '', ''),
(21621, 'ELMO D. TEVES', 'ELMO', 'TEVES'),
(21622, 'LEOLA JUNE T. TEVES', '', ''),
(21624, 'JOSE ROSARIO D. TIAMPONG', '', ''),
(21626, 'JENNY JUNE B. TIGBAO', 'JENNYJUNE', 'TIGBAO'),
(21632, 'RUSTICO RUSTY T. TIJING II', '', ''),
(21634, 'FEVIE S. TITO', 'FEVIE', 'TITO'),
(21635, 'JOEMARIE C. TITO', '', ''),
(21636, 'SATURNINO G. TIZON', '', ''),
(21637, 'MARY ANN T. BONGAPAT', '', ''),
(21639, 'RACHEL P. TOLEDO', '', ''),
(21640, 'REESA MAY Y. TOLEDO', '', ''),
(21643, 'VICTORIANO T. TORALDE JR', '', ''),
(21645, 'ILDEFONSO J. TORRED', 'ILDEFONSO', 'TORRED'),
(21647, 'ALLAN H. TORREDA', 'ALLAN', 'TORREDA'),
(21648, 'DENNIS J. TORREDA', 'DENNIS', 'TORREDA'),
(21649, 'GEORGE MARTINO B. TORREDA', 'GEORGEMARTINO', 'TORREDA'),
(21650, 'MANUEL C. TORREDA II', '', ''),
(21653, 'VICENTE T. TORREDA', '', ''),
(21654, 'EUGENE RUSTICO T. TORRENTO', 'EUGENERUSTICO', 'TORRENTO'),
(21655, 'ARNOLD B. TORREQUEMADA', 'ARNOLD', 'TORREQUEMADA'),
(21657, 'ERIC O. TORRES', 'ERIC', 'TORRES'),
(21658, 'MARIA SHEILA S. TORRILLO', '', ''),
(21660, 'WAYNEE T. TRAVIÑA', '', ''),
(21661, 'ALFREDO F. TRAYVILLA', 'ALFREDO', 'TRAYVILLA'),
(21662, 'BERNADITA D. TRAYVILLA', 'BERNADITA', 'TRAYVILLA'),
(21663, 'EDWIN D. TRAYVILLA', 'EDWIN', 'TRAYVILLA'),
(21664, 'ERWIN D. TRAYVILLA', 'ERWIN', 'TRAYVILLA'),
(21665, 'OPHELIA URIKA R. TRINIDAD', '', ''),
(21667, 'GELDA T. TUALE', 'GELDA', 'TUALE'),
(21668, 'MARCHITA P. TUALE', '', ''),
(21669, 'WILFREDO C. TUALE', '', ''),
(21670, 'TERESITA O. TUAZON', '', ''),
(21672, 'JUVY D. TUBESA', '', ''),
(21673, 'DONALD B. TUBIO', 'DONALD', 'TUBIO'),
(21677, 'ROMEL L. TUBONGBANUA', '', ''),
(21678, 'EFREN M. TUISA', 'EFREN', 'TUISA'),
(21679, 'JULIUS G. TULABING', '', ''),
(21681, 'LUCIANO G. TUMALE II', '', ''),
(21683, 'DOMINADOR U. TUVALLES', 'DOMINADOR', 'TUVALLES'),
(21684, 'LILIA L. TUVALLES', '', ''),
(21686, 'YOLANDA V. TUVALLES', '', ''),
(21687, 'GERALD P. TUVILLA', 'GERALD', 'TUVILLA'),
(21692, 'NANCY T. VALENCIA', '', ''),
(21694, 'MA. GRETTA G. VALLEDOR', '', ''),
(21696, 'RAMON O. VARGAS SR', '', ''),
(21697, 'SUSAN A. VARGAS', '', ''),
(21702, 'SENEN B. VENTULA SR', '', ''),
(21705, 'CHESTER C. VILLAMIL', 'CHESTER', 'VILLAMIL'),
(21706, 'JOSEPH B. VILLAMIL', '', ''),
(21707, 'JOSEPH RICHARD Y. VILLAMIL', '', ''),
(21709, 'MENCHU V. TORALDE', '', ''),
(21713, 'ROSEMARIE D. VILLANUEVA', '', ''),
(21714, 'VIOLETA A. VILLANUEVA', '', ''),
(21716, 'ERWIN K. VILLAREAL', 'ERWIN', 'VILLAREAL'),
(21717, 'JULIET U. VILLARETE', '', ''),
(21718, 'REMY M. VILLAROSA', '', ''),
(21720, 'PANCHO F. VILLASIS', '', ''),
(21723, 'LUCILLE V. MARINDA', '', ''),
(21725, 'CATHERINE I. VISTA', 'CATHERINE', 'VISTA'),
(21726, 'OFELIA B. VISTA', '', ''),
(21727, 'TEOPISTO D. VISTA JR', '', ''),
(21729, 'ANNIVIE Q. YANGSON', 'ANNIVIE', 'YANGSON'),
(21730, 'MA. DESIREE B. YEE', '', ''),
(21731, 'CHRISTOPHER S. YURONG', 'CHRISTOPHER', 'YURONG'),
(21738, 'JOEL P. BATERNA', '', ''),
(21742, 'WILSON T. ATAY', '', ''),
(21743, 'DAVID G. PACLAUNA', 'DAVID', 'PACLAUNA'),
(21744, 'MA. JEZEBEL G. ESTIÑOSO', '', ''),
(21745, 'RODOLFO S. TEJE JR', '', ''),
(21747, 'CHANDILYN C. GASENDO', 'CHANDILYN', 'GASENDO'),
(21760, 'BRIAN S. CADUNGOG', 'BRIAN', 'CADUNGOG'),
(21762, 'LITO M. LOMONGO', '', ''),
(21763, 'MARIA JAINIE T. NARIO', '', ''),
(21764, 'NOEL B. HAMOR', '', ''),
(21765, 'MEMA B. TUVALLES', '', ''),
(21772, 'EARL T. TEOLOGIO', 'EARL', 'TEOLOGIO'),
(21774, 'JOEL T. ACIBO', '', ''),
(21776, 'SIDNEY G. JALANDONI', '', ''),
(21778, 'ROEVEL IAN T. TALEON', '', ''),
(21779, 'LOBELLA T. ILAGAN', '', ''),
(21781, 'AMELYN T. PATIGAYON', 'AMELYN', 'PATIGAYON'),
(21786, 'DANELL M. FERNANDEZ', 'DANELL', 'FERNANDEZ'),
(21792, 'JOSIE ANN T. SALAAN', '', ''),
(21793, 'CORNELIO S. MURALLA', 'CORNELIO', 'MURALLA'),
(21794, 'LOUVETTE C. TORREDA', '', ''),
(21795, 'MARIA JUVELYN A. TOLENTINO', '', ''),
(21796, 'ELVIE CARMEL A. TIGMO', 'ELVIECARMEL', 'TIGMO'),
(21800, 'MA. VIVIEN D. ARAGON', '', ''),
(21804, 'ANTONIO S. BERTOSO JR', 'ANTONIO', 'BERTOSOJR'),
(21805, 'VERONICA GRACE P. MIRAFLOR', '', ''),
(21806, 'MARY ANN L. BOLLOS', '', ''),
(21811, 'WALTER FLINT F. DIAO', '', ''),
(21812, 'MARK VINCENT R. ESCALONA', '', ''),
(21816, 'KENITH RONAN B. ONG', '', ''),
(21819, 'FREDELYN T. MORGADO', 'FREDELYN', 'MORGADO'),
(21821, 'FIAH LEONOR B. CERRADO', 'FIAHLEONOR', 'CERRADO'),
(21826, 'JORGELYN A. CORTEZ', '', ''),
(21827, 'RIZA A. EMBORES', '', ''),
(21828, 'HAZEL C. ABELLAR', 'HAZEL', 'ABELLAR'),
(21831, 'EDRELYN A. TRAYVILLA', 'EDRELYN', 'TRAYVILLA'),
(21832, 'LLOYD I. TENEFRANCIA', '', ''),
(21833, 'ALEX H. TORREDA', 'ALEX', 'TORREDA'),
(21900, 'GLETCHEN ANNE T. PATAJO', 'GLETCHENANNE', 'PATAJO'),
(21901, 'JOSE WALTER A. DOLALAS', '', ''),
(21907, 'SIEGFRED KENT T. UY', '', ''),
(21909, 'FRED IAN T. TRAYVILLA', 'FREDIAN', 'TRAYVILLA'),
(21910, 'HERBERT Q. HAMSIRANI', 'HERBERT', 'HAMSIRANI'),
(21911, 'RUSSEL IRA B. MELENDRES', '', ''),
(21915, 'ADONIS S. RIVERA', 'ADONIS', 'RIVERA'),
(21918, 'JUNE CYRIL F. PASTORFIDE', '', ''),
(21919, 'EDWARD RYAN C. TORREDA', 'EDWARDRYAN', 'TORREDA'),
(21920, 'ERNESTO N. MARTINEZ JR', 'ERNESTO', 'MARTINEZJR'),
(21921, 'YHONIZA V. GOCIO', '', ''),
(21924, 'EDWIN T. HIBIONADA', 'EDWIN', 'HIBIONADA'),
(21925, 'NENITA G. NORICO', '', ''),
(21926, 'MAE ANN M. NALUA', '', ''),
(21928, 'KAREN SALUD B. GEMINA', '', ''),
(21929, 'JONALYN G. VELASCO', '', ''),
(21930, 'CASIMERO T. CUBID JR', 'CASIMERO', 'CUBIDJR'),
(21931, 'ALDRIN REE T. PATAJO', 'ALDRINREE', 'PATAJO'),
(21932, 'CLYDE G. ANTIQUE', 'CLYDE', 'ANTIQUE'),
(21933, 'MONALIZA V. TIJING', '', ''),
(21940, 'NILFA I. MALANA', '', ''),
(21946, 'WINDIE S. TIZON', '', ''),
(21949, 'EUGENE P. GASENDO', 'EUGENE', 'GASENDO'),
(21950, 'SHIELREN N. ALICANTE', '', ''),
(21951, 'BERNARDO A. ACABAL', 'BERNARDO', 'ACABAL'),
(21952, 'ALAN T. LAMAG', 'ALAN', 'LAMAG'),
(21953, 'SALAM B. BACARAT', '', ''),
(21964, 'ARTHUR S. HOYOHOY', 'ARTHUR', 'HOYOHOY'),
(21981, 'ROVILLA V. AMADEO', '', ''),
(22003, 'HENRY D. VILLAFLOR', 'HENRY', 'VILLAFLOR'),
(22007, 'SHARMELA C. RIDAD', '', ''),
(22012, 'GARRY C. TUALE', 'GARRY', 'TUALE'),
(22013, 'RODEL L. FERRATER', '', ''),
(22014, 'XAVIER ANTHONY FRANCIS D. DAEL', '', ''),
(22018, 'RAMON Q. CARBO', '', ''),
(22019, 'ERWIN L. DOLAR', 'ERWIN', 'DOLAR'),
(22020, 'VIOLA A. PALALON', '', ''),
(22033, 'MYRCHIELYN L. TAMPIOC', '', ''),
(22038, 'JIMMY M. CAÑALES JR.', '', ''),
(22042, 'JIMMY R. ORAÑO', '', ''),
(22047, 'NICOLAS O. ELEMIA', '', ''),
(22048, 'RENE B. DUMAT-OL', '', ''),
(22049, 'GERARDO J. QUISQUIS', 'GERARDO', 'QUISQUIS'),
(22050, 'GRACELYN C. BUCOL', 'GRACELYN', 'BUCOL'),
(22053, 'ROMEO S. BUENAVISTA', '', ''),
(22056, 'DANIEL C. HOBRO', 'DANIEL', 'HOBRO'),
(22058, 'LESTER JAY V. CAMARILLO', '', ''),
(22061, 'DANAH ALBHI JAY A. CREDO', 'DANAHALBHIJAY', 'CREDO'),
(22064, 'KAREN THERESE A. VILLAMIL', '', ''),
(22066, 'DONALD B. NORICO', 'DONALD', 'NORICO'),
(22072, 'NEFREDO CAMILO A. VILLARUBIA', '', ''),
(22073, 'IREL F. MANANSALA', 'IREL', 'MANANSALA'),
(22074, 'PERLYN MAR P. ROMBINES', '', ''),
(22077, 'MITZIE L. DELA TORRE', '', ''),
(22080, 'MICHEL V. PADPAD', '', ''),
(22083, 'RHONA JEAN P. CORPUZ', '', ''),
(22087, 'EMMEROSE O. GALABAY', 'EMMEROSE', 'GALABAY'),
(22088, 'ARGEL JOSEPH L. PIÑERO', 'ARGELJOSEPH', 'PIÑERO'),
(22090, 'MA. CLARETTE T. BALASABAS', '', ''),
(22091, 'PEDRO T. EBOGON', '', ''),
(22092, 'MARY GRACE T. NOSAL', '', ''),
(22097, 'SHAREEN M. FLORES', '', ''),
(22108, 'JOSE RENANTE A. ARQUIO', '', ''),
(22110, 'ARMELY MARIE C. BALUCOS', 'ARMELYMARIE', 'BALUCOS'),
(22115, 'CHRISTIAN N. CONTEMPLACION', 'CHRISTIAN', 'CONTEMPLACION'),
(22116, 'AGNES A. BULISIG', 'AGNES', 'BULISIG'),
(22119, 'VERNA I. SALDO', '', ''),
(22154, 'ERWIN ED R. TIJING', 'ERWINED', 'TIJING'),
(22156, 'VINCENT A. NG', '', ''),
(22161, 'DONNA MARIE M. VILLARBA', 'DONNAMARIE', 'VILLARBA'),
(22183, 'JOHNREY T. GARAY', '', ''),
(22194, 'RENE E. MAGTOLIS', '', ''),
(22195, 'SHERYL G. ADAPON', '', ''),
(22203, 'JONATHA MAE R. AYUNTING', '', ''),
(22210, 'JAY N. ENTAC', 'JAY', 'ENTAC'),
(22213, 'LENEKIE A. GAGA-A', '', ''),
(22215, 'JEROME ADRIANNE B. MISSION', 'JEROMEADRIANNE', 'MISSION'),
(22220, 'RAY A. FORTIN', '', ''),
(22232, 'RICHARD P. BUCOL', '', ''),
(22233, 'NEDEL C. JALANDONI', '', ''),
(22234, 'JOENIL E. MARTINEZ', '', ''),
(22235, 'CECILE J. SAGANG', 'CECILE', 'SAGANG'),
(22236, 'DON A. ILAGAN', 'DON', 'ILAGAN'),
(22240, 'EMA LOU A. VALDEHUEZA', 'EMALOU', 'VALDEHUEZA'),
(22248, 'AXEL B. ALCANTARA', 'AXEL', 'ALCANTARA'),
(22258, 'VAN L. ALVARAN', '', ''),
(22259, 'JOIE ANN T. SARADAT', '', ''),
(22270, 'JONATHAN A. DIPLOMA', '', ''),
(31018, 'RICKY G. ABAYON', '', ''),
(31024, 'CHRISTOPHER G. ABRASALDO', 'CHRISTOPHER', 'ABRASALDO'),
(31028, 'JOESITA V. ABRASALDO', '', ''),
(31030, 'CHENELEEN A. FERANIEL', 'CHENELEEN', 'FERANIEL'),
(31031, 'MARIA SHEILA N. ACABAL', '', ''),
(31032, 'IAN T. ACIBRON', 'IAN', 'ACIBRON'),
(31038, 'CEASAR T. AGUILAR', 'CEASAR', 'AGUILAR'),
(31043, 'LEONIDES R. ALBIA', '', ''),
(31045, 'MARIO DHARDY J. ALCAZAR', '', ''),
(31048, 'LOVELLA C. ALDECOA', '', ''),
(31053, 'ARACLEO C. ALMAQUIN JR.', 'ARACLEO', 'ALMAQUINJR'),
(31058, 'JUANITA A. PALMA', '', ''),
(31066, 'ALLAIN MICHAEL P. ARBON', 'ALLAINMICHAEL', 'ARBON'),
(31069, 'JOVENCIO M. ARDINA JR.', '', ''),
(31073, 'ROGELIO B. ASENTISTA', '', ''),
(31080, 'JOLITO R. BACALSO', '', ''),
(31081, 'QUIRINO R. BACALSO', '', ''),
(31088, 'RUEL C. BALDOMERO', '', ''),
(31089, 'ETHEL B. SAJULLA', 'ETHEL', 'SAJULLA'),
(31098, 'ROSE JEAN L. BASILIO', '', ''),
(31113, 'MIRASOL L. BELONGHILOT', '', ''),
(31114, 'PAUL MARTIN A. BENCALO', '', ''),
(31115, 'PHILIP A. BENCALO', '', ''),
(31116, 'PRUTO A. BENCALO JR.', '', ''),
(31121, 'ALFONSO G. BINONDO', 'ALFONSO', 'BINONDO'),
(31127, 'CHERIE MAE C. BOLADOLA', 'CHERIEMAE', 'BOLADOLA'),
(31131, 'GEOFREY V. BOLTIADOR', 'GEOFREY', 'BOLTIADOR'),
(31133, 'RAMONITO T. BORRES JR.', '', ''),
(31149, 'CHRISTINE T. CADIAO', 'CHRISTINE', 'CADIAO'),
(31150, 'DINDO M. CADIAO', 'DINDO', 'CADIAO'),
(31151, 'VICTORINO H. CADIAO SR.', '', ''),
(31153, 'ANDREW D. CAGANG', 'ANDREW', 'CAGANG'),
(31158, 'SERVANDO B. CAMPOS', '', ''),
(31165, 'NOEL T. CANTON', '', ''),
(31171, 'CRISOSTOMO M. CASPE JR.', 'CRISOSTOMO', 'CASPEJR'),
(31209, 'NOELITO T. DINAPO', '', ''),
(31211, 'EVELYN D. CIMAFRANCA', 'EVELYN', 'CIMAFRANCA'),
(31214, 'RODOLFO M. DONASCO JR.', '', ''),
(31217, 'MARLON A. DUHAYLUNGSOD', '', ''),
(31218, 'MARYFEL C. DUHAYLUNGSOD', '', ''),
(31221, 'JUDITH T. DUKA', '', ''),
(31224, 'OSCAR A. DUMAT-OL', '', ''),
(31226, 'ALEXANDER S. DURAN', 'ALEXANDER', 'DURAN'),
(31231, 'ROSEMARY S. EGANG', '', ''),
(31232, 'ZOTICO I. EGE', '', ''),
(31237, 'JOEMAR B. EMBODO', '', ''),
(31240, 'RICHARD V. ENCABO', '', ''),
(31251, 'JUNICH T. ESPARTERO', '', ''),
(31255, 'ROSELYN I. ESTACION', '', ''),
(31257, 'FERNANDITO G. ESTANIL', 'FERNANDITO', 'ESTANIL'),
(31258, 'NIXON L. ESTIÑOSO', '', ''),
(31259, 'JOSE BEBSY B. ESTORCO', '', ''),
(31268, 'HERMINIGILDO A. FERNANDEZ', 'HERMINIGILDO', 'FERNANDEZ'),
(31270, 'ALBERT E. FERRAREN', 'ALBERT', 'FERRAREN'),
(31271, 'LEE BRYAN S. FERRAREN', '', ''),
(31277, 'RYAN T. GAGA-A', '', ''),
(31283, 'ROEM MELENCIO R. GAMO', '', ''),
(31284, 'ALE C. GAÑEDA', 'ALE', 'GAÑEDA'),
(31285, 'JERIC P. GAÑEDA', 'JERIC', 'GAÑEDA'),
(31292, 'JAMES LUDWEG I. GECONCILLO', 'JAMESLUDWEG', 'GECONCILLO'),
(31293, 'RUBILYN B. GECONCILLO', '', ''),
(31296, 'IRENEO G. GELERA', 'IRENEO', 'GELERA'),
(31297, 'CARLO S. GELVORIA', 'CARLO', 'GELVORIA'),
(31306, 'CONTEZA T. GERSAN', 'CONTEZA', 'GERSAN'),
(31310, 'RAMIL A. GINO', '', ''),
(31313, 'PETER CLYDE F. GOTLADERA', '', ''),
(31318, 'JACINTO O. GUARDIANO', 'JACINTO', 'GUARDIANO'),
(31319, 'MARTIN O. GUARDIANO', '', ''),
(31322, 'WENDY G. GUMAHAD', '', ''),
(31330, 'ALFREDO B. INDINO', 'ALFREDO', 'INDINO'),
(31333, 'FRANCISCO I. JALBUNA', 'FRANCISCO', 'JALBUNA'),
(31336, 'ARVIN L. JAMANDRON', 'ARVIN', 'JAMANDRON'),
(31347, 'BONAMART BONAFER M. LABAO', 'BONAMARTBONAFER', 'LABAO'),
(31350, 'MUTYA CONCEPCION L. BRETAÑA', '', ''),
(31358, 'ROGELIO C. LECIRA', '', ''),
(31361, 'VALERIANO B. LIMBAGA', '', ''),
(31362, 'ARTURO M. LIRAZAN', 'ARTURO', 'LIRAZAN'),
(31366, 'EDGARDO G. LOCSIN', 'EDGARDO', 'LOCSIN'),
(31367, 'LEONILA A. LORA', '', ''),
(31376, 'HENRY A. MAHINAY SR', 'HENRY', 'MAHINAYSR'),
(31381, 'RONALDO S. MAÑAGO', '', ''),
(31387, 'MERLYN G. MAPUTI', '', ''),
(31390, 'JOEL B. MARCELINO', '', ''),
(31392, 'NEMESIO C. MARIMAT', '', ''),
(31393, 'EFREN T. MARO', 'EFREN', 'MARO'),
(31396, 'ERNAN ALBERT N. MARTINEZ', 'ERNANALBERT', 'MARTINEZ'),
(31401, 'EMMANUEL B. MELENDRES', 'EMMANUEL', 'MELENDRES'),
(31411, 'JESSIE P. MOLEÑO', 'JESSIE', 'MOLEÑO'),
(31422, 'MAYO B. MORTILLERO', '', ''),
(31426, 'JOWIE J. NATAK', '', ''),
(31428, 'ALFE V. NAVARRO', 'ALFE', 'NAVARRO'),
(31429, 'DIORLAN J. NICOLAS', 'DIORLAN', 'NICOLAS'),
(31435, 'WAYNE M. NORICO', '', ''),
(31437, 'AGNES T. OBLINO', 'AGNES', 'OBLINO'),
(31443, 'JULIE Y. OGOC', '', ''),
(31445, 'JONELYN G. OJASTRO', '', ''),
(31449, 'ENRIDE V. OLMOGUEZ', 'ENRIDE', 'OLMOGUEZ'),
(31450, 'JONATHAN E. OMBOY', '', ''),
(31463, 'AMORSOLO B. OSTIQUE', 'AMORSOLO', 'OSTIQUE'),
(31464, 'VIRGELIO T. PAALISBO', '', ''),
(31470, 'JOSEPH O. PALMA', '', ''),
(31475, 'JOHN WINSTON G. PANCHO', '', ''),
(31481, 'JOEMIL E. PARTOSA', '', ''),
(31487, 'TRIXIA MAE V. PATRIMONIO', '', ''),
(31490, 'DIXIE V. PINANONANG', 'DIXIE', 'PINANONANG'),
(31496, 'ROBERTO C. PINANONANG', '', ''),
(31502, 'SANTIAGO E. PORLAS', '', ''),
(31506, 'DEDITO E. PRAC', 'DEDITO', 'PRAC'),
(31507, 'HERBIE P. PRESTIN', 'HERBIE', 'PRESTIN'),
(31509, 'REYNALDO Q. PUYAT', '', ''),
(31510, 'MARIA ANGELICA A. QUIANZO', '', ''),
(31511, 'CECILIO P. QUIJANO', 'CECILIO', 'QUIJANO'),
(31515, 'TITUS V. QUIÑANOLA', '', ''),
(31522, 'MARIA CRISTY S. RABANES', '', ''),
(31523, 'RONILO T. RABANES', '', ''),
(31526, 'JSESUSIMO S. RAYNO', '', ''),
(31528, 'JERRY C. RENDON', 'JERRY', 'RENDON'),
(31530, 'JOSE ZALDY P. REYES', '', ''),
(31535, 'LOLITA C. RIDAD', '', ''),
(31540, 'ARIEL S. RODRIGUEZ SR.', 'ARIEL', 'RODRIGUEZSR'),
(31541, 'JOSE ROMEL P. RODRIGUEZ', '', ''),
(31542, 'NELSON T. ROMBINEZ', '', ''),
(31545, 'RUBEN C. DELA ROSA JR.', '', ''),
(31546, 'JOSECHO K. ROSADO III', '', ''),
(31550, 'RONALDO T. RUSIANA', '', ''),
(31559, 'LEONARDO I. DELOS SANTOS', '', ''),
(31561, 'MA. GINA S. GAREZA', '', ''),
(31563, 'BRENDO F. SARAÑA', 'BRENDO', 'SARAÑA'),
(31564, 'EUSEBIO F. SARAÑA', 'EUSEBIO', 'SARAÑA'),
(31565, 'MARIO S. SARDOVIA', '', ''),
(31574, 'RUEL A. SENO', '', ''),
(31577, 'LILIA O. SILOT', '', ''),
(31579, 'ARTEMIO C. SOLAMILLO', 'ARTEMIO', 'SOLAMILLO'),
(31585, 'NORBERTO G. SUEP', '', ''),
(31586, 'REMY S. SUMADIA', '', ''),
(31594, 'TERESITA B. TABORADA', '', ''),
(31597, 'ROBERT C. TALDE', '', ''),
(31613, 'WILMA T. TENAN', '', ''),
(31618, 'GEORGE B. TENTATIVA JR.', 'GEORGE', 'TENTATIVAJR'),
(31619, 'JESSIE JAMES B. TENTATIVA', 'JESSIEJAMES', 'TENTATIVA'),
(31627, 'GUILLERMO A. TIGMO JR.', 'GUILLERMO', 'TIGMOJR'),
(31628, 'ARCHIE LEONID T. TIJING', 'ARCHIELEONID', 'TIJING'),
(31629, 'CHARINA MAY T. JARDINIANO', 'CHARINAMAY', 'JARDINIANO'),
(31630, 'EMERALD T. SUETA', 'EMERALD', 'SUETA'),
(31633, 'BENBO B. TIÑA', 'BENBO', 'TIÑA'),
(31642, 'NOEL I. TOLENTIN', '', ''),
(31652, 'REPE A. TORREDA', '', ''),
(31666, 'RAMON B. TRONCO JR.', '', ''),
(31671, 'HENRY T. TUBESA', 'HENRY', 'TUBESA'),
(31674, 'RAYMUNDO F. TUBLE', '', ''),
(31676, 'IMELDA T. GABUYA', 'IMELDA', 'GABUYA'),
(31680, 'PROCOPIO C. TULABING', '', ''),
(31682, 'JONATHAN P. TUMLAD', '', ''),
(31685, 'ROGELIO J. TUVALLES JR.', '', ''),
(31688, 'DANIVER G. VALE', 'DANIVER', 'VALE'),
(31689, 'ELMO I. VALENCIA', 'ELMO', 'VALENCIA'),
(31693, 'ROLANDO M. VALENCIA', '', ''),
(31695, 'RUSTICO L. VALOR', '', ''),
(31701, 'ROLANDO T. VENTERO', '', ''),
(31703, 'JENUS T. VERGARA', 'JENUS', 'VERGARA'),
(31704, 'ATILANO B. VILLAMIL', 'ATILANO', 'VILLAMIL'),
(31708, 'LEIZEL V. VERGARA', '', ''),
(31710, 'RESTITUTO T. VILLAMIL JR.', '', ''),
(31712, 'MILA D. VILLANUEVA', '', ''),
(31721, 'MA. ELIZA C. VILLEGAS', '', ''),
(31728, 'FRANCISO S. YAESO', 'FRANCISO', 'YAESO'),
(31737, 'JANMOR G. DELA TORRE', 'JANMOR', 'DELATORRE'),
(31748, 'RICHARD G. BANTILAN', '', ''),
(31749, 'RASMER Q. CARBO', '', ''),
(31750, 'RONILO C. CARMELOTES', '', ''),
(31751, 'ROMULO B. FERIL JR.', '', ''),
(31753, 'FRANCIS DAVE V. TEVES', 'FRANCISDAVE', 'TEVES'),
(31754, 'BRYAN RAUL T. TIJING', 'BRYANRAUL', 'TIJING'),
(31755, 'JUDITH V. FRANCO', '', ''),
(31756, 'ROGELIO Z. VILLANUEVA JR.', '', ''),
(31758, 'RUSSELL T. LOCSIN', '', ''),
(31759, 'MARGARITO D. ATIENZA', '', ''),
(31766, 'MAMERTO Q. VALOR', '', ''),
(31768, 'BENJAMIN ARSENIO T. FLORES', 'BENJAMINARSENIO', 'FLORES'),
(31770, 'GREGORIO B. ALDE', 'GREGORIO', 'ALDE'),
(31773, 'HENRY G. OCTAVIANO', 'HENRY', 'OCTAVIANO'),
(31775, 'DANNY J. MANIGOS', 'DANNY', 'MANIGOS'),
(31777, 'ABUNDIO P. AWAS JR.', 'ABUNDIO', 'AWASJR'),
(31783, 'DOMINIC A. DEVELOS', 'DOMINIC', 'DEVELOS'),
(31799, 'ANDREA G. SEBALLOS', 'ANDREA', 'SEBALLOS'),
(31802, 'JAIME P. GELERA', 'JAIME', 'GELERA'),
(31803, 'ALFREDO E. MISSION', 'ALFREDO', 'MISSION'),
(31808, 'KULAFU A. SEBALLOS', '', ''),
(31809, 'FREDERICK V. PADILLA', 'FREDERICK', 'PADILLA'),
(31810, 'WENCESLAO E. SARA', '', ''),
(31814, 'FLORAVEL M. SALVA', 'FLORAVEL', 'SALVA'),
(31815, 'RAMON T. TORREFRANCA', '', ''),
(31817, 'KENT M. VILLAMIL', '', ''),
(31818, 'ANVELYN M. PEROL', 'ANVELYN', 'PEROL'),
(31820, 'RANYL R. EUMAGUE', '', ''),
(31822, 'MARLON P. BAYOGUIÑA', '', ''),
(31824, 'MIE ANN A. LASPIÑAS', '', ''),
(31825, 'ROQUE V. JAMANDRON', '', ''),
(31830, 'GEMIMA T. TEOLOGIO', 'GEMIMA', 'TEOLOGIO'),
(31834, 'BUENSOCESO T. TORALDE JR', 'BUENSOCESO', 'TORALDEJR'),
(31835, 'EDUARDO D. ABRAHAM', 'EDUARDO', 'ABRAHAM'),
(31836, 'ROLEX ROCKY T. ANITO', '', ''),
(31837, 'HONEY LYN Q. TONOGBANUA', 'HONEYLYN', 'TONOGBANUA'),
(31838, 'RENATO B. CABEL JR.', '', ''),
(31890, 'RANDY J. EUMAGUE', '', ''),
(31891, 'LEMUEL C. DELGADO', '', ''),
(31899, 'CARLITO D. DELA CRUZ', 'CARLITO', 'DELACRUZ'),
(31903, 'PAMELA G. DOLALAS', '', ''),
(31906, 'GALILEO T. TALEON', 'GALILEO', 'TALEON'),
(31916, 'ROBERTO D. LUCERO JR.', '', ''),
(31922, 'RANDY A. GUIRON', '', ''),
(31923, 'GAUDENCIO D. GARGANIAN II', 'GAUDENCIO', 'GARGANIANII'),
(31927, 'SOTERANIA S. EVANGELISTA', '', ''),
(31934, 'EDUARDO T. VILLARTA JR.', 'EDUARDO', 'VILLARTAJR'),
(31936, 'KRESA J. NUICO', '', ''),
(31937, 'ESPERIDION S. GALIDO', 'ESPERIDION', 'GALIDO'),
(31938, 'RENATO G. CASTRO', '', ''),
(31939, 'ROLANDO D. BANOGON', '', ''),
(31942, 'EDWIN R. SILVA', 'EDWIN', 'SILVA'),
(31944, 'ROEL D. LASPIÑAS', '', ''),
(31945, 'MERILY V. LALAS', '', ''),
(31947, 'FAITH Q. ALVARAN', 'FAITH', 'ALVARAN'),
(31948, 'ANDY G. ABAYON', 'ANDY', 'ABAYON'),
(31954, 'ROBERT ROBINSON B. CHIONG', '', ''),
(31955, 'RENE P. PEBIDA', '', ''),
(31957, 'LUBEN C. CANTO', '', ''),
(31960, 'JUANITO B. DIAMANTE', '', ''),
(31961, 'NERISSA T. CASELA', '', ''),
(31963, 'FEBMELBERT B. LIRAZAN', 'FEBMELBERT', 'LIRAZAN'),
(31965, 'JEFFREY C. ALBINA', 'JEFFREY', 'ALBINA'),
(31966, 'NAZARIO P. REYES JR.', '', ''),
(31978, 'JOEY A. FAJARDO', '', ''),
(31979, 'RESRAN BLAIR T. INDAB', '', ''),
(31980, 'AILEEN B. SABIDONG', 'AILEEN', 'SABIDONG'),
(31982, 'PAUL MARTIN V. BITO-ON', '', ''),
(31984, 'ELIZER A. PAEL JR.', 'ELIZER', 'PAELJR'),
(31985, 'EDGAR M. BULISIG SR', 'EDGAR', 'BULISIGSR'),
(31986, 'GIL RHOY A. DELA CRUZ', 'GILRHOY', 'DELACRUZ'),
(31987, 'DANILO D. EMPINADO', 'DANILO', 'EMPINADO'),
(31988, 'NOEL B. EROY', '', ''),
(31989, 'SAMUEL B. EROY', '', ''),
(31991, 'LORELIE T. MIRAFLOR', '', ''),
(31992, 'ELEONOR S. ORCULLO', 'ELEONOR', 'ORCULLO'),
(31993, 'ALFREDO P. PACATANG SR', 'ALFREDO', 'PACATANGSR'),
(31994, 'JESTER V. QUINIQUITO', 'JESTER', 'QUINIQUITO'),
(31995, 'CHIRYL R. RAMIREZ', 'CHIRYL', 'RAMIREZ'),
(31996, 'RENANTE F. SARAÑA', '', ''),
(31997, 'ALBERTO G. TIMOTEO', 'ALBERTO', 'TIMOTEO'),
(31998, 'JAME A. TURCO', 'JAME', 'TURCO'),
(31999, 'FORTUNATO A. VIAJE', 'FORTUNATO', 'VIAJE'),
(32000, 'DORIS GAY S. TORRED', 'DORISGAY', 'TORRED'),
(32001, 'ROMMEL J. TORRED', '', ''),
(32004, 'VANIESA C. ORACION', '', ''),
(32015, 'JEFFRY P. DELOS REYES', 'JEFFRY', 'DELOSREYES'),
(32022, 'ROWEL G. AGUILAR', '', ''),
(32023, 'ROMEL O. ALDE', '', ''),
(32024, 'JOSEPH T. CATALAN', '', ''),
(32025, 'GERARDO A. ILAGAN JR.', 'GERARDO', 'ILAGANJR'),
(32026, 'RICARDO M. DONAN', '', ''),
(32027, 'GREMAR Y. GOTLADERA', 'GREMAR', 'GOTLADERA'),
(32028, 'RAFAELA M. PALLORINA', '', ''),
(32029, 'PETER PAUL T. TENEFRANCIA', '', ''),
(32030, 'BERTULFO E. BALTERO', 'BERTULFO', 'BALTERO'),
(32031, 'IGNACIO T. LAZARTE', 'IGNACIO', 'LAZARTE'),
(32032, 'VLADIMIR M. REYES', '', ''),
(32034, 'ALBERT T. VALOR', 'ALBERT', 'VALOR'),
(32035, 'BIENVINIDA S. DANDAN', 'BIENVINIDA', 'DANDAN'),
(32036, 'JOANNE OWENA I. JORDAN', '', ''),
(32037, 'ELIZABETH L. OMOYON', 'ELIZABETH', 'OMOYON'),
(32040, 'CONDRADO J. ABARE JR.', 'CONDRADO', 'ABAREJR'),
(32041, 'ROMEO V. FERIL', '', ''),
(32043, 'ROLANDO G. BALDEVARONA', '', ''),
(32044, 'REGIE D. REPOSO', '', ''),
(32046, 'LOLITA N. ELARDO', '', ''),
(32051, 'JOHNNY S. NARCISO', '', ''),
(32052, 'LORE L. CRISOSTOMO', '', ''),
(32054, 'NARDITO S. EMPERADO', '', ''),
(32055, 'ANGELITO O. GUMAHAD', 'ANGELITO', 'GUMAHAD'),
(32057, 'RICKY L. TEJERO', '', ''),
(32059, 'CHRISTINE M. NALAM', 'CHRISTINE', 'NALAM'),
(32060, 'APRIL MARIE B. PACAÑA', 'APRILMARIE', 'PACAÑA'),
(32062, 'RONA D. LACSON', '', ''),
(32063, 'BEAUTY ARLENE Q. GOTLADERA', 'BEAUTYARLENE', 'GOTLADERA'),
(32065, 'DELIA M. BELLERA', 'DELIA', 'BELLERA'),
(32067, 'MARK A. SUMALPONG', '', ''),
(32068, 'DAISY D. QUIO', 'DAISY', 'QUIO'),
(32069, 'LEA T. TOMIAS', '', ''),
(32070, 'RENIE R. JAMIN', '', ''),
(32071, 'IVY D. DAGODOG', 'IVY', 'DAGODOG'),
(32075, 'RHUEL C. MELENDRES', '', ''),
(32076, 'DANILO B. LAMIS JR.', 'DANILO', 'LAMISJR'),
(32078, 'MARICHEL M. CAROPE', '', ''),
(32079, 'PACIFICO V. QUINDO III', '', ''),
(32082, 'LEALIZ ESTHER A. CARRASCOSO', '', ''),
(32084, 'NIKKA SOLIEL T. SORIA', '', ''),
(32085, 'NOEL L. ESTREBELLA', '', ''),
(32086, 'JOHANNE MAE B. BELINGAN', '', ''),
(32091, 'ETHEL T. ABRASALDO', 'ETHEL', 'ABRASALDO'),
(32093, 'EDELYN F. FERRAREN', 'EDELYN', 'FERRAREN'),
(32094, 'JESSEL MARIE B. ALINGCOMOT', 'JESSELMARIE', 'ALINGCOMOT'),
(32095, 'ANITA G. PAEL', 'ANITA', 'PAEL'),
(32096, 'LEIZL C. ALBINA', '', ''),
(32107, 'VICTORIA E. DUHAYLUNGSOD', '', ''),
(32109, 'PAULINE Y. RAGADA', '', ''),
(32113, 'EMEZALDE B. SIACOR', 'EMEZALDE', 'SIACOR'),
(32114, 'LLOYD E. QUARTERO', '', ''),
(32117, 'MARIA FLORA C. EGANG', '', ''),
(32118, 'JUDITH M. TIZON', '', ''),
(32120, 'GERARD GERRY A. DUHAYLUNGSOD', 'GERARDGERRY', 'DUHAYLUNGSOD'),
(32121, 'MICA JOY L. ALBIA', '', ''),
(32122, 'LEOSAM A. ANTONIO', '', ''),
(32123, 'SHYR V. ATAY', '', ''),
(32124, 'ALVIN G. ATIENZA', 'ALVIN', 'ATIENZA'),
(32125, 'TITA M. BAGARINAO', '', ''),
(32126, 'CAROLYN S. CABARON', 'CAROLYN', 'CABARON'),
(32127, 'DIOMEDES M. CARTISIANO', 'DIOMEDES', 'CARTISIANO'),
(32128, 'NELVIE L. CUBID', '', ''),
(32129, 'FEIRWIND S. CUENCA', 'FEIRWIND', 'CUENCA'),
(32130, 'SHERWIN T. FERIL', '', ''),
(32131, 'GERARDO P. GELERA', 'GERARDO', 'GELERA'),
(32132, 'JOANN T. HIBIONADA', '', ''),
(32133, 'MARCELINO M. INGAN', '', ''),
(32134, 'ROGELIO E. JUAREZ', '', ''),
(32135, 'JENRIL A. NATIAL', 'JENRIL', 'NATIAL'),
(32136, 'TEDDY B. OJEÑOS', '', ''),
(32137, 'HERMINIO A. PATANAO JR.', 'HERMINIO', 'PATANAOJR'),
(32138, 'RONNIE A. ROCILLO', '', ''),
(32139, 'LIWAYWAY J. SALA', '', ''),
(32140, 'CLIFF WILLINS B. TIGBAO', 'CLIFFWILLINS', 'TIGBAO'),
(32141, 'ROGER C. TUALE', '', ''),
(32142, 'MARIA E. VALOR', '', ''),
(32143, 'JINKY V. VILLANUEVA', '', ''),
(32144, 'REYNALDO M. VILLARETO', '', ''),
(32145, 'DON JOHN M. JAMIN', 'DONJOHN', 'JAMIN'),
(32146, 'NICHOL T. ALCAZAR', '', ''),
(32147, 'ROLLY H. ALSON JR.', '', ''),
(32148, 'ALWYNN P. ARBON', 'ALWYNN', 'ARBON'),
(32149, 'ARELIANO B. AMAMAG-ID', 'ARELIANO', 'AMAMAG-ID'),
(32150, 'CAREN S. BORRIS', 'CAREN', 'BORRIS'),
(32151, 'JOSELITO B. CLAVERO', '', ''),
(32152, 'ELGEN L. MORILLO', 'ELGEN', 'MORILLO'),
(32153, 'VICTOR G. SORNILLO', '', ''),
(32155, 'MARIFEL F. CARAMPATANA', '', ''),
(32157, 'ALVIN C. HORTEZUELA', 'ALVIN', 'HORTEZUELA'),
(32158, 'MARK NOEL L. AGUIRRE', '', ''),
(32159, 'ARMIN A. QUARTERO', 'ARMIN', 'QUARTERO'),
(32160, 'JOHN JIGGER G. TAMPIOC', '', '');
INSERT INTO `employees2` (`employees_id`, `fullName`, `name0`, `name1`) VALUES
(32162, 'SHALOME M. MEDINA', '', ''),
(32164, 'ANGELA G. SALINAS', 'ANGELA', 'SALINAS'),
(32165, 'JOVELYN V. VALOR', '', ''),
(32166, 'HOLLYN FE V. CAMARILLO', 'HOLLYNFE', 'CAMARILLO'),
(32173, 'MARIA STELLA GERALYN A. QUINDO', '', ''),
(32174, 'LIDO AXEL Q. ALCANTARA', '', ''),
(32175, 'LYTTONI ROSE F. AGUILAR', '', ''),
(32176, 'GERLYN L. BANDOJO', 'GERLYN', 'BANDOJO'),
(32177, 'VANESSA S. BASILISCO', '', ''),
(32178, 'VECENTE M. BERONIO', '', ''),
(32179, 'RANIER G. BUEN', '', ''),
(32180, 'MARC WAYNE P. CATAN', '', ''),
(32181, 'FARLEY L. CATUBIG', 'FARLEY', 'CATUBIG'),
(32182, 'ROMEL B. FERIL', '', ''),
(32184, 'RHONA LEE A. GRACIADAS', '', ''),
(32185, 'MA. ANGELES LOURES R. LOJERA', '', ''),
(32186, 'TEOFE CATLEA A. MAPUTY', '', ''),
(32187, 'KEVIN CLYDE S. MARTINEZ', '', ''),
(32188, 'MARY ANN C. MONGCAL', '', ''),
(32189, 'DENNIS G. MONTAÑO', 'DENNIS', 'MONTAÑO'),
(32190, 'ANDIE O. TABOQUILDE', 'ANDIE', 'TABOQUILDE'),
(32191, 'MIRASOL A. VENDIOLA', '', ''),
(32192, 'JOSEPHINE R. GALVE', '', ''),
(32193, 'NEZEL R. CALINGACION', '', ''),
(32196, 'YUCEL B. VELEZ', '', ''),
(32197, 'WENDA B. TUMLAD', '', ''),
(32198, 'MARIA LOURDES G. FRANCISCO', '', ''),
(32204, 'EUGENE P. DUKA', 'EUGENE', 'DUKA'),
(32205, 'RAUL Z. BISABIS', '', ''),
(32206, 'MONICO GALEN E. BOLLOS JR.', '', ''),
(32207, 'FLORANTE M. ARCON', 'FLORANTE', 'ARCON'),
(32208, 'JULIUS T. CONIENDO', '', ''),
(32209, 'LYANADA FEIAM F. AGUILAR', '', ''),
(32211, 'ADRIAN MICHELE P. ARBON', 'ADRIANMICHELE', 'ARBON'),
(32212, 'JAYSON G. MONTAÑO', 'JAYSON', 'MONTAÑO'),
(32216, 'IRVIN R. CABANO', 'IRVIN', 'CABANO'),
(32218, 'ANDREI GLEVE T. PATAJO', 'ANDREIGLEVE', 'PATAJO'),
(32219, 'REYNALDO E. LEONOR', '', ''),
(32221, 'ADONES P. YANSON', 'ADONES', 'YANSON'),
(32222, 'MARY JEAN C. AMOR', '', ''),
(32223, 'LEONARDO M. OLORES', '', ''),
(32225, 'NEJEL L. ESTREBELLA', '', ''),
(32226, 'MARIO ECHELON ED R. TIJING', '', ''),
(32227, 'GARRY B. INGAN', 'GARRY', 'INGAN'),
(32228, 'REY V. CORDOVA', '', ''),
(32229, 'MONICA M. DE LA CRUZ', '', ''),
(32230, 'MARILYN N. GOMEZ', '', ''),
(32231, 'MERRY GAIL P. LINIHAN', '', ''),
(32237, 'EDWIN S. TUMALE', 'EDWIN', 'TUMALE'),
(32238, 'DEEVI COREN S. YAP', 'DEEVICOREN', 'YAP'),
(32239, 'WENEFRED T. GAGA-A', '', ''),
(32242, 'NANCY T. SALVA', '', ''),
(32243, 'RODOLFO N. LAPE', '', ''),
(32244, 'MARISSA G. GIDAYA', '', ''),
(32245, 'RANDOLF T. FERIL', '', ''),
(32246, 'GHLENN J. VILLAMIL', 'GHLENN', 'VILLAMIL'),
(32247, 'LANDRITO S. TOÑACAO', '', ''),
(32249, 'MELVIC E. BAYOGUIÑA', '', ''),
(32250, 'JOAQUIN M. BEJASA JR', '', ''),
(32251, 'RAMIE A. CANOY', '', ''),
(32252, 'ERWIN G. DIANSON', 'ERWIN', 'DIANSON'),
(32253, 'ERIC R. HERRERO', 'ERIC', 'HERRERO'),
(32254, 'NIÑO N. ONTAL', '', ''),
(32255, 'RONALD J. TUPINO', '', ''),
(32256, 'CHRISTIAN KIT M. CONIENDO', 'CHRISTIANKIT', 'CONIENDO'),
(32257, 'VILMA G. RENDON', '', ''),
(32262, 'THOMAS A. AMOR', '', ''),
(32263, 'ALEJANDRO M. BELOCURA', 'ALEJANDRO', 'BELOCURA'),
(32264, 'RAZEL T. TALLEDO', '', ''),
(32265, 'JERSON T. ACOSTA', 'JERSON', 'ACOSTA'),
(32266, 'IDECIL P. GASENDO', 'IDECIL', 'GASENDO'),
(32267, 'BERNABE Q. LUZON JR', 'BERNABE', 'LUZONJR'),
(32268, 'THESSA AMOR T. SUMUGAT', '', ''),
(32269, 'BON BILLY B. TIGBAO', 'BONBILLY', 'TIGBAO'),
(32602, 'ELENA A. TABORADA', 'ELENA', 'TABORADA'),
(41002, 'RENE G. GAUDIEL', '', ''),
(41011, 'DOUGLAS MAC ARTHUR DANELO T. TIJING', 'DOUGLASMACARTHURDANELO', 'TIJING'),
(41041, 'VICTORIANO D. ALABASTRO', '', ''),
(41054, 'ALAIN S. ALOJADO', 'ALAIN', 'ALOJADO'),
(41383, 'MICHAEL S. MANANQUIL', '', ''),
(41905, 'MELINDA GRACE M. CARBALLO', '', ''),
(41959, 'KAREN ROSE T. CUENCA', '', ''),
(41983, 'MILCYN C. MATURAN', '', ''),
(42002, 'RYAN D. BANUA', '', ''),
(42005, 'VIRGINIA E. MAYAN', '', ''),
(42006, 'ANALIE G. LAMIS', 'ANALIE', 'LAMIS'),
(42008, 'RICO A. SIENES', '', ''),
(42009, 'JERWIN C. GUILAS', 'JERWIN', 'GUILAS'),
(42021, 'JOANNE MARIE . SAGON', '', ''),
(42081, 'RONULFO F. TORREDA', '', ''),
(42099, 'MELISSA MEE M. VILLAMIL', '', ''),
(42100, 'ROWENA V. SUMALPONG', '', ''),
(42101, 'JOY L. VILLEGAS', '', ''),
(42102, 'HAZEL MAE C. BUCAD', 'HAZELMAE', 'BUCAD'),
(42103, 'RONA V. LERON', '', ''),
(42104, 'LYSTER D. TRAYVILLA', '', ''),
(42105, 'CERILO M. TOLOSA SR', 'CERILO', 'TOLOSASR'),
(42106, 'JEROME O. BARON', 'JEROME', 'BARON'),
(42163, 'LORNA M. MURALLA', '', ''),
(42171, 'ROLANDO B. DAGOHOY', '', ''),
(42199, 'CRISOSTOMO B. PARAOHAO', 'CRISOSTOMO', 'PARAOHAO'),
(42214, 'JEREMIAS C. GALLO', 'JEREMIAS', 'GALLO'),
(42217, 'CHARLIE T. BACOR', 'CHARLIE', 'BACOR'),
(42241, 'DANA RHYS V. GAKO', 'DANARHYS', 'GAKO'),
(60363, 'ALBERTO T. TRUMATA', 'ALBERTO', 'TRUMATA'),
(62200, 'ROLANDO E. SALUMAG JR', '', ''),
(62201, 'TOM T. OPEÑA', '', ''),
(90001, 'BIENA MARIETA C. CABUSAO', 'BIENAMARIETA', 'CABUSAO'),
(90002, 'AMCEL . MERCADER', 'AMCEL', 'MERCADER'),
(90003, 'EDELYN P. TORRES', 'EDELYN', 'TORRES'),
(90004, 'NENETTE MAY R. VIBARES', '', ''),
(90005, 'LOUIE T. BATUTO', '', ''),
(90006, 'HECTOR . CUEVAS', 'HECTOR', 'CUEVAS'),
(90007, 'GINA C. RUSSEL', 'GINA', 'RUSSEL'),
(90008, 'MARICOR A. KATADA', '', ''),
(90009, 'RICKY T. ANTIPUESTO', '', ''),
(90010, 'LUIS R. RENEGADO JR.', '', ''),
(90011, 'JOSIE . MANAGAYTAY', '', ''),
(90012, 'EFREN . MOLDEZ', 'EFREN', 'MOLDEZ'),
(90013, 'RUBEN . MOSICO', '', ''),
(90014, 'JOY . OBAR', '', ''),
(90016, 'JOEL A. ABERIA', '', ''),
(90017, 'ANN ROUCHELLE T. CARILLO', 'ANNROUCHELLE', 'CARILLO'),
(90018, 'RICO T. ROMBINES', '', ''),
(90019, 'NICOLAS . TUMAPANG', '', ''),
(90020, 'REGINALDO T. NAVARRA', '', ''),
(90021, 'NELSON . SARSANO', '', ''),
(90022, 'EDGAR ALAN . PAPAS', 'EDGARALAN', 'PAPAS'),
(90023, 'LINA FLOR L. DEQUITO', '', ''),
(90024, 'CHARLIE . TAYLOR', 'CHARLIE', 'TAYLOR'),
(90025, 'LORA JANE . TUMALI', '', ''),
(90026, 'GUILLERMO R. ANQUI', 'GUILLERMO', 'ANQUI'),
(90027, 'ENDRITO Q. BAJARDO', 'ENDRITO', 'BAJARDO'),
(90028, 'JERRY . MANGUILIMOTAN', 'JERRY', 'MANGUILIMOTAN'),
(90029, 'CORA M. RAAGAS', 'CORA', 'RAAGAS'),
(90030, 'MELANIE . LANOBA', '', ''),
(90031, 'ADONIS . TERANIA', 'ADONIS', 'TERANIA'),
(90032, 'EPIMACO . BENOLOGA', 'EPIMACO', 'BENOLOGA'),
(90033, 'MERCELITO . GAJANO', '', ''),
(90034, 'ROSALINA . MALAHAY', '', ''),
(90037, 'MICHAEL T. TORRED', '', ''),
(90038, 'ROMULUS . DELFIN', '', ''),
(90039, 'ANN ROUCHELLE . CARRILLO', 'ANNROUCHELLE', 'CARRILLO'),
(90040, 'SHIELA LOU . PEÑAFLORIDA', '', ''),
(90041, 'ERNESTO L. VALENCIA', 'ERNESTO', 'VALENCIA'),
(90042, 'PAUL ADONIS . SUERTE', '', ''),
(90043, 'RODEL R. GLODOVE', '', ''),
(90044, 'ERICSON R. LABE', 'ERICSON', 'LABE'),
(90045, 'FELSAN B. RIGEDOR', 'FELSAN', 'RIGEDOR'),
(90046, 'HELEN . VENTURA', 'HELEN', 'VENTURA'),
(90047, 'EMMA . ILAGAN', 'EMMA', 'ILAGAN'),
(90048, 'PRECIOSA . MATURAN', '', ''),
(90049, 'THELMA . JARNAIZ', '', ''),
(90050, 'DEM . SAY-A', 'DEM', 'SAY-A'),
(90051, 'AGNES . EGE', 'AGNES', 'EGE'),
(90052, 'GRETCHEN . MORTILLERO', 'GRETCHEN', 'MORTILLERO'),
(90054, 'CHANDELLER O. LOOC', 'CHANDELLER', 'LOOC'),
(90055, 'LEMUEL V. NACITA', '', ''),
(90056, 'GONZALO P. LIBRADILLA', 'GONZALO', 'LIBRADILLA'),
(90057, 'JOE FRANZON A. ABANTO', '', ''),
(90058, 'EMAR . REMEDIOS', 'EMAR', 'REMEDIOS'),
(90059, 'JOEL B. DOCTO JR.', '', ''),
(90060, 'BERTULFO . BALTERO', 'BERTULFO', 'BALTERO'),
(90062, 'RONALD . MILLA', '', ''),
(90063, 'CHED JASON . SAMEON', 'CHEDJASON', 'SAMEON'),
(90064, 'RUBEN . LORETO', '', ''),
(90065, 'MAURO . BANDOQUILLO', '', ''),
(90066, 'JOHN KARL . NIAGA', '', ''),
(90067, 'RENEVIC . RIZALDO', '', ''),
(90068, 'ELMER . ABUDA', 'ELMER', 'ABUDA'),
(90069, 'ISRAEL . BANLAYGAS', 'ISRAEL', 'BANLAYGAS'),
(90070, 'ABELL . LABORTE', 'ABELL', 'LABORTE'),
(90071, 'MARILOU M. BARTE', '', ''),
(90072, 'CATALINA A. MENDOZA', 'CATALINA', 'MENDOZA'),
(90073, 'RUEL D. CADELIÑA', '', ''),
(90074, 'JOJI MAR R. BUSENTO', '', ''),
(90075, 'FRANIE B. AMBO', 'FRANIE', 'AMBO'),
(90076, 'JEMUEL S. CADIMAS', 'JEMUEL', 'CADIMAS'),
(90077, 'ANANSON E. JAYME', 'ANANSON', 'JAYME'),
(90078, 'ADELISSA . SORRONDA', 'ADELISSA', 'SORRONDA'),
(90079, 'REYNALDO M. URCIADA', '', ''),
(90080, 'KARL VIC E. DUMALAG', '', ''),
(90081, 'JEAN ANNA F. GAGA-A', 'JEANANNA', 'GAGA-A'),
(90082, 'EVE MARIE C. ALCAZAR', 'EVEMARIE', 'ALCAZAR'),
(90083, 'TEODORO J. NICOLAS', '', ''),
(90084, 'GILBERTO A. BALANSAG', 'GILBERTO', 'BALANSAG'),
(90085, 'NELSON . SORSANO', '', ''),
(90086, 'KELLY EUSEBIO P. CATALAN', '', ''),
(90087, 'ALDRIN . PAGNANAWON', 'ALDRIN', 'PAGNANAWON'),
(90088, 'ROGELIO . ASEÑAS', '', ''),
(90089, 'GILBERT C. ALVIA', 'GILBERT', 'ALVIA'),
(90090, 'ROLLY . SANTAÑEZ', '', ''),
(90091, 'REMEDIO T. GABAS JR.', '', ''),
(90092, 'JESUS ROBEL T. SASTRILLO JR.', 'JESUSROBEL', 'SASTRILLOJR'),
(90093, 'MARLYN . TENDERO', '', ''),
(90094, 'VIRGINIA . BAJARIAS', '', ''),
(90095, 'ALLAN M. PATROCINIO', 'ALLAN', 'PATROCINIO'),
(90096, 'ANTHONY . JAMOSMOS', 'ANTHONY', 'JAMOSMOS'),
(90097, 'RAYGEN A. VILLAPAÑA', '', ''),
(90098, 'JULIAN . GARCIA', '', ''),
(90099, 'ALBERT . ONGUE', 'ALBERT', 'ONGUE'),
(90100, 'JESUS A. SUSANIA', 'JESUS', 'SUSANIA'),
(90101, 'JENNIFER E. GUTIB', 'JENNIFER', 'GUTIB'),
(90102, 'ARJUN D. DELGADO', 'ARJUN', 'DELGADO'),
(90103, 'JORGE . SOL', '', ''),
(90105, 'JUNYL C. PEÑAFLORIDA', '', ''),
(90106, 'AMBROCIO . KILAPKILAP JR.', 'AMBROCIO', 'KILAPKILAPJR'),
(90109, 'ROQUE M. ARCON', '', ''),
(90110, 'JOYCE . ABRASALDO', '', ''),
(90111, 'CHRISTINE MARIE . DIONES', 'CHRISTINEMARIE', 'DIONES'),
(90112, 'JANA JANE . NALAM', 'JANAJANE', 'NALAM'),
(90113, 'JUN REY . EMHADA', '', ''),
(90114, 'MARIA . SALVE', '', ''),
(90115, 'CHRISTY ANTONETH B. GOMEZ', 'CHRISTYANTONETH', 'GOMEZ'),
(90118, 'ARNEL R. BRIZ', 'ARNEL', 'BRIZ'),
(90119, 'RAMON . CARTACIANO', '', ''),
(90120, 'DAVID . OBANIANA', 'DAVID', 'OBANIANA'),
(90121, 'RAMON . CARTICIANO', '', ''),
(91234, 'RAMON . ARBOLADO', '', ''),
(111110, 'FELICISIMO  . ALABASTRO', 'FELICISIMO', 'ALABASTRO'),
(432167, 'MARIE CHERYL T. NALAM', '', ''),
(1111111, 'ANTONIO . ESPARTERO', 'ANTONIO', 'ESPARTERO'),
(1111112, 'ERIC M. BABOR', 'ERIC', 'BABOR'),
(1111113, 'FELBERT P. TAMALA', 'FELBERT', 'TAMALA'),
(1111114, 'JOEMAR . ESPANIOLA', '', ''),
(1111115, 'RANDY D. DURAN', '', ''),
(1111116, 'RONALD . ALCUENO', '', ''),
(1111117, 'RUME . ANDAM', '', ''),
(1111118, 'DAVID . ORAÑANA', 'DAVID', 'ORAÑANA'),
(1111119, 'JIMMY P. AGCOPRA', '', ''),
(1111120, 'RAY STEPHEN T. LOGRONIO', '', ''),
(1111121, 'RALPH G. MINGUETO', '', ''),
(1111122, 'ROSALINA P. MALAHAY', '', ''),
(1111123, 'DENNISON . PRAC', 'DENNISON', 'PRAC'),
(1111124, 'RONILO P. NALUA', '', ''),
(1111125, 'PATERNO P. ANDALES', '', ''),
(1111126, 'VICTOR . ENCABO', '', ''),
(1111127, 'BENJIE C. DIMASUHID', 'BENJIE', 'DIMASUHID'),
(1111128, 'JUANITO . CAMACHO', '', ''),
(1111129, 'JOSEPH . CATALAN', '', ''),
(1111130, 'JANMOR G. DE LA TORRE', 'JANMOR', 'DELATORRE'),
(1111131, 'ELIZABETH . VINSON', 'ELIZABETH', 'VINSON'),
(1111132, 'JOEBERT . FERNANDEZ', '', ''),
(1111133, 'DUMMY D. DUMMY', 'DUMMY', 'DUMMY'),
(1111134, 'MICHAEL . VINSON', '', ''),
(1111135, 'MANUEL . TAMPIOC', '', ''),
(1111136, 'ALEJANDRO . UGBAMIN', 'ALEJANDRO', 'UGBAMIN'),
(1111137, 'ERWIN . QUILINGUEN', 'ERWIN', 'QUILINGUEN'),
(1111138, 'HELEN M. DAGOY', 'HELEN', 'DAGOY'),
(1111139, 'DANNY . LISONDRA', 'DANNY', 'LISONDRA'),
(1111140, 'LITO . RODRIGUEZ', '', ''),
(1111141, 'JERRO . CAGAS', 'JERRO', 'CAGAS'),
(1111142, 'CHRISTIAN . GUTANG', 'CHRISTIAN', 'GUTANG'),
(1111143, 'BUENAVENTURA . OROT', 'BUENAVENTURA', 'OROT'),
(1111144, 'JOMAR . MANONGSONG', '', ''),
(1111145, 'GLENN . DELATADO', 'GLENN', 'DELATADO'),
(1111146, 'TASIANA . OROT', '', ''),
(1111147, 'ALE M. POTESTAS', 'ALE', 'POTESTAS'),
(1111148, 'CLARISSA . CAÑETE', 'CLARISSA', 'CAÑETE'),
(1111149, 'JONAFE P. MANAGAYTAY', '', ''),
(1111150, 'LIMBERT . PALMA', '', ''),
(1113554, 'JOVENTINO L. ENMACINO', '', '');

-- --------------------------------------------------------

--
-- Table structure for table `employees3`
--

CREATE TABLE `employees3` (
  `employees_id` int(11) NOT NULL,
  `fullName` text NOT NULL,
  `name0` text NOT NULL,
  `name1` text NOT NULL
) ENGINE=InnoDB DEFAULT CHARSET=latin1;

--
-- Dumping data for table `employees3`
--

INSERT INTO `employees3` (`employees_id`, `fullName`, `name0`, `name1`) VALUES
(1, 'AARON K. DIAO', '', ''),
(7, 'ABUNDIO P. AWAS JR.', '', ''),
(12, 'ADONES P. YANSON', '', ''),
(15, 'ADONIS G. ORACION', '', ''),
(17, 'ADONIS V. BELINGAN', '', ''),
(20, 'ADRIAN MICHELE P. ARBON', '', ''),
(21, 'ADRIAN S. ENRIQUEZ', '', ''),
(23, 'AGNES A. BULISIG', '', ''),
(24, 'AGNES T. OBLINO', '', ''),
(26, 'AILEEN B. SABIDONG', '', ''),
(31, 'AKEEM .. JAMANDRON', '', ''),
(33, 'ALAN T. LAMAG', '', ''),
(37, 'ALBERT E. FERRAREN', '', ''),
(38, 'ALBERT T. VALOR', '', ''),
(40, 'ALBERTO A. ACABAL JR', '', ''),
(47, 'ALE C. GAÑEDA', '', ''),
(48, 'ALE M. POTESTAS', '', ''),
(50, 'ALEJANDRO .. BELOCURA', '', ''),
(64, 'ALEX H. TORREDA', '', ''),
(67, 'ALEXANDER J. OCTAVIANO', '', ''),
(68, 'ALEXANDER S. DURAN', '', ''),
(69, 'ALFE V. NAVARRO', '', ''),
(74, 'ALFREDO B. INDINO', '', ''),
(75, 'ALFREDO E. MISSION', '', ''),
(76, 'ALFREDO F. TRAYVILLA', '', ''),
(80, 'ALLAIN MICHAEL P. ARBON', '', ''),
(83, 'ALLAN H. TORREDA', '', ''),
(85, 'ALLANDALE N. CALARAMO', '', ''),
(86, 'ALMA D. CRISOSTOMO', '', ''),
(90, 'ALVIN C. HORTEZUELA', '', ''),
(91, 'ALVIN G. ATIENZA', '', ''),
(92, 'ALWYNN P. ARBON', '', ''),
(97, 'AMELYN T. PATIGAYON', '', ''),
(99, 'AMORSOLO B. OSTIQUE', '', ''),
(102, 'ANALIE G. LAMIS', '', ''),
(110, 'ANDREI GLEVE T. PATAJO', '', ''),
(118, 'ANGELA G. SALINAS', '', ''),
(124, 'ANGELO G. ANTIQUE', '', ''),
(125, 'ANGELO P. GASENDO', '', ''),
(128, 'ANITA G. PAEL', '', ''),
(133, 'ANNIVIE Q. YANGSON', '', ''),
(143, 'ANTHONY G. DIANSON', '', ''),
(144, 'ANTONIETA I. GELA', '', ''),
(151, 'ANTONIO A. PASIGUE', '', ''),
(152, 'ANTONIO S. AGUILAR JR', '', ''),
(153, 'ANTONIO S. BERTOSO JR', '', ''),
(154, 'ANVELYN M. PEROL', '', ''),
(156, 'APRIL MARIE B. PACAÑA', '', ''),
(164, 'ARCHIE LEONID T. TIJING', '', ''),
(165, 'ARELIANO B. AMAMAG-ID', '', ''),
(166, 'ARGEL JOSEPH L. PIÑERO', '', ''),
(172, 'ARIEL R. SALAW', '', ''),
(173, 'ARIEL S. RODRIGUEZ SR.', '', ''),
(181, 'ARMANDO P. DELA CRUZ', '', ''),
(182, 'ARMEGILDO B. AGDON', '', ''),
(183, 'ARMELY MARIE C. BALUCOS', '', ''),
(184, 'ARMIN A. QUARTERO', '', ''),
(187, 'ARNEL ANTONIO Q. GOTLADERA', '', ''),
(189, 'ARNEL T. QUINDO', '', ''),
(195, 'ARNOLD B. TORREQUEMADA', '', ''),
(196, 'ARNOLD M. MENDEZ', '', ''),
(197, 'ARTAGNAN S. PINILI', '', ''),
(198, 'ARTEMIO C. SOLAMILLO', '', ''),
(199, 'ARTHUR S. HOYOHOY', '', ''),
(202, 'ARVIN L. JAMANDRON', '', ''),
(207, 'ATILANO JUDE S. CABANGAL', '', ''),
(212, 'AXEL B. ALCANTARA', '', ''),
(221, 'BENJAMIN ARSENIO T. FLORES', '', ''),
(227, 'BERNADITA D. TRAYVILLA', '', ''),
(228, 'BERNANDINO B. BUSMION', '', ''),
(231, 'BERNARDO A. ACABAL', '', ''),
(235, 'BERTULFO E. BALTERO', '', ''),
(237, 'BIENVINIDA S. DANDAN', '', ''),
(240, 'BOB G. PORTUGALEZA', '', ''),
(241, 'BOBBY Q. GRACIADAS', '', ''),
(249, 'BRENDO F. SARAÑA', '', ''),
(252, 'BRIAN S. CADUNGOG', '', ''),
(253, 'BRYAN RAUL T. TIJING', '', ''),
(256, 'BUENSOCESO T. TORALDE JR.', '', ''),
(261, 'CAREN S. BORRIS', '', ''),
(266, 'CARLITO D. CABASAG', '', ''),
(267, 'CARLITO D. DELA CRUZ', '', ''),
(269, 'CARLO S. GELVORIA', '', ''),
(271, 'CARMELITA Y. OGOC', '', ''),
(272, 'CARMEN C. DAGONDON', '', ''),
(274, 'CARMILLE M. ESPAÑOLA', '', ''),
(278, 'CAROLYN S. CABARON', '', ''),
(279, 'CASIMERO T. CUBID JR', '', ''),
(284, 'CATALINO C. ELUM', '', ''),
(286, 'CATHERINE I. VISTA', '', ''),
(290, 'CECILE J. SAGANG', '', ''),
(292, 'CECILIO P. QUIJANO', '', ''),
(298, 'CERILO M. TOLOSA SR', '', ''),
(304, 'CHANDILYN C. GASENDO', '', ''),
(306, 'CHARINA MAY T. JARDINIANO', '', ''),
(312, 'CHARLIE T. BACOR', '', ''),
(319, 'CHENELEEN A. FERANIEL', '', ''),
(320, 'CHERIE MAE C. BOLADOLA', '', ''),
(322, 'CHESTER C. VILLAMIL', '', ''),
(324, 'CHONA S. AMBO', '', ''),
(326, 'CHRISTIAN KIT M. CONIENDO', '', ''),
(331, 'CHRISTINE M. NALAM', '', ''),
(332, 'CHRISTINE M. TENEFRANCIA', '', ''),
(340, 'CHRISTOPHER D. SEDILLO', '', ''),
(341, 'CHRISTOPHER G. ABRASALDO', '', ''),
(342, 'CHRISTOPHER S. YURONG', '', ''),
(345, 'CHRISTY B. DIANSON', '', ''),
(347, 'CHUCHO V. CORDEVILLA', '', ''),
(348, 'CINDY H. SALIMBAGAT', '', ''),
(349, 'CLARENCE T. GERSAN', '', ''),
(353, 'CLIFF WILLINS B. TIGBAO', '', ''),
(355, 'CLYDE G. ANTIQUE', '', ''),
(357, 'COLEEN C. FERIL', '', ''),
(361, 'CONTEZA T. GERSAN', '', ''),
(364, 'CORAZON P. LIRAZAN', '', ''),
(365, 'CORNELIO S. MURALLA', '', ''),
(370, 'CRISOSTOMO B. PARAOHAO', '', ''),
(377, 'DAISY ANN R. SOL', '', ''),
(378, 'DAISY D. QUIO', '', ''),
(380, 'DANA RHYS V. GAKO', '', ''),
(381, 'DANAH .. ALMAGRO', '', ''),
(383, 'DANAH ALBHI JAY A. CREDO', '', ''),
(386, 'DANELL M. FERNANDEZ', '', ''),
(389, 'DANIEL C. HOBRO', '', ''),
(398, 'DANILO B. PINANONANG', '', ''),
(399, 'DANILO D. EMPINADO', '', ''),
(400, 'DANILO G. LAMIS SR.', '', ''),
(402, 'DANIVER G. VALE', '', ''),
(419, 'DAVID G. PACLAUNA', '', ''),
(424, 'DEDITO E. PRAC', '', ''),
(425, 'DEEVI COREN S. YAP', '', ''),
(426, 'DELIA M. BELLERA', '', ''),
(427, 'DELIA R. ESNARDO', '', ''),
(431, 'DEMETRIO S. OCCEÑA', '', ''),
(437, 'DENNIS G. MONTAÑO', '', ''),
(444, 'DEXTER C. JAMANDRON', '', ''),
(450, 'DINDO M. CADIAO', '', ''),
(456, 'DIORLAN J. NICOLAS', '', ''),
(457, 'DIOSAN T. TATON', '', ''),
(460, 'DIXIE V. PINANONANG', '', ''),
(465, 'DOMINIC A. DEVELOS', '', ''),
(466, 'DON A. ILAGAN', '', ''),
(467, 'DON JOHN M. JAMIN', '', ''),
(469, 'DONALD B. NORICO', '', ''),
(470, 'DONALD B. TUBIO', '', ''),
(472, 'DONNA MARIE M. VILLARBA', '', ''),
(474, 'DOREEN E. SENO', '', ''),
(475, 'DORIS GAY S. TORRED', '', ''),
(476, 'DOUGLAS MAC ARTHUR DANELO T. TIJING', '', ''),
(480, 'EARL T. ORTALIZ SR', '', ''),
(481, 'EARL T. TEOLOGIO', '', ''),
(482, 'EDALIN L. DACULA', '', ''),
(485, 'EDELYN F. FERRAREN', '', ''),
(490, 'EDGAR M. BULISIG SR', '', ''),
(491, 'EDGAR M. FLORES', '', ''),
(492, 'EDGAR S. TENEFRANCIA JR.', '', ''),
(495, 'EDGARDO A. ALVIOLA', '', ''),
(496, 'EDGARDO B. CACAS', '', ''),
(497, 'EDGARDO D. CABASAG', '', ''),
(498, 'EDGARDO G. LOCSIN', '', ''),
(500, 'EDILBERITO B. EURAOBA II', '', ''),
(502, 'EDILBERTO A. LANGUIDO', '', ''),
(511, 'EDRELYN A. TRAYVILLA', '', ''),
(516, 'EDUARDO D. ABRAHAM', '', ''),
(519, 'EDUARDO T. VILLARTA JR.', '', ''),
(522, 'EDWARD RYAN C. TORREDA', '', ''),
(527, 'EDWIN D. TRAYVILLA', '', ''),
(528, 'EDWIN E. ZUNIEGA', '', ''),
(529, 'EDWIN R. SILVA', '', ''),
(530, 'EDWIN S. TUMALE', '', ''),
(531, 'EDWIN T. HIBIONADA', '', ''),
(535, 'EFREN M. TUISA', '', ''),
(536, 'EFREN T. MARO', '', ''),
(539, 'EILEEN A. DOLALAS', '', ''),
(545, 'ELENA A. TABORADA', '', ''),
(546, 'ELENITA M. MARTINEZ', '', ''),
(548, 'ELGEN L. MORILLO', '', ''),
(552, 'ELIZA T. NORICO', '', ''),
(554, 'ELIZABETH L. OMOYON', '', ''),
(568, 'ELVIE CARMEL A. TIGMO', '', ''),
(571, 'EMA LOU A. VALDEHUEZA', '', ''),
(576, 'EMERALD A. BARRON', '', ''),
(579, 'EMILIO G. OCTAVIANO JR.', '', ''),
(587, 'EMMANUEL B. MELENDRES', '', ''),
(588, 'EMMANUEL C. OMONDANG', '', ''),
(590, 'EMMEROSE O. GALABAY', '', ''),
(592, 'ENRICO P. PANALIGAN', '', ''),
(593, 'ENRIDE V. OLMOGUEZ', '', ''),
(596, 'EPIFANIO M. FLORES', '', ''),
(598, 'ERENIE D. ALEGRIA', '', ''),
(602, 'ERIC M. BABOR', '', ''),
(603, 'ERIC O. TORRES', '', ''),
(604, 'ERIC R. HERRERO', '', ''),
(607, 'ERJIEN R. TENEFRANCIA', '', ''),
(608, 'ERLUVIMIE F. MANGUILIMOTAN', '', ''),
(616, 'ERNESTO N. MARTINEZ JR', '', ''),
(618, 'ERNESTO T. QUINDO', '', ''),
(619, 'ERNESTO T. TIJING', '', ''),
(627, 'ERWIN D. TRAYVILLA', '', ''),
(628, 'ERWIN ED R. TIJING', '', ''),
(630, 'ERWIN K. VILLAREAL', '', ''),
(631, 'ERWIN L. DOLAR', '', ''),
(632, 'ESAR V. ABRASALDO', '', ''),
(634, 'ESPERIDION S. GALIDO', '', ''),
(636, 'ESTERIO R. ADANZA JR', '', ''),
(637, 'ETHEL B. SAJULLA', '', ''),
(639, 'ETHEL T. ABRASALDO', '', ''),
(645, 'EUGENE O. SARINO', '', ''),
(646, 'EUGENE P. DUKA', '', ''),
(647, 'EUGENE P. GASENDO', '', ''),
(648, 'EUGENE RUSTICO T. TORRENTO', '', ''),
(652, 'EVA G. PORTUGALEZA', '', ''),
(655, 'EVANGELINE C. CABUAL', '', ''),
(656, 'EVANGELINE P. CAÑA', '', ''),
(664, 'FAITH A. NAPIGKIT', '', ''),
(666, 'FAITH Q. ALVARAN', '', ''),
(669, 'FE JANET B. JOSEPH', '', ''),
(673, 'FEIRWIND S. CUENCA', '', ''),
(681, 'FELIX D. QUITOY', '', ''),
(692, 'FEVIE S. TITO', '', ''),
(693, 'FIAH LEONOR B. CERRADO', '', ''),
(694, 'FIDEL P. PINANONANG', '', ''),
(698, 'FLORANTE M. ARCON', '', ''),
(702, 'FLORDELIZA P. AGUILAR', '', ''),
(703, 'FLORENCIO P. MONTES', '', ''),
(705, 'FLORITO A. MINDAC', '', ''),
(706, 'FORTUNATO A. VIAJE', '', ''),
(714, 'FRANCISCO C. OPAMIN', '', ''),
(715, 'FRANCISCO I. JALBUNA', '', ''),
(716, 'FRANCISO S. YAESO', '', ''),
(724, 'FRED IAN T. TRAYVILLA', '', ''),
(726, 'FREDELYN T. MORGADO', '', ''),
(727, 'FREDERICK I. DUMAT-OL', '', ''),
(728, 'FREDERICK V. PADILLA', '', ''),
(731, 'GALILEO T. TALEON', '', ''),
(734, 'GARRY B. INGAN', '', ''),
(735, 'GARRY C. TUALE', '', ''),
(737, 'GAUDENCIO D. GARGANIAN II', '', ''),
(741, 'GELDA T. TUALE', '', ''),
(743, 'GEMIMA T. TEOLOGIO', '', ''),
(745, 'GEMMA G. SUMALPONG', '', ''),
(752, 'GEOFREY V. BOLTIADOR', '', ''),
(755, 'GEORGE B. TENTATIVA JR.', '', ''),
(757, 'GEORGE MARTINO B. TORREDA', '', ''),
(760, 'GERALD P. TUVILLA', '', ''),
(761, 'GERALDINE T. CAPULSO', '', ''),
(762, 'GERARD GERRY A. DUHAYLUNGSOD', '', ''),
(766, 'GERARDO A. ILAGAN JR.', '', ''),
(767, 'GERARDO J. QUISQUIS', '', ''),
(768, 'GERARDO P. GELERA', '', ''),
(770, 'GERLYN L. BANDOJO', '', ''),
(774, 'GHLENN J. VILLAMIL', '', ''),
(776, 'GIENEX JOHN F. CAÑEDO', '', ''),
(778, 'GIL RHOY A. DELA CRUZ', '', ''),
(782, 'GILDA B. RICOMONO', '', ''),
(790, 'GLECILE A. ALUM', '', ''),
(796, 'GLETCHEN ANNE T. PATAJO', '', ''),
(802, 'GONZALO S. MELODIA II', '', ''),
(804, 'GRACELYN C. BUCOL', '', ''),
(814, 'GUILLERMO A. TIGMO JR.', '', ''),
(817, 'HAMILTON .. GALON', '', ''),
(818, 'HANNAH LUE O. TIJING', '', ''),
(819, 'HANNAH Z. GUTIERREZ', '', ''),
(826, 'HAZEL MAE C. BUCAD', '', ''),
(834, 'HENRY A. MAHINAY SR', '', ''),
(835, 'HENRY D. VILLAFLOR', '', ''),
(836, 'HENRY E. CARREON JR', '', ''),
(838, 'HENRY T. TUBESA', '', ''),
(840, 'HERBERT Q. HAMSIRANI', '', ''),
(841, 'HERBIE P. PRESTIN', '', ''),
(846, 'HERMINIGILDO A. FERNANDEZ', '', ''),
(847, 'HERMINIO A. PATANAO JR.', '', ''),
(851, 'HOLLYN FE V. CAMARILLO', '', ''),
(852, 'HONEY LYN Q. TONOGBANUA', '', ''),
(860, 'IAN BUTCH V. SALA', '', ''),
(861, 'IAN K. CERRADO', '', ''),
(864, 'IGNACIO T. LAZARTE', '', ''),
(866, 'ILDEFONSO J. TORRED', '', ''),
(868, 'IMELDA R. TANGENTE', '', ''),
(869, 'IMELDA T. GABUYA', '', ''),
(872, 'ION JOSEPH T. BOLLOS', '', ''),
(873, 'IREL F. MANANSALA', '', ''),
(875, 'IRENEO Y. MIJARES JR', '', ''),
(879, 'IRVIN R. CABANO', '', ''),
(882, 'ISIDRITA E. ALANANO', '', ''),
(883, 'ISMAEL P. MARTINEZ', '', ''),
(888, 'IVY D. DAGODOG', '', ''),
(893, 'JAIME C. SOMERANO', '', ''),
(894, 'JAIME P. BAYOGUIÑA', '', ''),
(895, 'JAIME P. GELERA', '', ''),
(898, 'JAME A. TURCO', '', ''),
(908, 'JANDY P. BITO-ON', '', ''),
(920, 'JASMINE T. CATALAN', '', ''),
(922, 'JAVIER V. ABRASALDO JR', '', ''),
(926, 'JAY F. TAYCO', '', ''),
(928, 'JAY N. ENTAC', '', ''),
(935, 'JEANIE T. KUNG', '', ''),
(942, 'JEFFERSON M. CALDA SR', '', ''),
(943, 'JEFFREY C. ALBINA', '', ''),
(946, 'JEGER .. ZAMORA', '', ''),
(949, 'JEMIMAH N. ELMIDO', '', ''),
(953, 'JENETTE B. HOYOHOY', '', ''),
(957, 'JENNIFER A. DIAO', '', ''),
(959, 'JENNIFER E. TAYCO', '', ''),
(965, 'JENUS T. VERGARA', '', ''),
(969, 'JEREMIAS C. GALLO', '', ''),
(972, 'JERIC P. GAÑEDA', '', ''),
(977, 'JEROME ADRIANNE B. MISSION', '', ''),
(982, 'JERRY C. RENDON', '', ''),
(988, 'JESOSIMA M. FABELLA', '', ''),
(990, 'JESSEL MARIE B. ALINGCOMOT', '', ''),
(993, 'JESSIE JAMES B. TENTATIVA', '', ''),
(994, 'JESSIE L. GARABATO', '', ''),
(995, 'JESSIE P. MOLEÑO', '', ''),
(996, 'JESTER V. QUINIQUITO', '', ''),
(998, 'JESUS A. DELOS SANTOS', '', ''),
(1009, 'JIMMY M. ALCE', '', ''),
(1010, 'JIMMY M. CAÑALES JR.', '', ''),
(1012, 'JIMMY R. ORAÑO', '', ''),
(1013, 'JINKY V. VILLANUEVA', '', ''),
(1017, 'JOANN T. HIBIONADA', '', ''),
(1020, 'JOANNE OWENA I. JORDAN', '', ''),
(1022, 'JOAQUIN M. BEJASA JR', '', ''),
(1025, 'JOCELYN D. SAGANG', '', ''),
(1044, 'JOEL B. MARCELINO', '', ''),
(1045, 'JOEL D. BUENAVISTA', '', ''),
(1047, 'JOEL P. BATERNA', '', ''),
(1048, 'JOEL T. ACIBO', '', ''),
(1051, 'JOEMAR .. ESPANIOLA', '', ''),
(1054, 'JOEMAR B. EMBODO', '', ''),
(1055, 'JOEMAR E. CRISOSTOMO', '', ''),
(1057, 'JOEMARIE C. TITO', '', ''),
(1058, 'JOEMIL E. PARTOSA', '', ''),
(1059, 'JOENIL E. MARTINEZ', '', ''),
(1060, 'JOESITA V. ABRASALDO', '', ''),
(1065, 'JOHANNE MAE B. BELINGAN', '', ''),
(1073, 'JOHN JIGGER G. TAMPIOC', '', ''),
(1085, 'JOHN WINSTON G. PANCHO', '', ''),
(1087, 'JOHNJAY F. JAMANDRON', '', ''),
(1089, 'JOHNNY S. NARCISO', '', ''),
(1091, 'JOHNREY T. GARAY', '', ''),
(1094, 'JOIE ANN T. SARADAT', '', ''),
(1106, 'JONALYN G. VELASCO', '', ''),
(1108, 'JONAS M. TRIAS', '', ''),
(1112, 'JONATHAN A. GERALDE', '', ''),
(1113, 'JONATHAN E. OMBOY', '', ''),
(1114, 'JONATHAN K. BRIONES', '', ''),
(1115, 'JONATHAN P. TUMLAD', '', ''),
(1116, 'JONATHAN T. RUSIANA', '', ''),
(1117, 'JONELYN G. OJASTRO', '', ''),
(1122, 'JORAMI L. CANOY', '', ''),
(1126, 'JORGELYN A. CORTEZ', '', ''),
(1130, 'JOSE ALI RAY T. DOLALAS', '', ''),
(1131, 'JOSE BEBSY B. ESTORCO', '', ''),
(1132, 'JOSE ERVIC Q. OJEÑOS', '', ''),
(1136, 'JOSE RENANTE A. ARQUIO', '', ''),
(1137, 'JOSE ROMEL P. RODRIGUEZ', '', ''),
(1138, 'JOSE ROSARIO D. TIAMPONG', '', ''),
(1141, 'JOSE ZALDY P. REYES', '', ''),
(1142, 'JOSECHO G. ROSADO JR', '', ''),
(1143, 'JOSECHO K. ROSADO III', '', ''),
(1144, 'JOSELITO B. CLAVERO', '', ''),
(1145, 'JOSELITO L. BRIGOLI', '', ''),
(1154, 'JOSEPH B. CAÑEDO', '', ''),
(1156, 'JOSEPH B. VILLAMIL', '', ''),
(1157, 'JOSEPH CLINT F. DIAO', '', ''),
(1158, 'JOSEPH JOHNSON A. DILAG', '', ''),
(1159, 'JOSEPH O. PALMA', '', ''),
(1160, 'JOSEPH RICHARD Y. VILLAMIL', '', ''),
(1161, 'JOSEPH T. CATALAN', '', ''),
(1162, 'JOSEPHINE B. ORACION', '', ''),
(1163, 'JOSEPHINE C. BALASABAS', '', ''),
(1164, 'JOSEPHINE C. LAGONDI', '', ''),
(1165, 'JOSEPHINE G. HAMOR', '', ''),
(1166, 'JOSEPHINE R. GALVE', '', ''),
(1168, 'JOSIE ANN T. SALAAN', '', ''),
(1169, 'JOSIE JEAN B. MAGTOLIS', '', ''),
(1172, 'JOSUE A. DIPLOMA', '', ''),
(1174, 'JOVELYN V. VALOR', '', ''),
(1180, 'JOWIE J. NATAK', '', ''),
(1184, 'JOY L. VILLEGAS', '', ''),
(1188, 'JUANITA A. PALMA', '', ''),
(1193, 'JUDE ROLAND A. DUHAYLUNGSOD', '', ''),
(1196, 'JUDITH M. TIZON', '', ''),
(1198, 'JUDITH T. DUKA', '', ''),
(1199, 'JUDITH T. MONTECINO', '', ''),
(1200, 'JUDITH V. FRANCO', '', ''),
(1201, 'JUDITHA B. DEMACLID', '', ''),
(1207, 'JULIANA A. LAMIS', '', ''),
(1209, 'JULIE ANN B. QUINANOLA', '', ''),
(1210, 'JULIE L. YAP', '', ''),
(1215, 'JULIETA J. ESPARTERO', '', ''),
(1216, 'JULIETA M. MONTES', '', ''),
(1222, 'JULIUS T. CONIENDO', '', ''),
(1223, 'JULIUS T. ESPARTERO', '', ''),
(1226, 'JULY B. MAGBANUA', '', ''),
(1231, 'JUNE CYRIL F. PASTORFIDE', '', ''),
(1233, 'JUNICH T. ESPARTERO', '', ''),
(1246, 'JUVY D. TUBESA', '', ''),
(1253, 'KAREN SALUD B. GEMINA', '', ''),
(1260, 'KATHY C. BELINGAN', '', ''),
(1263, 'KEN M. CASTRO', '', ''),
(1264, 'KENITH RONAN B. ONG', '', ''),
(1267, 'KENNETH S. ARTES', '', ''),
(1271, 'KEVIN CLYDE S. MARTINEZ', '', ''),
(1275, 'KIM TAKKIE I. TAMPIOC', '', ''),
(1281, 'KRISTINA O. HAMSIRANI', '', ''),
(1291, 'LANDRITO S. TOÑACAO', '', ''),
(1292, 'LANI T. PATAJO', '', ''),
(1295, 'LEA P. TANGENTE', '', ''),
(1296, 'LEA T. TOMIAS', '', ''),
(1298, 'LEALIZ ESTHER A. CARRASCOSO', '', ''),
(1300, 'LEIZEL V. VERGARA', '', ''),
(1301, 'LEIZL C. ALBINA', '', ''),
(1303, 'LEMUEL HONORIO P. BOLLOS', '', ''),
(1305, 'LENEKIE A. GAGA-A', '', ''),
(1308, 'LEOLA JUNE T. TEVES', '', ''),
(1314, 'LEONARDO I. DELOS SANTOS', '', ''),
(1315, 'LEONARDO M. OLORES', '', ''),
(1318, 'LEONIDA V. PALOMARES', '', ''),
(1320, 'LEONIDES R. ALBIA', '', ''),
(1322, 'LEONILA A. LORA', '', ''),
(1324, 'LEOSAM A. ANTONIO', '', ''),
(1326, 'LESTER JAY V. CAMARILLO', '', ''),
(1327, 'LIDO AXEL Q. ALCANTARA', '', ''),
(1330, 'LILIA L. TUVALLES', '', ''),
(1331, 'LILIA O. SILOT', '', ''),
(1337, 'LINNIE T. OBANG', '', ''),
(1340, 'LITO M. LOMONGO', '', ''),
(1341, 'LIWAYWAY J. SALA', '', ''),
(1343, 'LIZA A. PRESTIN', '', ''),
(1345, 'LLOYD E. QUARTERO', '', ''),
(1346, 'LLOYD I. TENEFRANCIA', '', ''),
(1347, 'LOBELLA T. ILAGAN', '', ''),
(1348, 'LODEBER T. BAYNOSA', '', ''),
(1349, 'LOIDA N. TASA', '', ''),
(1355, 'LORE L. CRISOSTOMO', '', ''),
(1357, 'LORELIE T. MIRAFLOR', '', ''),
(1358, 'LORENZO T. MAPUTI', '', ''),
(1359, 'LORETA T. ALINGCOMOT', '', ''),
(1360, 'LORETA TASPIL C. SARIENTAS', '', ''),
(1363, 'LORRAINE L. ZAMORA', '', ''),
(1369, 'LOUVETTE C. TORREDA', '', ''),
(1374, 'LOWELL CARL U. ELMIDO', '', ''),
(1376, 'LUBEN C. CANTO', '', ''),
(1378, 'LUCIANO G. TUMALE II', '', ''),
(1380, 'LUCIANO S. BEHAGAN', '', ''),
(1382, 'LUCILLE V. MARINDA', '', ''),
(1391, 'LUZBELLA T. SORIA', '', ''),
(1392, 'LYANADA FEIAM F. AGUILAR', '', ''),
(1396, 'LYSTER D. TRAYVILLA', '', ''),
(1398, 'MA. ACELA D. ESPARTERO', '', ''),
(1399, 'MA. ANGELES LOURES R. LOJERA', '', ''),
(1402, 'MA. CLARETTE T. BALASABAS', '', ''),
(1403, 'MA. DESIREE B. YEE', '', ''),
(1404, 'MA. ELAINE T. PAPELERAS', '', ''),
(1407, 'MA. GINA S. GAREZA', '', ''),
(1410, 'MA. ISABEL B. AUNGON', '', ''),
(1411, 'MA. ISABELITA I. TENEFRANCIA', '', ''),
(1412, 'MA. JEZEBEL G. ESTIÑOSO', '', ''),
(1413, 'MA. LEDYLYN P. ENTAC', '', ''),
(1414, 'MA. ROSA C. ABORIDO', '', ''),
(1416, 'MA. SUSAN B. ALMAGRO', '', ''),
(1417, 'MA. VIVIEN D. ARAGON', '', ''),
(1418, 'MAE ANN M. NALUA', '', ''),
(1422, 'MAMERTO Q. VALOR', '', ''),
(1423, 'MANOLITO T. GEMIRA', '', ''),
(1426, 'MANUEL C. TORREDA II', '', ''),
(1428, 'MANUELITO M. BAJAS', '', ''),
(1431, 'MARC WAYNE P. CATAN', '', ''),
(1434, 'MARCELINO M. INGAN', '', ''),
(1435, 'MARCHITA P. TUALE', '', ''),
(1438, 'MARGARITO D. ATIENZA', '', ''),
(1439, 'MARGIE A. PASTORFIDE', '', ''),
(1443, 'MARIA ANGELICA A. QUIANZO', '', ''),
(1445, 'MARIA CARMEN T. ELNAR', '', ''),
(1446, 'MARIA CRISTY S. RABANES', '', ''),
(1447, 'MARIA E. VALOR', '', ''),
(1448, 'MARIA ELENA P. LLENA', '', ''),
(1449, 'MARIA FLORA C. EGANG', '', ''),
(1451, 'MARIA JAINIE T. NARIO', '', ''),
(1452, 'MARIA JANSSEN A. EUMAGUE', '', ''),
(1453, 'MARIA JUVELYN A. TOLENTINO', '', ''),
(1455, 'MARIA LOURDES G. FRANCISCO', '', ''),
(1458, 'MARIA NOVA E. AMILER', '', ''),
(1459, 'MARIA SHEILA N. ACABAL', '', ''),
(1460, 'MARIA SHEILA S. TORRILLO', '', ''),
(1461, 'MARIA STELLA GERALYN A. QUINDO', '', ''),
(1462, 'MARIA THERESA E. BAYOT', '', ''),
(1471, 'MARICEL D. PEROCHO', '', ''),
(1472, 'MARICHEL M. CAROPE', '', ''),
(1474, 'MARICON C. GANTALAO', '', ''),
(1476, 'MARICRIS G. BERTOSO', '', ''),
(1477, 'MARIE CHERYL T. NALAM', '', ''),
(1478, 'MARIE JOY B. MOLEÑO', '', ''),
(1483, 'MARIFEL F. CARAMPATANA', '', ''),
(1488, 'MARILYN Z. LEE', '', ''),
(1492, 'MARIO DHARDY J. ALCAZAR', '', ''),
(1493, 'MARIO ECHELON ED R. TIJING', '', ''),
(1494, 'MARIO JENREX E. PARTOSA', '', ''),
(1495, 'MARIO OLIVER R. ESPARTERO', '', ''),
(1496, 'MARIO S. SARDOVIA', '', ''),
(1499, 'MARISSA G. GIDAYA', '', ''),
(1501, 'MARIVIC G. PINANONANG', '', ''),
(1502, 'MARIVIC G. SALCEDO', '', ''),
(1506, 'MARK .. UMENGAN', '', ''),
(1513, 'MARK FIDENCIO L. AURELIA', '', ''),
(1517, 'MARK NOEL L. AGUIRRE', '', ''),
(1519, 'MARK V. BELINGAN', '', ''),
(1520, 'MARK VINCENT R. ESCALONA', '', ''),
(1526, 'MARLON A. DUHAYLUNGSOD', '', ''),
(1527, 'MARLON P. BAYOGUIÑA', '', ''),
(1541, 'MARY ANN C. MONGCAL', '', ''),
(1543, 'MARY ANN T. BONGAPAT', '', ''),
(1545, 'MARY DECEE B. RIZADA', '', ''),
(1547, 'MARY GRACE T. NOSAL', '', ''),
(1548, 'MARY JEAN C. AMOR', '', ''),
(1549, 'MARY JEAN C. MORTILLERO', '', ''),
(1555, 'MAY MARGARET P. CATARATA', '', ''),
(1556, 'MAYO B. MORTILLERO', '', ''),
(1557, 'MEDELYN M. BONGHAY', '', ''),
(1562, 'MELINDA GRACE M. CARBALLO', '', ''),
(1563, 'MELISSA MEE M. VILLAMIL', '', ''),
(1564, 'MELIZA C. TABORADA', '', ''),
(1565, 'MELODY M. DELOS SANTOS', '', ''),
(1566, 'MELVIC E. BAYOGUIÑA', '', ''),
(1568, 'MEMA B. TUVALLES', '', ''),
(1569, 'MENCHU V. TORALDE', '', ''),
(1577, 'MERLITA R. GAUDIEL', '', ''),
(1579, 'MERLYN G. MAPUTI', '', ''),
(1580, 'MERRY GAIL P. LINIHAN', '', ''),
(1581, 'MICA JOY L. ALBIA', '', ''),
(1594, 'MICHEL V. PADPAD', '', ''),
(1596, 'MIE ANN A. LASPIÑAS', '', ''),
(1602, 'MILA D. VILLANUEVA', '', ''),
(1603, 'MILCYN C. MATURAN', '', ''),
(1604, 'MILDRED FE U. DORIA', '', ''),
(1605, 'MILDRED V. BLANCO', '', ''),
(1606, 'MIRASOL A. VENDIOLA', '', ''),
(1607, 'MIRASOL L. BELONGHILOT', '', ''),
(1608, 'MITZIE L. DELA TORRE', '', ''),
(1609, 'MONALIZA V. TIJING', '', ''),
(1610, 'MONICA M. DELA CRUZ', '', ''),
(1611, 'MONICO GALEN E. BOLLOS JR.', '', ''),
(1613, 'MUTYA CONCEPCION L. BRETAÑA', '', ''),
(1615, 'MYRCHIELYN L. TAMPIOC', '', ''),
(1617, 'NANCY T. SALVA', '', ''),
(1618, 'NANCY T. VALENCIA', '', ''),
(1619, 'NAPOLEON M. CAPULSO JR.', '', ''),
(1620, 'NARCISO N. CASIPONG', '', ''),
(1621, 'NARDITO S. EMPERADO', '', ''),
(1624, 'NEAL OLIVER A. CARAIG', '', ''),
(1625, 'NEDEL C. JALANDONI', '', ''),
(1626, 'NEFREDO CAMILO A. VILLARUBIA', '', ''),
(1629, 'NEJEL L. ESTREBELLA', '', ''),
(1630, 'NELIA L. ARNAIZ', '', ''),
(1639, 'NELSON A. MASAYON', '', ''),
(1640, 'NELSON P. PANDAGANI', '', ''),
(1641, 'NELSON T. ROMBINEZ', '', ''),
(1642, 'NELVIE L. CUBID', '', ''),
(1647, 'NENITA G. NORICO', '', ''),
(1648, 'NERISSA T. CASELA', '', ''),
(1652, 'NESTOR N. ESPANTE', '', ''),
(1654, 'NEZEL R. CALINGACION', '', ''),
(1657, 'NICANOR REY T. MENDIOLA III', '', ''),
(1658, 'NICHOL T. ALCAZAR', '', ''),
(1659, 'NICO ANGELO L. LIM', '', ''),
(1664, 'NICOLAS O. ELEMIA', '', ''),
(1665, 'NIDA M. BALDOMERO', '', ''),
(1666, 'NIKKA SOLIEL T. SORIA', '', ''),
(1668, 'NILFA I. MALANA', '', ''),
(1669, 'NILO .. INGAN', '', ''),
(1670, 'NILON C. BAYATON', '', ''),
(1672, 'NIÑO N. ONTAL', '', ''),
(1675, 'NIXON M. PINANONANG', '', ''),
(1683, 'NOEL B. HAMOR', '', ''),
(1684, 'NOEL D. BANOGON', '', ''),
(1685, 'NOEL I. TOLENTIN', '', ''),
(1686, 'NOEL L. ESTREBELLA', '', ''),
(1688, 'NOEL T. QUINDO', '', ''),
(1689, 'NOELITO T. DINAPO', '', ''),
(1690, 'NOEMI T. PANTALITA', '', ''),
(1691, 'NOLAN E. MONCAL JR', '', ''),
(1695, 'NORBERTO G. SUEP', '', ''),
(1698, 'NOVA V. PIÑERO', '', ''),
(1702, 'NYMPHA L. RIDAD', '', ''),
(1703, 'OFELIA B. VISTA', '', ''),
(1704, 'OLIBETH C. SUETA', '', ''),
(1707, 'OLIVER S. OGOC', '', ''),
(1708, 'OPHELIA URIKA R. TRINIDAD', '', ''),
(1712, 'OSCAR A. DUMAT-OL', '', ''),
(1717, 'PACIFICO V. QUINDO III', '', ''),
(1718, 'PACITA T. DELIMA', '', ''),
(1720, 'PAMELA G. DOLALAS', '', ''),
(1729, 'PAUL MARTIN A. BENCALO', '', ''),
(1732, 'PAULINE Y. RAGADA', '', ''),
(1738, 'PERLYN MAR P. ROMBINES', '', ''),
(1745, 'PETER PAUL F. RENACIA', '', ''),
(1746, 'PETER PAUL T. TENEFRANCIA', '', ''),
(1752, 'PLARIDEL R. BACULAD', '', ''),
(1761, 'PRUTO A. BENCALO JR.', '', ''),
(1762, 'PRYDE HENRY A. TEVES', '', ''),
(1764, 'RACHEL B. MONCAL', '', ''),
(1767, 'RACHEL P. TOLEDO', '', ''),
(1770, 'RAFAELA M. PALLORINA', '', ''),
(1772, 'RALPH G. RAGAY', '', ''),
(1778, 'RAMIE A. CANOY', '', ''),
(1781, 'RAMIL A. GINO', '', ''),
(1788, 'RAMON B. TRONCO JR.', '', ''),
(1791, 'RAMON Q. CARBO', '', ''),
(1792, 'RAMON Q. GRACIADAS JR', '', ''),
(1794, 'RAMONITO T. BORRES JR.', '', ''),
(1796, 'RANDOLF T. FERIL', '', ''),
(1800, 'RANDY A. GUIRON', '', ''),
(1805, 'RANIER G. BUEN', '', ''),
(1807, 'RASMER Q. CARBO', '', ''),
(1809, 'RAUL O. MORADOS', '', ''),
(1811, 'RAUL Z. BISABIS', '', ''),
(1812, 'RAY A. FORTIN', '', ''),
(1816, 'RAY T. PAPELERAS', '', ''),
(1822, 'RAYMUNDO F. TUBLE', '', ''),
(1833, 'REGIE D. REPOSO', '', ''),
(1842, 'RENANTE F. SARAÑA', '', ''),
(1844, 'RENATO B. CABEL JR.', '', ''),
(1845, 'RENATO G. CASTRO', '', ''),
(1849, 'RENE B. DUMAT-OL', '', ''),
(1850, 'RENE E. MAGTOLIS', '', ''),
(1852, 'RENE P. PEBIDA', '', ''),
(1853, 'RENE S. GUARDIANO', '', ''),
(1857, 'RENIE R. JAMIN', '', ''),
(1859, 'REPE A. TORREDA', '', ''),
(1861, 'RESRAN BLAIR T. INDAB', '', ''),
(1863, 'RESTITUTO C. BAYATON', '', ''),
(1865, 'RESTITUTO V. QUIÑANOLA', '', ''),
(1872, 'REY A. SENO', '', ''),
(1875, 'REY V. CORDOVA', '', ''),
(1877, 'REYLAND T. GOCIO', '', ''),
(1888, 'REYNALDO E. CRISOSTOMO JR', '', ''),
(1890, 'REYNALDO L. SOLAMILLO', '', ''),
(1892, 'REYNALDO M. VILLARETO', '', ''),
(1895, 'REYNALDO S. BELINGAN', '', ''),
(1897, 'RHONA JEAN P. CORPUZ', '', ''),
(1898, 'RHONA LEE A. GRACIADAS', '', ''),
(1899, 'RHUEL C. MELENDRES', '', ''),
(1904, 'RICARDO C. CARMELOTES', '', ''),
(1905, 'RICARDO I. NODADO', '', ''),
(1906, 'RICARDO M. DONAN', '', ''),
(1914, 'RICHARD G. BANTILAN', '', ''),
(1915, 'RICHARD P. BUCOL', '', ''),
(1916, 'RICHARD V. ENCABO', '', ''),
(1922, 'RICKY G. ABAYON', '', ''),
(1924, 'RICKY L. TEJERO', '', ''),
(1929, 'RIECHO H. PINANONANG', '', ''),
(1931, 'RIGOBERTO .. HERNANI', '', ''),
(1935, 'RITCHIE M. MORTILLERO', '', ''),
(1936, 'RIZA A. EMBORES', '', ''),
(1937, 'RIZALYN S. BANTUG', '', ''),
(1941, 'ROBERT C. TALDE', '', ''),
(1942, 'ROBERT ROBINSON B. CHIONG', '', ''),
(1949, 'ROBERTO B. GALVEZ', '', ''),
(1952, 'ROBERTO D. LUCERO JR.', '', ''),
(1960, 'RODELYN D. SIACOR', '', ''),
(1963, 'RODERICK P. OLAC', '', ''),
(1966, 'RODOLFO M. DONASCO JR.', '', ''),
(1967, 'RODOLFO N. LAPE', '', ''),
(1968, 'RODOLFO S. TEJE JR', '', ''),
(1970, 'RODRIGO N. DELOS REYES JR.', '', ''),
(1978, 'ROEL D. LASPIÑAS', '', ''),
(1980, 'ROEM MELENCIO R. GAMO', '', ''),
(1981, 'ROEVEL IAN T. TALEON', '', ''),
(1990, 'ROGELIO C. LECIRA', '', ''),
(1991, 'ROGELIO E. JUAREZ', '', ''),
(1994, 'ROGELIO Z. VILLANUEVA JR.', '', ''),
(1997, 'ROGER C. TUALE', '', ''),
(2007, 'ROLANDO A. ROMO', '', ''),
(2008, 'ROLANDO B. ALDE', '', ''),
(2010, 'ROLANDO D. BANOGON', '', ''),
(2011, 'ROLANDO E. SALUMAG JR.', '', ''),
(2012, 'ROLANDO G. BALDEVARONA', '', ''),
(2013, 'ROLANDO M. VALENCIA', '', ''),
(2021, 'ROLLY H. ALSON JR.', '', ''),
(2022, 'ROMAN R. RIO', '', ''),
(2025, 'ROMEL B. FERIL', '', ''),
(2026, 'ROMEL L. TUBONGBANUA', '', ''),
(2028, 'ROMELY H. ALSON', '', ''),
(2034, 'ROMEO S. BUENAVISTA', '', ''),
(2035, 'ROMEO V. FERIL', '', ''),
(2036, 'ROMEO V. LALAS', '', ''),
(2044, 'ROMMEL T. LEBRILLA', '', ''),
(2049, 'ROMULO B. FERIL JR.', '', ''),
(2053, 'RONA D. LACSON', '', ''),
(2054, 'RONA O. LAURENTE', '', ''),
(2055, 'RONA V. LERON', '', ''),
(2064, 'RONALD D. ELNAR', '', ''),
(2065, 'RONALD J. TUPINO', '', ''),
(2067, 'RONALDO S. MAÑAGO', '', ''),
(2068, 'RONALDO T. RUSIANA', '', ''),
(2077, 'RONILO C. CARMELOTES', '', ''),
(2079, 'RONILO T. RABANES', '', ''),
(2083, 'RONULFO F. TORREDA', '', ''),
(2089, 'ROSALINDA A. TABILON', '', ''),
(2093, 'ROSE JEAN L. BASILIO', '', ''),
(2094, 'ROSEBELLA M. ANTIQUE', '', ''),
(2101, 'ROSEMARY S. EGANG', '', ''),
(2110, 'ROVILLA V. AMADEO', '', ''),
(2114, 'ROWENA T. CABANBAN', '', ''),
(2115, 'ROWENA V. SUMALPONG', '', ''),
(2118, 'ROY A. BATADLAN', '', ''),
(2123, 'RUBEN C. BUCAD', '', ''),
(2124, 'RUBEN C. DELA ROSA JR.', '', ''),
(2125, 'RUBILYN B. GECONCILLO', '', ''),
(2134, 'RUSSEL IRA B. MELENDRES', '', ''),
(2135, 'RUSSELL T. LOCSIN', '', ''),
(2136, 'RUSTICO L. VALOR', '', ''),
(2137, 'RUSTICO RUSTY T. TIJING II', '', ''),
(2145, 'RYAN T. GAGA-A', '', ''),
(2148, 'SALAM B. BACARAT', '', ''),
(2150, 'SAMUEL A. RIDAD JR', '', ''),
(2155, 'SANTIAGO E. PORLAS', '', ''),
(2157, 'SARITA ALICIA N. ASPAREN', '', ''),
(2158, 'SATURNINO G. ABAYON', '', ''),
(2160, 'SENEN B. VENTULA SR', '', ''),
(2162, 'SERVANDO B. CAMPOS', '', ''),
(2163, 'SHALOME M. MEDINA', '', ''),
(2164, 'SHAREEN M. FLORES', '', ''),
(2165, 'SHARLOU F. JAMIN', '', ''),
(2166, 'SHARMELA C. RIDAD', '', ''),
(2168, 'SHARON B. ALVIOLA', '', ''),
(2169, 'SHEENYBEL T. LUNTAO', '', ''),
(2171, 'SHERMAINE T. FERRAREN', '', ''),
(2172, 'SHERWIN T. FERIL', '', ''),
(2174, 'SHERYL G. ADAPON', '', ''),
(2175, 'SHIELA JEAN G. SOLDEVILLA', '', ''),
(2177, 'SHIELREN N. ALICANTE', '', ''),
(2178, 'SHIRLEY V. PINANONANG', '', ''),
(2180, 'SHYR V. ATAY', '', ''),
(2181, 'SIDNEY G. JALANDONI', '', ''),
(2182, 'SIEGFRED KENT T. UY', '', ''),
(2184, 'SOCORRO V. MELODIA', '', ''),
(2185, 'SONIA D. CUARESMA', '', ''),
(2194, 'STEVE ALLAN O. POLINO', '', ''),
(2196, 'SUSAN A. VARGAS', '', ''),
(2197, 'SUSAN C. LIBO-ON', '', ''),
(2198, 'SUSAN V. ATAY', '', ''),
(2203, 'SYLVIA S. GRACIADAS', '', ''),
(2205, 'TED N. GERIAN', '', ''),
(2206, 'TEDDY B. OJEÑOS', '', ''),
(2207, 'TELESFORO R. GARGANTIEL II', '', ''),
(2208, 'TEODOCIO P. ENTAC', '', ''),
(2213, 'TEODORO P. BAYOGUIÑA JR.', '', ''),
(2214, 'TEOFE CATLEA A. MAPUTY', '', ''),
(2216, 'TEOPISTO D. VISTA JR', '', ''),
(2221, 'TERESITA O. TUAZON', '', ''),
(2222, 'TERESITA V. DAYAONA', '', ''),
(2223, 'TERESITO C. TANGHINAN', '', ''),
(2224, 'TESSIE F. DURAN', '', ''),
(2227, 'THOMAS .. AMOR', '', ''),
(2230, 'TITA M. BAGARINAO', '', ''),
(2232, 'TITUS V. QUIÑANOLA', '', ''),
(2233, 'TOM T. OPEÑA', '', ''),
(2234, 'THOMAS A. RENDON', '', ''),
(2235, 'TRISTAN GOLD T. TORRILLO', '', ''),
(2236, 'TRIXIA MAE V. PATRIMONIO', '', ''),
(2241, 'VAN L. ALVARAN', '', ''),
(2244, 'VANESSA S. BASILISCO', '', ''),
(2246, 'VECENTE M. BERONIO', '', ''),
(2251, 'VERNA I. SALDO', '', ''),
(2252, 'VERNA T. MASAYON', '', ''),
(2253, 'VERONICA GRACE P. MIRAFLOR', '', ''),
(2256, 'VICENTE G. CAYANG', '', ''),
(2258, 'VICENTE T. TORREDA', '', ''),
(2259, 'VICMAR G. RUBIA', '', ''),
(2263, 'VICTOR G. ILAGAN', '', ''),
(2264, 'VICTOR G. SORNILLO', '', ''),
(2265, 'VICTORIA E. DUHAYLUNGSOD', '', ''),
(2269, 'VICTORIANO T. TORALDE JR', '', ''),
(2271, 'VICTORINO H. CADIAO SR.', '', ''),
(2272, 'VICTORIO S. LACSON', '', ''),
(2275, 'VILMA G. JORDAN', '', ''),
(2276, 'VILMA G. RENDON', '', ''),
(2277, 'VINCENT A. NG', '', ''),
(2279, 'VIOLA A. PALALON', '', ''),
(2281, 'VIOLETA A. VILLANUEVA', '', ''),
(2282, 'VIRGELIO T. PAALISBO', '', ''),
(2287, 'VIRGINIA D. LAZARO', '', ''),
(2288, 'VIRGINIA D. SADIASA', '', ''),
(2289, 'VIRGINIA E. MAYAN', '', ''),
(2290, 'VIRLIN T. CALIDGUID', '', ''),
(2291, 'VITALIANITO T. COSEP', '', ''),
(2294, 'VIVIAN B. PACULANANG', '', ''),
(2295, 'VLADIMIR M. REYES', '', ''),
(2297, 'WALTER FLINT F. DIAO', '', ''),
(2299, 'WALTER S. ARCON', '', ''),
(2301, 'WARREN A. PAEL', '', ''),
(2304, 'WAYNE M. NORICO', '', ''),
(2306, 'WAYNEE T. TRAVIÑA', '', ''),
(2307, 'WEMA G. JAMIN', '', ''),
(2309, 'WENCESLAO E. SARA', '', ''),
(2310, 'WENDA B. TUMLAD', '', ''),
(2311, 'WENDELL S. MUÑEZ', '', ''),
(2313, 'WENEFRED T. GAGA-A', '', ''),
(2314, 'WENEFREDO Q. NAVALES', '', ''),
(2316, 'WILDE G. MAPUTY', '', ''),
(2319, 'WILFREDO B. ESTRELLA JR', '', ''),
(2320, 'WILFREDO C. TUALE', '', ''),
(2327, 'WILMA D. GAGA-A', '', ''),
(2328, 'WILMA T. TENAN', '', ''),
(2336, 'WILSON T. ATAY', '', ''),
(2338, 'WINDIE S. TIZON', '', ''),
(2339, 'WINEFREDO A. ONG', '', ''),
(2343, 'YHONIZA V. GOCIO', '', ''),
(2345, 'YUCEL B. VELEZ', '', ''),
(2348, 'ZOTICO I. EGE', '', ''),
(21828, 'HAZEL C. ABELLAR', '', ''),
(22064, 'KAREN THERESE A. VILLAMIL', '', ''),
(22115, 'CHRISTIAN N. CONTEMPLACION', '', ''),
(22116, 'FARLEY L. CATUBIG', '', ''),
(22117, 'JONATHAN A. DIPLOMA', '', ''),
(22118, 'ALBERTO G. TIMOTEO', '', ''),
(22119, 'BERNABE Q. LUZON JR.', '', ''),
(22120, 'THESSA AMOR T. SUMUGAT', '', ''),
(22121, 'JERSON T. ACOSTA', '', ''),
(22122, 'BILLY BON B. TIGBAO', '', ''),
(22123, 'GREMAR Y. GOTLADERA', '', ''),
(22124, 'IDECIL P. GASENDO', '', ''),
(22125, 'EMERALD T. SUETA', '', ''),
(22126, 'CHRISTIAN KIT S. CONIENDO', '', ''),
(22127, 'ERWIN G. DIANSON', '', ''),
(22128, 'RAZEL T. TALLEDO', '', ''),
(22130, 'RODEL L. FERRATER', '', ''),
(22131, 'MARK A. SUMALPONG', '', ''),
(22132, 'ARLYN T. CASTRO', '', ''),
(22133, 'BOLLOS M. T', '', '');

-- --------------------------------------------------------

--
-- Table structure for table `individualassreport`
--

CREATE TABLE `individualassreport` (
  `iar_id` int(11) NOT NULL,
  `employees_id` int(11) NOT NULL
) ENGINE=InnoDB DEFAULT CHARSET=latin1;

--
-- Dumping data for table `individualassreport`
--

INSERT INTO `individualassreport` (`iar_id`, `employees_id`) VALUES
(1, 182),
(2, 152),
(3, 1452),
(4, 124),
(5, 1630),
(6, 1267),
(7, 1665),
(8, 1895),
(9, 872),
(10, 207),
(11, 85),
(12, 761),
(13, 920),
(14, 957),
(15, 2224),
(16, 1374),
(17, 2064),
(18, 284),
(19, 125),
(20, 2205),
(21, 819),
(22, 348),
(23, 2036),
(24, 2054),
(25, 364),
(26, 332),
(27, 664),
(28, 1292),
(29, 1929),
(30, 1772),
(31, 2288),
(32, 745),
(33, 868),
(34, 492),
(35, 607),
(36, 2258),
(37, 648),
(38, 603),
(39, 1460),
(40, 1708),
(41, 1435),
(42, 2221),
(43, 470),
(44, 535),
(45, 1618),
(46, 1047),
(47, 1417),
(48, 2253),
(49, 1231),
(50, 522),
(51, 735),
(52, 631),
(53, 1626),
(54, 873),
(55, 2277),
(56, 472);

-- --------------------------------------------------------

--
-- Table structure for table `ldactivities`
--

CREATE TABLE `ldactivities` (
  `act_id` int(11) NOT NULL,
  `year` smallint(6) NOT NULL,
  `type` text NOT NULL,
  `allocatedBudget` double NOT NULL DEFAULT '0'
) ENGINE=InnoDB DEFAULT CHARSET=latin1;

--
-- Dumping data for table `ldactivities`
--

INSERT INTO `ldactivities` (`act_id`, `year`, `type`, `allocatedBudget`) VALUES
(1, 2018, 'LGU Sponsored Training', 250000),
(2, 2018, 'Capability Development Program', 1000000),
(3, 2019, 'LGU Sponsored Training', 500000),
(4, 2019, 'Capability Development Program', 1000000),
(5, 2017, 'LGU Sponsored Training', 0),
(6, 2017, 'Capability Development Program', 0);

-- --------------------------------------------------------

--
-- Table structure for table `ldactivitieslist`
--

CREATE TABLE `ldactivitieslist` (
  `row_id` int(11) NOT NULL,
  `act_id` int(11) NOT NULL,
  `activityProcess` text,
  `accountablePerson` tinytext,
  `daysNum` tinyint(4) DEFAULT NULL,
  `paxNum` smallint(6) DEFAULT NULL,
  `venue` tinytext,
  `date` tinytext,
  `budget` double DEFAULT NULL,
  `expectedOutputs` text,
  `remarks` text
) ENGINE=InnoDB DEFAULT CHARSET=latin1;

--
-- Dumping data for table `ldactivitieslist`
--

INSERT INTO `ldactivitieslist` (`row_id`, `act_id`, `activityProcess`, `accountablePerson`, `daysNum`, `paxNum`, `venue`, `date`, `budget`, `expectedOutputs`, `remarks`) VALUES
(1, 1, 'New Employees Orientation and Values Formation Seminar-Workshop', 'Maria Janssen A. Eumague', 2, 75, 'Bayawan City', '4/5-6,2018', 25000, 'Familiarization of LGU&#039;s Vision, Mission, Objectives and rules and policies of the LGU', 'List of participants is available'),
(2, 1, 'Positive Attitude in the Workplace Seminar-Workshop', 'Maria Janssen A. Eumague', 1, 70, 'Bayawan City', '3/27/2018', 11200, 'Develop positive attitude at work ', 'List of participants is available'),
(3, 1, 'Customer Service Training', 'Maria Janssen A. Eumague', 2, 100, 'Bayawan City', '4/26-28/2018', 25000, 'Develop customer service skills', 'List of participants is available'),
(4, 1, 'HR Strategic Planning Workshop', 'Veronica Grace P. Miraflor', 2, 15, 'Hinoba-an, Neg. Occ', '5/9-10/2018', 25500, 'Prepare necessary documents for PRIME HRM Level 3 Accreditation', 'List of participants is available'),
(5, 2, 'Positive Attitude in the Workplace Seminar-Workshop', 'Maria Janssen A. Eumague', 1, 70, 'Bayawan City', '3/27/2018', 11200, 'Develop positive attitude at work ', 'List of participants is available'),
(6, 2, 'Technical Writing Workshop', 'Maria Janssen A. Eumague', 1, 60, 'Bayawan City', '5/16/2018', 17100, 'Basics in Technical Writing', 'List of participants is available'),
(7, 2, 'Team Building Seminar-Workshop (City Admin Personnel)', 'Jeremias C. Gallo', 2, 45, 'Bacong, Neg. Or.', '7/6-7/2018', 58900, 'Capacitate Teams to become effective', 'List of participants is available'),
(8, 2, 'Customer Service Seminar-Workshop', 'Veronica Grace P. Miraflor', 2, 100, 'Bayawan City', '8/9-10/2018', 25000, 'How to effectively handle different types of clients', 'List of participants is available'),
(9, 2, 'Leadership Training and Consultancy Services', 'Veronica Grace P. Miraflor', 0, 50, 'Bayawan City', 'August 2018-December 2018', 501664, 'Competency development of personnel handling supervisory functions', 'List of participants is available'),
(10, 2, 'PGS Workshop Session in Preparation for Public Revalida', 'Catalino C. Elum', 2, 16, 'Basay, Neg. Or.', '9/18-19/2018', 29800, 'Consolidation of documents on the major activities and milestones of Bayawan City&#039;s PGS Journey in preparation of the upcoming public revalida on October 2018', 'List of participants is available'),
(11, 2, 'Team Building Seminar-Workshop (City Agriculture Personnel)', 'Cornelio S. Muralla', 2, 50, 'Bacong, Neg. Or.', '10/17-18/2018', 65000, 'Team dynamics and develop interpersonal relationship in the office.', 'List of participants is available'),
(12, 2, 'Team Building Seminar-Workshop (City Budget Personnel)', 'Lani T. Patajo', 2, 20, 'Sipalay, Neg. Occ.', '10/26-27/2018', 38995, 'Team dynamics and develop interpersonal relationship in the office.', 'List of participants is available'),
(13, 2, 'Team Building Seminar-Workshop (BOSS Personnel)', 'Jennifer A. Diao', 2, 37, 'Bacong, Neg. Or.', '11/22-23/2018', 57400, 'Team dynamics and develop interpersonal relationship in the office.', 'List of participants is available'),
(14, 2, 'Team Building Seminar-Workshop (IT Personnel)', 'Riecho Pinanonang', 2, 24, 'Valencia, Neg, Or.', '11/28-29/2018', 33600, 'Team dynamics and develop interpersonal relationship in the office.', 'List of participants is available'),
(15, 2, 'Team Building Seminar-Workshop (City Vet Personnel)', 'Mrs. Nida M. Baldomero', 2, 42, 'Tanjay, Neg. Or.', '12/20-21/2018', 49500, 'Team dynamics and develop interpersonal relationship in the office.', 'List of participants is available'),
(16, 2, 'Strategic Planning Seminar Workshop', 'Mrs. Marchita P. Tuale', 2, 60, 'Bacong, Negros Oriental', '12/6-7/2018', 67000, 'Goals and expectations are set for each section of the department', 'List of participants is available'),
(17, 2, 'SPMS Feedback Session', 'June Cyril F. Pastorfide', 1, 80, 'Bayawan City, Neg. Or.', '12/5/2018', 17300, 'Leveling off the understanding of validators and evaluators in some aspect of performance indicators, measures of performance and the use of Rating Matrix.', 'List of participants is available'),
(18, 4, 'SPMS Special Working Session', 'Veronica Grace P. Miraflor', 1, 50, 'Bayawan City, Neg. Or.', '1/4/2019', 12500, 'Calibration of functions in DPCR/SPCR/IPCR and alignment of AIP to the DPCR', 'List of Participants available'),
(19, 4, 'Leadership Training and Consultancy Services', 'Veronica Grace P. MIraflor', 0, 50, 'Bayawan City, Neg. Or.', 'January -August 2019', 624468, 'Competency development of personnel handling supervisory functions', 'List of Participants available'),
(20, 4, 'Team Building Seminar - Workshop', 'Nida M. Baldomero', 2, 42, 'Kamanggahan Resort, Tanjay Neg. Or.', '02/01-02/2019', 49500, 'Team dynamics and develop interpersonal relationship in the office.', 'List of participants available'),
(21, 3, 'New Employees Orientation and Values Formation Seminar', 'Maria Janssen A. Eumague', 2, 60, 'Julsam\'s Function Hall, Tinago, Bayawan City, Neg. Or.', '03/12-13/2019', 22000, 'Familiarization of LGU Vision and Mission, Rules and Policies and basic customer service', 'Newly hired employees'),
(22, 3, 'Integrity, Transparency, and Accountability in Public Service (ITAPS)', 'George Martino B. Torreda', 1, 57, 'BCC Function Hall, Bayawan City', '6/5/2019', 43300, 'Highest level of integrity, transparency and accountability in the performance of duty.', 'For TWG-LoGIC, Department Heads, Section Heads, City Officials'),
(23, 4, 'SPMS and PRAISE Committee Special Working Session', 'Veronica Grace P. Miraflor', 1, 25, 'Mama Benyang\'s Eatery and Catering Services', '05/07/2019', 8500, 'Guidelines and standards on the grant of ESIB to government employees.', 'PMT and PRAISE Committee Members and Selected Department Heads and Supervisors'),
(24, 4, 'Strategic Planning Workshop', 'Ismael P. Martinez', 2, 43, 'Punta Bulata, Neg. Occ', '05/15-16/2019', 150000, 'Strategies in developing the potentials of Danapa Nature Reserve', 'SP Members and staff'),
(25, 3, 'Public Service Values Seminar-Workshop', 'Maria Janssen A. Eumague', 2, 60, 'Mama Benyang Restaurant, Suba, Bayawan City', '06/19-20/2019', 28200, 'Conflict and Stress Management in the Workplace', ''),
(26, 4, 'LDP - Action Learning Set Meeting (Deliver Module)', 'Veronica Grace P. Miraflor', 2, 60, 'Mama Benyang Restaurant, Suba, Bayawan City', '06/10-11/2019', 21000, 'Sharing of experiences, struggles in delivering tasks, projects, and programs and come up with possible solution', ''),
(27, 3, 'Process Improvement & Strategic Planning Workshop', 'Atilano Jude S. Cabangal', 2, 27, 'Tejero\'s Highland Resort, Valencia, Neg. Or.', '06/20-21/2019', 43200, 'Strengthen dynamics of the team and systematically lay out activities and projects for the rest of the year, resulting to effective and efficient implementation.', 'Office of the Culture, Arts and Heritage, Tourism and Investment Promotions'),
(28, 3, 'Process Improvement and HR Strategic Planning Workshop', 'Veronica Grace P. Miraflor', 2, 30, 'Mactan, Cebu City', '8/22-23/2019', 110200, '3-year HR Development Plan and for PRIME HRM Level III Assessment', 'For HR Personnel');

-- --------------------------------------------------------

--
-- Table structure for table `ldpinhousetrainings`
--

CREATE TABLE `ldpinhousetrainings` (
  `ldpinhousetrainings_id` int(11) NOT NULL,
  `ldplan_id` int(11) NOT NULL,
  `training_id` int(11) NOT NULL,
  `goal` text NOT NULL,
  `numHours` tinyint(4) NOT NULL,
  `participants` text NOT NULL,
  `activities` text NOT NULL,
  `evaluation` text NOT NULL,
  `frequency` tinytext NOT NULL,
  `budgetReq` tinytext NOT NULL,
  `partner` text NOT NULL
) ENGINE=InnoDB DEFAULT CHARSET=latin1;

--
-- Dumping data for table `ldpinhousetrainings`
--

INSERT INTO `ldpinhousetrainings` (`ldpinhousetrainings_id`, `ldplan_id`, `training_id`, `goal`, `numHours`, `participants`, `activities`, `evaluation`, `frequency`, `budgetReq`, `partner`) VALUES
(1, 1, 51, 'Equip employees with tools and techniques in providing good customer service to the public; Improve appreciation on the importance of quality customer service in government.', 16, 'Frontline Service Providers', 'Lecture, workshop, group dynamics', 'Result of written test\nActual application On-the-Job Observation\nEvaluation Forms', 'Year-round (As often as necessary)', '30,000.00 per session', 'LGU-Bayawan City/HRMO'),
(2, 1, 62, 'Build spirit of teamwork that will breathe life and creativity into the organization/department; Increase appreciation of working together as a team in achieving organizational goals and objectives.', 16, 'Employees by department/section/ team', 'Facilitated group discussion, workshop, group dynamics', 'On-the-Job Observation\nEvaluation forms\n', 'Year-round (As often as requested)', '30,000.00 per session', 'Employees by department/section/ team'),
(3, 1, 49, 'Explain what strategic planning is all about and how to implement an effective process in order to create an effective strategic plan; Identify procedures to properly communicate strategic planning ideas; Set goals and expectations for each section of the department.', 16, 'Employees by department/section/ team', 'Lecture, facilitated group discussion, workshop, group dynamics', '- Result of written test\n- Evaluation forms\n', 'Year-round (As often as requested)', '30,000.00 per session', 'Employees by department/section/ team'),
(4, 1, 63, 'Increase knowledge on rights, privileges, duties as public servants', 8, 'Newly hired employees (permanent and casual)', 'Lecture, workshop, group dynamics', 'Result of written test\nEvaluation forms\n', 'Year-round (As often as necessary)', '15,000.00 per session', 'Newly hired employees (permanent and casual)');

-- --------------------------------------------------------

--
-- Table structure for table `ldplan`
--

CREATE TABLE `ldplan` (
  `ldplan_id` int(11) NOT NULL,
  `type` tinytext NOT NULL,
  `year` tinytext NOT NULL
) ENGINE=InnoDB DEFAULT CHARSET=latin1;

--
-- Dumping data for table `ldplan`
--

INSERT INTO `ldplan` (`ldplan_id`, `type`, `year`) VALUES
(1, 'IN-HOUSE TRAININGS', '2017-2019'),
(2, 'LGU SPONSORED TRAININGS', '2017-2019');

-- --------------------------------------------------------

--
-- Table structure for table `ldplgusponsoredtrainings`
--

CREATE TABLE `ldplgusponsoredtrainings` (
  `ldplgusponsoredtrainings_id` int(11) NOT NULL,
  `ldplan_id` int(11) NOT NULL,
  `training_id` int(11) NOT NULL,
  `goal` text NOT NULL,
  `numHours` tinyint(4) NOT NULL,
  `participants` text NOT NULL,
  `activities` text NOT NULL,
  `evaluation` text NOT NULL,
  `frequency` tinytext NOT NULL,
  `budgetReq` tinytext NOT NULL,
  `partner` text NOT NULL
) ENGINE=InnoDB DEFAULT CHARSET=latin1;

--
-- Dumping data for table `ldplgusponsoredtrainings`
--

INSERT INTO `ldplgusponsoredtrainings` (`ldplgusponsoredtrainings_id`, `ldplan_id`, `training_id`, `goal`, `numHours`, `participants`, `activities`, `evaluation`, `frequency`, `budgetReq`, `partner`) VALUES
(1, 2, 64, 'Improve team performance by sharpening their own leadership team development skills; Empowers managers/supervisors become an engaging leader that creates confident, inspired, empowered, and enthusiastic teams! ', 24, 'Department/Section Heads and acting supervisors', 'Lecture, facilitated group discussion, workshop, group dynamics', 'Actual application\nOn-the-Job  Observation\nEvaluation forms\n', 'Semi-Annually', '180,000.00 x 2\n\n360,000.00', 'Open to any LSP'),
(2, 2, 65, 'Increase leadership effectiveness and team\'s performance by cultivating an environment of enthusiasm and commitment; Learn basic concepts and skills in applying the strengths-based approach to developing and enhancing employee engagement in organizations.', 16, 'Managers/supervisors and other high potential employees preparing for supervisory roles', 'Lecture, workshop, group dynamics', '- On-the-Job Observation\n- Evaluation forms\n', 'Semi-Annually', '70,000.00 x 2\n\n140,000.00', 'Open to any LSP\n\n'),
(3, 2, 66, 'Develop the knowledge, attitude, and skills to formulate ideas and solutions to problems and increase motivation, job satisfaction and engagement;', 16, 'All employees', 'Lecture, workshop, group dynamics', '- On-the-Job Observation\n- Evaluation forms\n', 'Semi-Annually', '70,000.00 x 2\n\n140,000.00', 'Open to any LSP'),
(4, 2, 67, 'Empower members of the team (who do the work) to eliminate waste and reduce the burden of work in order to improve the quality and efficiency of service delivery.', 8, 'All employees', 'Lecture, facilitated group discussion, workshop', '- Process Improvement Plan\n- On-the-Job  Observation\n- Evaluation forms\n', 'Semi-Annually', '35,000.00 x 2\n\n70,000.00', 'Open to any LSP'),
(5, 2, 68, 'Define what personal financial management is all about; Determine the structure of a sound financial plan; Help employees commit to financial goals and plan how to get to it', 16, 'All employees', 'Lecture, workshop, ', '- Result of written exam\n- Evaluation forms\n', 'Annually', '70,000.00', 'Open to any LSP'),
(6, 2, 69, 'Learn structured tools and techniques to identify problems, their likely causes, and to propose solutions that will solve the problem and prevent it from recurring. ', 16, 'All employees', 'Lecture, facilitated group discussion', '- Actual application\n- On-the-Job Observation\n- Evaluation forms\n', 'Annually', '70,000.00', 'Open to any LSP'),
(7, 2, 70, 'To upgrade professional writing skills, from the usual business written communication (i.e. letters, memos, e-mails) to more highly specialized documents (i.e. proposals, reports, policies & procedures); Evaluate effective technical writing in terms of clarity, conciseness, accessibility, accuracy, and audience awareness', 16, 'Clerks, Administrative Officers, Supervisors whose work involves the preparation of high technical and specialized documents such as proposals, reports, instruction manuals, and the like', 'Lecture, workshop, group dynamics', '- Actual application\n- On-the-Job Observation\n- Evaluation forms\n', 'Annually', '70,000.00', 'Open to any LSP'),
(8, 2, 71, 'These 7 Habits of Highly Effective People are at the heart of team, organizational, and personal effectiveness. This will help supervisors to effectively lead yourself, influence, engage, and collaborate with others- and continuously improve and renew your capabilities.', 16, 'All employees', 'Lecture, workshop, group dynamics', '- Actual application\n- On-the-Job Observation\n- Evaluation forms\n', 'Annually', '70,000.00', 'Open to any LSP'),
(9, 2, 41, 'To develop core leadership skills, knowledge, and behaviours to enable  your supervisors to effectively manage and lead a team and help them achieve vision and objectives of the organization.', 0, 'Department Heads and Supervisors', 'Lecture, facilitated group discussion, skill building sessions', '- Actual application\n- On-the-Job Observation\n- Evaluation forms\n', 'Annually', '500,000.00', 'Open to any LSP');

-- --------------------------------------------------------

--
-- Table structure for table `matrixindicators`
--

CREATE TABLE `matrixindicators` (
  `mi_id` int(11) NOT NULL,
  `cf_ID` int(11) NOT NULL,
  `mi_succIn` text NOT NULL,
  `mi_quality` text NOT NULL,
  `mi_eff` text NOT NULL,
  `mi_time` text NOT NULL,
  `mi_incharge` text NOT NULL
) ENGINE=InnoDB DEFAULT CHARSET=latin1;

--
-- Dumping data for table `matrixindicators`
--

INSERT INTO `matrixindicators` (`mi_id`, `cf_ID`, `mi_succIn`, `mi_quality`, `mi_eff`, `mi_time`, `mi_incharge`) VALUES
(11, 29, 'All budgetary requirements & limitations complied \n1.) 20% EDF \n2.) 5% CDRRMF\n3.) 2% Discretionary Fund\n4.) GAD Mainstreaming (5%)\n5.) Confidential Fund Limitation\n6.) LCPC (1%)\n7.) Provision for Sr. Citizen / PWD\n8.) Provision for Statutory& Contractual Obligation\n9.)PS Limitation\nAB submitted to SP on Oct. 16, 2019', 'a:6:{i:0;s:0:\"\";i:1;s:0:\"\";i:2;s:0:\"\";i:3;s:0:\"\";i:4;s:0:\"\";i:5;s:0:\"\";}', 'a:6:{i:0;s:0:\"\";i:1;s:0:\"\";i:2;s:22:\"1 or more not complied\";i:3;s:0:\"\";i:4;s:0:\"\";i:5;s:47:\"all budgetary requirements/limitations complied\";}', 'a:6:{i:0;s:0:\"\";i:1;s:0:\"\";i:2;s:24:\"submitted after deadline\";i:3;s:0:\"\";i:4;s:0:\"\";i:5;s:32:\" submitted on or before deadline\";}', '1292'),
(12, 30, 'Actual budget utilization per office prepared accurately & available on May 22.\n\n          \n          ', 'a:6:{i:0;s:0:\"\";i:1;s:15:\"4 or more error\";i:2;s:7:\"3 error\";i:3;s:7:\"2 error\";i:4;s:7:\"1 error\";i:5;s:9:\" No error\";}', 'a:6:{i:0;s:0:\"\";i:1;s:0:\"\";i:2;s:0:\"\";i:3;s:0:\"\";i:4;s:0:\"\";i:5;s:0:\"\";}', 'a:6:{i:0;s:0:\"\";i:1;s:0:\"\";i:2;s:24:\"available after deadline\";i:3;s:0:\"\";i:4;s:0:\"\";i:5;s:31:\"available on or before deadline\";}', '1360'),
(13, 31, 'PS Limitation computed accurately & available on May 31.\n          \n          ', 'a:6:{i:0;s:0:\"\";i:1;s:15:\"4 or more error\";i:2;s:7:\"3 error\";i:3;s:7:\"2 error\";i:4;s:14:\" 1 minor error\";i:5;s:8:\"no error\";}', 'a:6:{i:0;s:0:\"\";i:1;s:0:\"\";i:2;s:0:\"\";i:3;s:0:\"\";i:4;s:0:\"\";i:5;s:0:\"\";}', 'a:6:{i:0;s:0:\"\";i:1;s:0:\"\";i:2;s:24:\"available after deadline\";i:3;s:0:\"\";i:4;s:0:\"\";i:5;s:31:\"available on or before deadline\";}', '1360'),
(14, 32, '\nBudget Ceiling Prepared Accurately &\nAvailable on April 10', 'a:6:{i:0;s:0:\"\";i:1;s:15:\"4 or more error\";i:2;s:7:\"3 error\";i:3;s:7:\"2 error\";i:4;s:7:\"1 error\";i:5;s:8:\"no error\";}', 'a:6:{i:0;s:0:\"\";i:1;s:0:\"\";i:2;s:0:\"\";i:3;s:0:\"\";i:4;s:0:\"\";i:5;s:0:\"\";}', 'a:6:{i:0;s:0:\"\";i:1;s:0:\"\";i:2;s:25:\" available after deadline\";i:3;s:0:\"\";i:4;s:0:\"\";i:5;s:31:\"available on or before deadline\";}', '1360'),
(15, 33, 'PS Budgetary requirement for the ensuing budget year prepared accurately and available on April 10\n          ', 'a:6:{i:0;s:0:\"\";i:1;s:15:\"4 or more error\";i:2;s:7:\"3 error\";i:3;s:7:\"2 error\";i:4;s:13:\"1 minor error\";i:5;s:8:\"no error\";}', 'a:6:{i:0;s:0:\"\";i:1;s:0:\"\";i:2;s:0:\"\";i:3;s:0:\"\";i:4;s:0:\"\";i:5;s:0:\"\";}', 'a:6:{i:0;s:0:\"\";i:1;s:0:\"\";i:2;s:24:\"available after deadline\";i:3;s:0:\"\";i:4;s:0:\"\";i:5;s:31:\"available on or before deadline\";}', '1708'),
(16, 36, 'Minutes prepared with no revision in 3 working days from the conduct of meeting\n          ', 'a:6:{i:0;s:0:\"\";i:1;s:15:\"4 or more error\";i:2;s:7:\"3 error\";i:3;s:7:\"2 error\";i:4;s:7:\"1 error\";i:5;s:8:\"no error\";}', 'a:6:{i:0;s:0:\"\";i:1;s:0:\"\";i:2;s:18:\"incomplete minutes\";i:3;s:0:\"\";i:4;s:0:\"\";i:5;s:25:\"all meetings with minutes\";}', 'a:6:{i:0;s:0:\"\";i:1;s:0:\"\";i:2;s:23:\"available afterdeadline\";i:3;s:0:\"\";i:4;s:0:\"\";i:5;s:31:\"available on or before deadline\";}', '1360'),
(17, 37, 'Annual Budget CY 2020 Cover Designed and Printed accurately; Submitted on or before September 30\n          ', 'a:6:{i:0;s:0:\"\";i:1;s:16:\"4 or more errors\";i:2;s:8:\"3 errors\";i:3;s:8:\"2 errors\";i:4;s:7:\"1 error\";i:5;s:8:\"no error\";}', 'a:6:{i:0;s:0:\"\";i:1;s:0:\"\";i:2;s:0:\"\";i:3;s:0:\"\";i:4;s:0:\"\";i:5;s:0:\"\";}', 'a:6:{i:0;s:0:\"\";i:1;s:0:\"\";i:2;s:24:\"submitted after deadline\";i:3;s:0:\"\";i:4;s:0:\"\";i:5;s:31:\"submitted on or before deadline\";}', '212'),
(18, 38, '\nPowerpoint presentation prepared accurately & ready before Budget hearing.\n', 'a:6:{i:0;s:0:\"\";i:1;s:15:\"4 or more error\";i:2;s:8:\"3 errors\";i:3;s:8:\"2 errors\";i:4;s:7:\"1 error\";i:5;s:8:\"no error\";}', 'a:6:{i:0;s:0:\"\";i:1;s:0:\"\";i:2;s:0:\"\";i:3;s:0:\"\";i:4;s:0:\"\";i:5;s:0:\"\";}', 'a:6:{i:0;s:0:\"\";i:1;s:0:\"\";i:2;s:44:\"ready on the day of scheduled budget hearing\";i:3;s:0:\"\";i:4;s:0:\"\";i:5;s:44:\"-ready a day before scheduled budget hearing\";}', '212'),
(19, 39, 'Annual Budget Message encoded accurately in 3 days from receipt of draft.', 'a:6:{i:0;s:0:\"\";i:1;s:16:\"4 or more errors\";i:2;s:8:\"3 errors\";i:3;s:8:\"2 errors\";i:4;s:7:\"1 error\";i:5;s:8:\"no error\";}', 'a:6:{i:0;s:0:\"\";i:1;s:0:\"\";i:2;s:0:\"\";i:3;s:0:\"\";i:4;s:0:\"\";i:5;s:0:\"\";}', 'a:6:{i:0;s:0:\"\";i:1;s:0:\"\";i:2;s:14:\"after deadline\";i:3;s:0:\"\";i:4;s:0:\"\";i:5;s:21:\"on or before deadline\";}', '212'),
(20, 40, '\nAnnual Budget proposals consolidated accurately & available 15 working days after budget hearing', 'a:6:{i:0;s:0:\"\";i:1;s:16:\"4 or more errors\";i:2;s:8:\"3 errors\";i:3;s:8:\"2 errors\";i:4;s:7:\"1 error\";i:5;s:8:\"no error\";}', 'a:6:{i:0;s:0:\"\";i:1;s:0:\"\";i:2;s:0:\"\";i:3;s:0:\"\";i:4;s:0:\"\";i:5;s:0:\"\";}', 'a:6:{i:0;s:0:\"\";i:1;s:0:\"\";i:2;s:26:\"- available after deadline\";i:3;s:0:\"\";i:4;s:0:\"\";i:5;s:31:\"available on or before deadline\";}', '1708'),
(21, 41, 'LBP Form #1 prepared accurately and available\non or before deadline\n\nLBP Form #6 prepared accurately and available\non or before deadline\n\nLBP Form #7 prepared accurately and available\non or before deadline\n\nLBP Form #2 prepared accurately and available\non or before deadline', 'a:6:{i:0;s:0:\"\";i:1;s:16:\"4 or more errors\";i:2;s:8:\"3 errors\";i:3;s:8:\"2 errors\";i:4;s:7:\"1 error\";i:5;s:8:\"no error\";}', 'a:6:{i:0;s:0:\"\";i:1;s:0:\"\";i:2;s:0:\"\";i:3;s:0:\"\";i:4;s:0:\"\";i:5;s:0:\"\";}', 'a:6:{i:0;s:0:\"\";i:1;s:0:\"\";i:2;s:24:\"available after deadline\";i:3;s:0:\"\";i:4;s:0:\"\";i:5;s:31:\"available on or before deadline\";}', '1708'),
(22, 41, 'LBP Form #2a prepared accurately and available\non or before deadline', 'a:6:{i:0;s:0:\"\";i:1;s:16:\"4 or more errors\";i:2;s:8:\"3 errors\";i:3;s:9:\"2 errors \";i:4;s:7:\"1 error\";i:5;s:8:\"no error\";}', 'a:6:{i:0;s:0:\"\";i:1;s:0:\"\";i:2;s:0:\"\";i:3;s:0:\"\";i:4;s:0:\"\";i:5;s:0:\"\";}', 'a:6:{i:0;s:0:\"\";i:1;s:0:\"\";i:2;s:0:\"\";i:3;s:0:\"\";i:4;s:0:\"\";i:5;s:0:\"\";}', '1360'),
(23, 41, 'LBP Form #4 prepared accurately and available\non or before deadline', 'a:6:{i:0;s:0:\"\";i:1;s:16:\"4 or more errors\";i:2;s:8:\"3 errors\";i:3;s:8:\"2 errors\";i:4;s:7:\"1 error\";i:5;s:8:\"no error\";}', 'a:6:{i:0;s:0:\"\";i:1;s:0:\"\";i:2;s:0:\"\";i:3;s:0:\"\";i:4;s:0:\"\";i:5;s:0:\"\";}', 'a:6:{i:0;s:0:\"\";i:1;s:0:\"\";i:2;s:24:\"available after deadline\";i:3;s:0:\"\";i:4;s:0:\"\";i:5;s:31:\"available on or before deadline\";}', '212'),
(24, 42, '\nLocal Expenditure Program prepared accurately & available on or before deadline.', 'a:6:{i:0;s:0:\"\";i:1;s:16:\"4 or more errors\";i:2;s:8:\"3 errors\";i:3;s:8:\"2 errors\";i:4;s:7:\"1 error\";i:5;s:8:\"no error\";}', 'a:6:{i:0;s:0:\"\";i:1;s:0:\"\";i:2;s:0:\"\";i:3;s:0:\"\";i:4;s:0:\"\";i:5;s:0:\"\";}', 'a:6:{i:0;s:0:\"\";i:1;s:0:\"\";i:2;s:24:\"Available after deadline\";i:3;s:0:\"\";i:4;s:0:\"\";i:5;s:31:\"Available on or before deadline\";}', '1708'),
(25, 43, 'Accurate Annual Budget Completed submitted on October 16.\n', 'a:6:{i:0;s:0:\"\";i:1;s:16:\"4 or more errors\";i:2;s:8:\"3 errors\";i:3;s:8:\"2 errors\";i:4;s:8:\"1 errors\";i:5;s:8:\"no error\";}', 'a:6:{i:0;s:0:\"\";i:1;s:0:\"\";i:2;s:0:\"\";i:3;s:0:\"\";i:4;s:0:\"\";i:5;s:0:\"\";}', 'a:6:{i:0;s:0:\"\";i:1;s:0:\"\";i:2;s:24:\"submitted after deadline\";i:3;s:0:\"\";i:4;s:0:\"\";i:5;s:32:\"submitted on or before deadline \";}', '1360,212,1708'),
(26, 45, '\nAllotment Release Order reviewed accurately and signed on the day received.\n', 'a:6:{i:0;s:0:\"\";i:1;s:16:\"4 or more errors\";i:2;s:8:\"3 errors\";i:3;s:8:\"2 errors\";i:4;s:7:\"1 error\";i:5;s:8:\"no error\";}', 'a:6:{i:0;s:0:\"\";i:1;s:38:\"80% or more signed on the day received\";i:2;s:36:\" 81 - 85% signed on the day received\";i:3;s:36:\" 86 - 90% signed on the day received\";i:4;s:36:\" 91 - 95% signed on the day received\";i:5;s:36:\"96 - 100% signed on the day received\";}', 'a:6:{i:0;s:0:\"\";i:1;s:0:\"\";i:2;s:40:\" Reviewed and signed on the day received\";i:3;s:0:\"\";i:4;s:0:\"\";i:5;s:39:\"Reviewed and signed on the day received\";}', '1292'),
(32, 49, 'asd', 'a:6:{i:0;s:0:\"\";i:1;s:0:\"\";i:2;s:0:\"\";i:3;s:3:\"asd\";i:4;s:2:\"sd\";i:5;s:0:\"\";}', 'a:6:{i:0;s:0:\"\";i:1;s:0:\"\";i:2;s:0:\"\";i:3;s:0:\"\";i:4;s:0:\"\";i:5;s:0:\"\";}', 'a:6:{i:0;s:0:\"\";i:1;s:0:\"\";i:2;s:0:\"\";i:3;s:0:\"\";i:4;s:0:\"\";i:5;s:0:\"\";}', '1292'),
(33, 49, 'asd', 'a:6:{i:0;s:0:\"\";i:1;s:3:\"asd\";i:2;s:0:\"\";i:3;s:3:\"asd\";i:4;s:2:\"as\";i:5;s:0:\"\";}', 'a:6:{i:0;s:0:\"\";i:1;s:0:\"\";i:2;s:0:\"\";i:3;s:0:\"\";i:4;s:0:\"\";i:5;s:0:\"\";}', 'a:6:{i:0;s:0:\"\";i:1;s:0:\"\";i:2;s:0:\"\";i:3;s:0:\"\";i:4;s:0:\"\";i:5;s:0:\"\";}', '1292'),
(35, 50, 'asd', 'a:6:{i:0;s:0:\"\";i:1;s:0:\"\";i:2;s:3:\"asd\";i:3;s:0:\"\";i:4;s:0:\"\";i:5;s:3:\"asd\";}', 'a:6:{i:0;s:0:\"\";i:1;s:0:\"\";i:2;s:0:\"\";i:3;s:0:\"\";i:4;s:0:\"\";i:5;s:0:\"\";}', 'a:6:{i:0;s:0:\"\";i:1;s:0:\"\";i:2;s:0:\"\";i:3;s:0:\"\";i:4;s:0:\"\";i:5;s:0:\"\";}', '1292'),
(37, 52, 'asd', 'a:6:{i:0;s:0:\"\";i:1;s:0:\"\";i:2;s:0:\"\";i:3;s:0:\"\";i:4;s:3:\"asd\";i:5;s:3:\"asd\";}', 'a:6:{i:0;s:0:\"\";i:1;s:0:\"\";i:2;s:0:\"\";i:3;s:0:\"\";i:4;s:0:\"\";i:5;s:0:\"\";}', 'a:6:{i:0;s:0:\"\";i:1;s:0:\"\";i:2;s:0:\"\";i:3;s:0:\"\";i:4;s:0:\"\";i:5;s:0:\"\";}', '1292'),
(38, 53, '100% supplemental budgets are supported with funds & complete accurate documents and re-submitted to SP 3 working days from receipt of Appropriation Ordinance\n\n\n', 'a:6:{i:0;s:0:\"\";i:1;s:16:\"4 or more errors\";i:2;s:8:\"3 errors\";i:3;s:8:\"2 errors\";i:4;s:13:\"1 minor error\";i:5;s:8:\"no Error\";}', 'a:6:{i:0;s:0:\"\";i:1;s:27:\"4 SBs or more not supported\";i:2;s:20:\"3 SBs not supportedp\";i:3;s:19:\"2 SBs not supported\";i:4;s:18:\"1 SB not supported\";i:5;s:28:\"All SBs supported with funds\";}', 'a:6:{i:0;s:0:\"\";i:1;s:0:\"\";i:2;s:26:\"resubmitted after deadline\";i:3;s:0:\"\";i:4;s:0:\"\";i:5;s:33:\"resubmitted on or before deadline\";}', '1292'),
(39, 54, 'Registry of supplemental budget requests maintained accurately and updated in 3 working days upon receipt of source documents', 'a:6:{i:0;s:0:\"\";i:1;s:22:\"2 or more major errors\";i:2;s:13:\"1 major error\";i:3;s:22:\"2 or more minor errors\";i:4;s:13:\"1 minor error\";i:5;s:8:\"no error\";}', 'a:6:{i:0;s:0:\"\";i:1;s:0:\"\";i:2;s:0:\"\";i:3;s:0:\"\";i:4;s:0:\"\";i:5;s:0:\"\";}', 'a:6:{i:0;s:0:\"\";i:1;s:0:\"\";i:2;s:24:\"updated after three days\";i:3;s:0:\"\";i:4;s:0:\"\";i:5;s:22:\" updated in three days\";}', '1708'),
(40, 55, 'Request for supplemental budget prepared accurately & 100% of supporting documents attached.', 'a:6:{i:0;s:0:\"\";i:1;s:18:\"more than 3 errors\";i:2;s:8:\"3 errors\";i:3;s:9:\" 2 errors\";i:4;s:7:\"1 error\";i:5;s:9:\" No error\";}', 'a:6:{i:0;s:0:\"\";i:1;s:0:\"\";i:2;s:27:\"lacking 1 or more documents\";i:3;s:0:\"\";i:4;s:0:\"\";i:5;s:35:\" 100% supporting documents attached\";}', 'a:6:{i:0;s:0:\"\";i:1;s:0:\"\";i:2;s:0:\"\";i:3;s:0:\"\";i:4;s:0:\"\";i:5;s:0:\"\";}', '1708'),
(41, 57, '\nLBPF # 8 accurately prepared 3 hrs. from receipt of the AIP', 'a:6:{i:0;s:0:\"\";i:1;s:23:\" 2 or more major errors\";i:2;s:13:\"1 major error\";i:3;s:23:\" 2 or more minor errors\";i:4;s:13:\"1 minor error\";i:5;s:8:\"no error\";}', 'a:6:{i:0;s:0:\"\";i:1;s:0:\"\";i:2;s:0:\"\";i:3;s:0:\"\";i:4;s:0:\"\";i:5;s:0:\"\";}', 'a:6:{i:0;s:0:\"\";i:1;s:0:\"\";i:2;s:24:\" prepared after deadline\";i:3;s:0:\"\";i:4;s:0:\"\";i:5;s:30:\"prepared on or before deadline\";}', '1360'),
(42, 57, 'LBPF # 9 accurately prepared 3 hrs. from receipt of the AIP', 'a:6:{i:0;s:0:\"\";i:1;s:23:\" 2 or more major errors\";i:2;s:14:\" 1 major error\";i:3;s:22:\"2 or more minor errors\";i:4;s:13:\"1 minor error\";i:5;s:9:\" no error\";}', 'a:6:{i:0;s:0:\"\";i:1;s:0:\"\";i:2;s:0:\"\";i:3;s:0:\"\";i:4;s:0:\"\";i:5;s:0:\"\";}', 'a:6:{i:0;s:0:\"\";i:1;s:0:\"\";i:2;s:23:\"prepared after deadline\";i:3;s:0:\"\";i:4;s:0:\"\";i:5;s:30:\"prepared on or before deadline\";}', '1360'),
(43, 58, '\nApproved supplemental budgets with complete & accurate supporting documents are disseminated to concerned offices in 3 working days from receipt of the appropriation ordinance.', 'a:6:{i:0;s:0:\"\";i:1;s:0:\"\";i:2;s:14:\" 1 major error\";i:3;s:22:\"2 or more minor errors\";i:4;s:13:\"1 minor error\";i:5;s:8:\"no error\";}', 'a:6:{i:0;s:0:\"\";i:1;s:0:\"\";i:2;s:0:\"\";i:3;s:0:\"\";i:4;s:0:\"\";i:5;s:0:\"\";}', 'a:6:{i:0;s:0:\"\";i:1;s:0:\"\";i:2;s:27:\"disseminated after deadline\";i:3;s:0:\"\";i:4;s:0:\"\";i:5;s:34:\"disseminated on or before deadline\";}', '1360'),
(44, 59, '100% supplemental budgets are supported with funds and complete accurate documents and resubmitted to SP 3 working days from receipt of Appropriation Ordinance.\n', 'a:6:{i:0;s:0:\"\";i:1;s:22:\"2 or more major errors\";i:2;s:13:\"1 major error\";i:3;s:22:\"2 or more minor errors\";i:4;s:14:\" 1 minor error\";i:5;s:8:\"no error\";}', 'a:6:{i:0;s:0:\"\";i:1;s:27:\"4 SBs or more not supported\";i:2;s:19:\"3 SBs not supported\";i:3;s:20:\"2 SBs not supported \";i:4;s:18:\"1 SB not supported\";i:5;s:28:\"All SBs supported with funds\";}', 'a:6:{i:0;s:0:\"\";i:1;s:0:\"\";i:2;s:27:\" resubmitted after deadline\";i:3;s:0:\"\";i:4;s:0:\"\";i:5;s:33:\"resubmitted on or before deadline\";}', '1360'),
(45, 60, '\nPOWs, RDs & PPMP reviewed accurately in 8 hours from receipt of complete documents.', 'a:6:{i:0;s:0:\"\";i:1;s:22:\"2 or more major errors\";i:2;s:14:\" 1 major error\";i:3;s:22:\"2 or more minor errors\";i:4;s:13:\"1 minor error\";i:5;s:8:\"no error\";}', 'a:6:{i:0;s:0:\"\";i:1;s:0:\"\";i:2;s:0:\"\";i:3;s:0:\"\";i:4;s:0:\"\";i:5;s:0:\"\";}', 'a:6:{i:0;s:0:\"\";i:1;s:0:\"\";i:2;s:24:\" Reviewed after deadline\";i:3;s:0:\"\";i:4;s:0:\"\";i:5;s:31:\" Reviewed on or before deadline\";}', '1877'),
(46, 60, '100% of POWs are accurately numbered & recorded in the registry.', 'a:6:{i:0;s:0:\"\";i:1;s:23:\" 2 or more major errors\";i:2;s:14:\" 1 major error\";i:3;s:22:\"2 or more minor errors\";i:4;s:14:\" 1 minor error\";i:5;s:8:\"no error\";}', 'a:6:{i:0;s:0:\"\";i:1;s:45:\" 4 POWs or more are not numbered and recorded\";i:2;s:33:\" 3 POWs not numbered and recorded\";i:3;s:32:\"2 POWs not numbered and recorded\";i:4;s:31:\"1 POW not numbered and recorded\";i:5;s:45:\"All POWs numbered & recorded in the registry.\";}', 'a:6:{i:0;s:0:\"\";i:1;s:0:\"\";i:2;s:0:\"\";i:3;s:0:\"\";i:4;s:0:\"\";i:5;s:0:\"\";}', '1877'),
(47, 61, '\nAllotment Release Order Issued Accurately \na) on or before the start of the current year (annual budget)\n', 'a:6:{i:0;s:0:\"\";i:1;s:23:\" 2 or more major errors\";i:2;s:13:\"1 major error\";i:3;s:22:\"2 or more minor errors\";i:4;s:13:\"1 minor error\";i:5;s:8:\"no error\";}', 'a:6:{i:0;s:0:\"\";i:1;s:0:\"\";i:2;s:0:\"\";i:3;s:0:\"\";i:4;s:0:\"\";i:5;s:0:\"\";}', 'a:6:{i:0;s:0:\"\";i:1;s:0:\"\";i:2;s:21:\"Issued after deadline\";i:3;s:0:\"\";i:4;s:0:\"\";i:5;s:26:\"Issued on the day received\";}', '1877'),
(48, 61, 'b) on the day approved request was received (supplemental budget)', 'a:6:{i:0;s:0:\"\";i:1;s:22:\"2 or more major errors\";i:2;s:13:\"1 major error\";i:3;s:23:\" 2 or more minor errors\";i:4;s:13:\"1 minor error\";i:5;s:8:\"no error\";}', 'a:6:{i:0;s:0:\"\";i:1;s:0:\"\";i:2;s:0:\"\";i:3;s:0:\"\";i:4;s:0:\"\";i:5;s:0:\"\";}', 'a:6:{i:0;s:0:\"\";i:1;s:0:\"\";i:2;s:21:\"Issued after deadline\";i:3;s:0:\"\";i:4;s:0:\"\";i:5;s:26:\"Issued on the day received\";}', '1877'),
(49, 71, 'all bugetary requirements\n', 'a:6:{i:0;s:0:\"\";i:1;s:0:\"\";i:2;s:0:\"\";i:3;s:0:\"\";i:4;s:0:\"\";i:5;s:0:\"\";}', 'a:6:{i:0;s:0:\"\";i:1;s:0:\"\";i:2;s:18:\"1 or more complied\";i:3;s:0:\"\";i:4;s:0:\"\";i:5;s:46:\"all budgetary requirements/limitation complied\";}', 'a:6:{i:0;s:0:\"\";i:1;s:0:\"\";i:2;s:0:\"\";i:3;s:0:\"\";i:4;s:0:\"\";i:5;s:0:\"\";}', '1292,1360');

-- --------------------------------------------------------

--
-- Table structure for table `mfo_child`
--

CREATE TABLE `mfo_child` (
  `mfo_idC` int(11) NOT NULL,
  `child_count` varchar(255) NOT NULL,
  `mfo_subP_id` int(11) NOT NULL,
  `name_child` text NOT NULL
) ENGINE=InnoDB DEFAULT CHARSET=latin1;

--
-- Dumping data for table `mfo_child`
--

INSERT INTO `mfo_child` (`mfo_idC`, `child_count`, `mfo_subP_id`, `name_child`) VALUES
(1, '1.1.1', 1, 'Actual budget utilization of next preceeding year per office prepared'),
(2, '1.1.2', 1, 'PS Limitation Computer'),
(3, '1.1.3', 1, 'Budget Ceiling Prepared'),
(4, '1.1.4', 1, 'PS Budgetary requirement for the Ensuing Budget Year prepared'),
(5, '1.1.5', 1, 'Design and Print Cover of the Annual Budget 2018'),
(6, '1.1.6', 1, 'Visual Aid during Budget Hearing Prepared'),
(7, '1.1.1', 3, 'Actual budget utilization of appropriation per office prepared'),
(8, '1.1.2', 3, 'PS Limitation Computed'),
(9, '1.1.3', 3, 'Budgetary Ceiling Prepared'),
(10, '1.1.4', 3, ' PS Budgetary requirement for the Ensuing Budget Year prepared'),
(11, '1.1.5', 3, 'Minutes Prepared'),
(12, '1.1.6', 3, 'Minutes Prepared'),
(13, '1.1.7', 3, 'Visual Aid during Budget Hearings Prepared.'),
(14, '1.1.8', 3, 'Annual Budget Message Encoded'),
(15, '1.1.9', 3, ' Annual Budget Proposals Consolidated'),
(16, '1.1.10', 3, ' Local Budget Preparation Forms Prepared'),
(17, '1.1.11', 3, 'Local Expenditure Program Prepared'),
(18, '1.1.12', 3, 'Annual Budget Completed & Submitted'),
(19, '1.2.1', 4, ' Registry of supplemental budget request maintained'),
(20, '1.2.2', 4, 'Registry of Available Sources of Fund Maintained'),
(21, '1.2.3', 4, 'Request for supplemental budget prepared'),
(22, '1.2.4', 4, ' Supplemental Budget Forms Prepared (LBPF # 8 & 9)'),
(23, '1.2.5', 4, ' Approved Supplemental Budget completed and Re-submitted to SP'),
(24, '1.2.6', 4, 'Approved Supplemental Budget completed and disseminated'),
(25, '2.1.1', 7, 'POW, RD & PPMP reviewed'),
(26, '2.1.2', 7, 'Allotment Release Order Issued'),
(27, '2.1.3', 7, ' Summary of Financial and Physical         Performance Target prepared.'),
(28, '2.1.4', 7, 'Amended /revised POW, RD & PPMP reviewed'),
(29, '1.1.1', 8, 'asdasd'),
(30, '1.1.2', 8, 'asdw'),
(31, '1.1.3', 8, 'ASD'),
(32, '1.1.1', 10, ''),
(33, '1.1.2', 10, 'asd'),
(34, '1.1.3', 10, 'asd');

-- --------------------------------------------------------

--
-- Table structure for table `mfo_parent`
--

CREATE TABLE `mfo_parent` (
  `mfo_idP` int(11) NOT NULL,
  `mfo_pCount` varchar(225) NOT NULL,
  `mfoperiod_id` int(11) NOT NULL,
  `dep_id` int(11) NOT NULL,
  `Name` varchar(255) NOT NULL
) ENGINE=InnoDB DEFAULT CHARSET=latin1;

--
-- Dumping data for table `mfo_parent`
--

INSERT INTO `mfo_parent` (`mfo_idP`, `mfo_pCount`, `mfoperiod_id`, `dep_id`, `Name`) VALUES
(1, '1', 2, 5, 'Budget Preparation'),
(4, '1', 5, 5, 'Budget Preparation'),
(6, '2', 5, 5, 'Budget Execution'),
(11, '1', 1, 5, 'qq'),
(12, '2', 1, 5, 'sf'),
(13, '1', 3, 5, 'Budgeting Services');

-- --------------------------------------------------------

--
-- Table structure for table `mfo_period`
--

CREATE TABLE `mfo_period` (
  `mfoperiod_id` int(11) NOT NULL,
  `month_mfo` varchar(255) NOT NULL,
  `year_mfo` int(11) NOT NULL
) ENGINE=InnoDB DEFAULT CHARSET=latin1;

--
-- Dumping data for table `mfo_period`
--

INSERT INTO `mfo_period` (`mfoperiod_id`, `month_mfo`, `year_mfo`) VALUES
(2, 'January - June', 2020),
(3, 'July - December', 2020),
(4, 'January - June', 2015),
(5, 'January - June', 2019),
(6, 'January - June', 2005),
(7, 'January - June', 2017),
(8, 'January - June', 2004),
(9, 'January - June', 2012),
(10, 'July - December', 2019),
(11, 'January - June', 2016),
(12, 'January - June', 2018),
(13, 'July - December', 2018);

-- --------------------------------------------------------

--
-- Table structure for table `mfo_subp`
--

CREATE TABLE `mfo_subp` (
  `mfo_subP_id` int(11) NOT NULL,
  `subP_count` varchar(255) NOT NULL,
  `mfo_idP` int(11) NOT NULL,
  `name_subP` text NOT NULL
) ENGINE=InnoDB DEFAULT CHARSET=latin1;

--
-- Dumping data for table `mfo_subp`
--

INSERT INTO `mfo_subp` (`mfo_subP_id`, `subP_count`, `mfo_idP`, `name_subP`) VALUES
(1, '1.1', 1, 'Annual Budget prepared and submitted'),
(3, '1.1', 4, 'Annual Budget Prepared and Submitted'),
(4, '1.2', 4, 'Approved Supplemental Budget Completed and Re-submitted to SP'),
(7, '2.1', 6, 'Allotment released'),
(8, '1.1', 11, 'asd'),
(9, '2.1', 12, 'asda'),
(10, '1.1', 13, 'annual budget prep'),
(11, '1.2', 13, 'asd');

-- --------------------------------------------------------

--
-- Table structure for table `personnelcompetencies`
--

CREATE TABLE `personnelcompetencies` (
  `competency_id` int(11) NOT NULL,
  `employees_id` text NOT NULL,
  `datetime` datetime NOT NULL,
  `Adaptability` int(11) NOT NULL,
  `ContinousLearning` int(11) NOT NULL,
  `Communication` int(11) NOT NULL,
  `OrganizationalAwareness` int(11) NOT NULL,
  `CreativeThinking` int(11) NOT NULL,
  `NetworkingRelationshipBuilding` int(11) NOT NULL,
  `ConflictManagement` int(11) NOT NULL,
  `StewardshipofResources` int(11) NOT NULL,
  `RiskManagement` int(11) NOT NULL,
  `StressManagement` int(11) NOT NULL,
  `Influence` int(11) NOT NULL,
  `Initiative` int(11) NOT NULL,
  `TeamLeadership` int(11) NOT NULL,
  `ChangeLeadership` int(11) NOT NULL,
  `ClientFocus` int(11) NOT NULL,
  `Partnering` int(11) NOT NULL,
  `DevelopingOthers` int(11) NOT NULL,
  `PlanningandOrganizing` int(11) NOT NULL,
  `DecisionMaking` int(11) NOT NULL,
  `AnalyticalThinking` int(11) NOT NULL,
  `ResultsOrientation` int(11) NOT NULL,
  `Teamwork` int(11) NOT NULL,
  `ValuesandEthics` int(11) NOT NULL,
  `VisioningandStrategicDirection` int(11) NOT NULL,
  `totalPoints` int(11) NOT NULL
) ENGINE=InnoDB DEFAULT CHARSET=latin1;

--
-- Dumping data for table `personnelcompetencies`
--

INSERT INTO `personnelcompetencies` (`competency_id`, `employees_id`, `datetime`, `Adaptability`, `ContinousLearning`, `Communication`, `OrganizationalAwareness`, `CreativeThinking`, `NetworkingRelationshipBuilding`, `ConflictManagement`, `StewardshipofResources`, `RiskManagement`, `StressManagement`, `Influence`, `Initiative`, `TeamLeadership`, `ChangeLeadership`, `ClientFocus`, `Partnering`, `DevelopingOthers`, `PlanningandOrganizing`, `DecisionMaking`, `AnalyticalThinking`, `ResultsOrientation`, `Teamwork`, `ValuesandEthics`, `VisioningandStrategicDirection`, `totalPoints`) VALUES
(1, '1452', '2019-01-31 10:01:05', 3, 2, 2, 2, 3, 1, 2, 3, 1, 2, 1, 2, 3, 2, 2, 1, 1, 2, 2, 1, 3, 2, 4, 2, 49),
(2, '2253', '2019-03-06 11:03:01', 4, 4, 4, 4, 4, 4, 3, 4, 2, 4, 3, 4, 5, 4, 3, 3, 4, 3, 3, 3, 4, 5, 4, 4, 89),
(3, '470', '2019-03-15 09:03:37', 4, 4, 3, 4, 3, 3, 3, 5, 4, 4, 3, 4, 3, 4, 4, 3, 3, 4, 3, 3, 4, 3, 4, 3, 85),
(4, '1672', '2019-03-15 09:03:09', 1, 2, 3, 1, 4, 3, 2, 4, 1, 2, 2, 2, 1, 3, 1, 3, 3, 1, 2, 5, 3, 3, 5, 3, 60),
(5, '1231', '2019-03-15 09:03:52', 3, 2, 3, 3, 3, 3, 3, 2, 2, 2, 3, 3, 2, 2, 3, 2, 3, 2, 3, 3, 2, 2, 1, 1, 58),
(6, '1391', '2019-03-15 09:03:53', 2, 2, 1, 2, 1, 1, 2, 1, 1, 2, 1, 1, 1, 1, 1, 1, 1, 1, 2, 1, 1, 1, 2, 2, 32),
(7, '1897', '2019-03-15 09:03:40', 1, 1, 1, 4, 1, 2, 2, 2, 1, 2, 2, 1, 2, 3, 3, 2, 3, 2, 2, 1, 2, 2, 1, 2, 45),
(8, '2224', '2019-03-15 09:03:46', 4, 2, 3, 4, 2, 2, 2, 1, 1, 2, 2, 1, 1, 2, 2, 1, 1, 1, 1, 2, 2, 2, 1, 1, 43),
(9, '1106', '2019-03-15 09:03:16', 1, 2, 1, 2, 2, 2, 2, 2, 2, 2, 2, 2, 1, 1, 2, 1, 1, 1, 1, 1, 1, 2, 2, 2, 38),
(10, '1374', '2019-03-15 11:03:29', 3, 4, 1, 5, 2, 5, 4, 5, 5, 4, 4, 4, 5, 4, 2, 3, 5, 4, 3, 5, 5, 1, 1, 4, 88),
(11, '228', '2019-03-15 11:03:38', 3, 2, 3, 2, 2, 3, 2, 2, 2, 3, 2, 3, 2, 3, 2, 2, 3, 2, 3, 2, 2, 2, 1, 1, 54),
(12, '22130', '2019-03-15 11:03:23', 4, 3, 3, 1, 1, 4, 2, 5, 4, 3, 3, 5, 1, 3, 3, 5, 3, 5, 2, 5, 2, 1, 4, 5, 77),
(13, '2301', '2019-03-15 11:03:17', 1, 2, 1, 2, 3, 3, 1, 3, 3, 2, 2, 3, 2, 3, 3, 2, 2, 2, 3, 3, 2, 2, 3, 2, 55),
(14, '703', '2019-03-15 12:03:14', 3, 3, 4, 3, 3, 3, 3, 3, 3, 2, 3, 3, 2, 3, 2, 3, 3, 3, 3, 2, 2, 3, 2, 2, 66),
(15, '340', '2019-03-15 14:03:35', 3, 3, 1, 4, 3, 3, 1, 2, 4, 2, 4, 3, 2, 3, 2, 3, 3, 3, 3, 2, 4, 3, 2, 2, 65),
(16, '1', '2019-03-15 15:03:09', 1, 1, 1, 1, 1, 1, 1, 2, 1, 2, 2, 2, 2, 3, 2, 2, 3, 2, 2, 3, 4, 3, 3, 5, 50);

-- --------------------------------------------------------

--
-- Table structure for table `personneltrainings`
--

CREATE TABLE `personneltrainings` (
  `personneltrainings_id` int(11) NOT NULL,
  `training_id` int(11) NOT NULL,
  `dateD` datetime NOT NULL,
  `startDate` date NOT NULL,
  `endDate` date NOT NULL,
  `numHours` int(11) DEFAULT NULL,
  `venue` tinytext COLLATE utf8_swedish_ci,
  `remarks` text COLLATE utf8_swedish_ci,
  `timeStart` time DEFAULT NULL,
  `timeEnd` time DEFAULT NULL
) ENGINE=InnoDB DEFAULT CHARSET=utf8 COLLATE=utf8_swedish_ci;

--
-- Dumping data for table `personneltrainings`
--

INSERT INTO `personneltrainings` (`personneltrainings_id`, `training_id`, `dateD`, `startDate`, `endDate`, `numHours`, `venue`, `remarks`, `timeStart`, `timeEnd`) VALUES
(1, 35, '2018-10-10 00:00:00', '2018-08-17', '2018-08-17', 8, 'Coco Cubano, Bacong, Neg. Or.', 'City Treasury Office Personnel', NULL, NULL),
(2, 35, '2018-10-10 00:00:00', '2018-05-31', '2018-05-31', 8, 'Eden South Beach Resort, Hinoba-an, Neg. Occ.', 'BAC Personnel', NULL, NULL),
(4, 35, '2018-10-10 00:00:00', '2018-05-24', '2018-05-24', 8, 'Sea Forest, Sibulan, Neg. Or.', 'CCMDO Personnel', NULL, NULL),
(5, 35, '2018-10-10 00:00:00', '2018-06-21', '2018-06-21', 8, 'Eden South Beach Resort, Hinoba-an, Neg. Occ.', 'CCR Personnel', NULL, NULL),
(6, 35, '2018-10-10 00:00:00', '2018-07-06', '2018-07-06', 8, 'Coco Cubano, Bacong, Neg. Or.', 'City Admin Personnel', NULL, NULL),
(8, 35, '2018-10-10 00:00:00', '2018-07-13', '2018-07-13', 8, 'Dakak Beach Resort, Dapitan', 'City Mayor\'s Office Personnel', NULL, NULL),
(9, 40, '2018-10-10 00:00:00', '2018-05-16', '2018-05-16', 8, 'Julsam Function Hall, Bayawan City', 'Ms. Emma H. Artes', NULL, NULL),
(10, 35, '2018-10-10 00:00:00', '2018-06-28', '2018-06-28', 8, 'Coco Cubano, Bacong, Neg. Or.', 'LDRRMO Personnel', NULL, NULL),
(11, 41, '2018-10-10 00:00:00', '2018-08-20', '2018-08-20', 8, 'Win\'s Garden, Bayawan City', 'Launch Event ', NULL, NULL),
(12, 41, '2018-10-10 00:00:00', '2018-08-23', '2018-08-23', 8, 'Win\'s Garden, Bayawan City', 'Core Bite Size Sessions', NULL, NULL),
(15, 41, '2018-10-11 00:00:00', '2018-08-24', '2018-08-24', 8, 'Win\'s Garden, Bayawan City', 'Core Bite Session with HR Staff and L and D Committee Members', NULL, NULL),
(16, 35, '2018-10-18 00:00:00', '2018-10-17', '2018-10-17', 8, ' Coco Cubano, Bacong, Neg. Or.', 'City Agriculture Personnel', NULL, NULL),
(17, 42, '2018-10-22 00:00:00', '2018-04-05', '2018-04-06', 16, 'BCC Function Hall, Bayawan City', 'Newly Hired Employees', NULL, NULL),
(18, 47, '2018-10-22 00:00:00', '2018-03-27', '2018-03-27', 8, 'BCC Function Hall, Bayawan City', 'Mr. Romulo Amarado', NULL, NULL),
(19, 35, '2018-10-22 00:00:00', '2018-04-19', '2018-04-19', 8, 'Bahura Beach Resort,  Dauin, Neg. Or.', 'CVM, SP Secretary, SP Office Personnel', NULL, NULL),
(21, 35, '2018-10-22 00:00:00', '2018-05-03', '2018-05-03', 8, 'Salagdoong Beach Resort, Maria, Siquijor', 'City Assessor Personnel', NULL, NULL),
(22, 51, '2018-10-22 00:00:00', '2018-04-26', '2018-04-26', 8, 'Julsam Function Hall, Bayawan City', 'First Batch', NULL, NULL),
(26, 49, '2018-10-22 00:00:00', '2018-05-09', '2018-05-10', 16, 'Eden South Beach Resort, Hinoba-an, Neg. Occ.', 'PRIME HRM Level 3 Accreditation - Brainstorming and Planning Session', NULL, NULL),
(28, 51, '2018-10-22 00:00:00', '2018-08-09', '2018-08-09', 8, 'BCC Function Hall, Bayawan City', 'First Batch', NULL, NULL),
(29, 51, '2018-10-22 00:00:00', '2018-08-10', '2018-08-10', 8, 'BCC Function Hall, Bayawan City', 'Second Batch', NULL, NULL),
(30, 35, '2018-10-22 00:00:00', '2017-12-16', '2017-12-16', 8, 'Mahogany Highlan Resort, Dauin, Neg. Or.', 'City Accounting Personnel', NULL, NULL),
(31, 51, '2018-10-22 00:00:00', '2018-04-27', '2018-04-27', 8, 'Julsam Function Hall, Bayawan City', 'Second Batch', NULL, NULL),
(32, 35, '2018-10-22 00:00:00', '2017-12-08', '2017-12-08', 8, 'Forest Camp, Valencia, Neg. Or.', 'CSWD Personnel', NULL, NULL),
(33, 35, '2018-10-22 00:00:00', '2017-12-20', '2017-12-20', 8, 'Cana Beach Resort, Amlan, Neg. Or.', 'CPDO Personnel', NULL, NULL),
(34, 35, '2018-10-29 00:00:00', '2018-10-26', '2018-10-26', 8, 'Nataasan Resort, Sipalay, Neg. Occ.', 'City Budget Personnel', NULL, NULL),
(35, 35, '2018-12-05 00:00:00', '2018-11-22', '2018-11-22', 8, 'Coco Cubano, Bacog, Neg. Or.', 'Business One Stop Shop Personnel', NULL, NULL),
(36, 35, '2018-12-05 00:00:00', '2018-11-28', '2018-11-28', 8, 'Pigeon Resort, Valencia, Negros Oriental', 'Information Technology Personnel', NULL, NULL),
(37, 49, '2018-12-19 00:00:00', '2018-12-06', '2018-12-06', 8, 'Coco Cubano, Bacong, Neg. Or.', 'CSWDO Personnel', NULL, NULL),
(38, 35, '2019-02-22 10:02:53', '2019-02-01', '2019-02-01', 8, 'Kamanggahan Resort, Tanjay, Neg. Or.', 'City Veterinary Personnel', NULL, NULL),
(39, 42, '2019-03-14 16:03:31', '2019-03-12', '2019-03-13', 16, 'Julsam\'s Function Hall, Tinago, Bayawan City', 'For newly hired employees', NULL, NULL),
(40, 392, '2019-05-30 08:05:37', '2019-01-23', '2019-01-25', 24, 'BCC Function Hall, Tinago, Bayawan City', '', NULL, NULL),
(41, 390, '2019-05-30 09:05:18', '2019-06-13', '2019-06-14', 16, 'Mama Benyang Restaurant, Suba, Bayawan City', '', '08:00:00', '17:00:00'),
(44, 389, '2019-05-30 10:05:11', '2019-05-22', '2019-05-24', 24, 'BCC Function Hall, Tiago, Bayawan City', '', '08:00:00', '17:00:00'),
(45, 49, '2019-07-08 10:07:15', '2019-06-04', '2019-06-04', 8, 'Badian, Cebu', 'BAC Personnel', '08:00:00', '17:00:00'),
(46, 49, '2019-07-09 15:07:58', '2019-06-26', '2019-06-26', 8, 'Punta Bulata, Cauayan, Negros Occidental', 'CVMO, SP, and SP Secretary Office', '08:00:00', '17:00:00'),
(47, 394, '2019-07-11 09:07:38', '2019-06-21', '2019-06-21', 8, 'Tejero Highlan Resort, Valencia', '', '08:00:00', '17:00:00'),
(48, 49, '2019-07-15 13:07:21', '2019-07-12', '2019-07-12', 8, 'Boracay Island, Aklan', 'CMO and Sidlakan Office Personnel', '08:00:00', '17:00:00'),
(49, 47, '2019-09-16 11:09:54', '2016-09-06', '2016-09-06', 8, 'BCC Function Hall, TInago, Bayawan City', 'Selected LGU Personnel', '08:00:00', '17:00:00'),
(50, 395, '2019-09-24 10:09:21', '2017-11-15', '2017-11-17', 24, 'Sierra Resort, Dauin, Negros Oriental', '', '08:00:00', '17:00:00');

-- --------------------------------------------------------

--
-- Table structure for table `personneltrainingseval`
--

CREATE TABLE `personneltrainingseval` (
  `personneltrainingseval_id` bigint(20) NOT NULL,
  `personneltrainings_id` int(11) NOT NULL,
  `dateTimeAdded` datetime NOT NULL,
  `subj_matter_1_rating` tinyint(4) NOT NULL COMMENT 'Rating for Interesting',
  `subj_matter_2_rating` tinyint(4) NOT NULL COMMENT 'Rating for  Relevant to my Job',
  `subj_matter_3_rating` tinyint(4) NOT NULL COMMENT 'Rating for Easy to understand',
  `subj_matter_4_rating` tinyint(4) NOT NULL COMMENT 'Rating for Appropriate to course objectives',
  `subj_matter_comment` longtext COLLATE utf8_swedish_ci NOT NULL,
  `presentation_1_rating` tinyint(4) NOT NULL COMMENT 'Rating for Length of Activity',
  `presentation_2_rating` tinyint(4) NOT NULL COMMENT 'Rating for Sequence of Topics',
  `presentation_3_rating` tinyint(4) NOT NULL COMMENT 'Rating for Visual/Training Aids used',
  `presentation_4_rating` tinyint(4) NOT NULL COMMENT 'Rating for Group/Individual Exercise',
  `presentation_5_rating` tinyint(4) NOT NULL COMMENT 'Rating for Methods used were appropriate and helpful',
  `presentation_comment` longtext COLLATE utf8_swedish_ci NOT NULL,
  `resource_pip_1_rating` tinyint(4) NOT NULL COMMENT 'Rating for Knowledge of the subject matter',
  `resource_pip_2_rating` tinyint(4) NOT NULL COMMENT 'Rating for Style of Presentation',
  `resource_pip_3_rating` tinyint(4) NOT NULL COMMENT 'Rating for Clarity of presentation',
  `resource_pip_4_rating` tinyint(4) NOT NULL COMMENT 'Rating for Sensitivity to participant''s needs/questions',
  `resource_pip_5_rating` tinyint(4) NOT NULL COMMENT 'Rating for Effective overall',
  `resource_pip_comment` longtext COLLATE utf8_swedish_ci NOT NULL,
  `administrative_1_rating` tinyint(4) NOT NULL COMMENT 'Rating for Secretariat/Traning Staff',
  `administrative_2_rating` tinyint(4) NOT NULL COMMENT 'Rating for Registration Procedures',
  `administrative_3_rating` tinyint(4) NOT NULL COMMENT 'Rating for Venue is conducive to venue',
  `administrative_4_rating` tinyint(4) NOT NULL COMMENT 'Rating for Facilities',
  `administrative_comment` longtext COLLATE utf8_swedish_ci NOT NULL,
  `overall_ass_1` tinyint(4) NOT NULL COMMENT 'This training helped me do a better job in the office',
  `overall_ass_2` tinyint(4) NOT NULL COMMENT 'This seminar helped me identify areas I need to develop',
  `overall_ass_3` tinyint(4) NOT NULL COMMENT 'The seminar was worthy of my time',
  `overall_ass_4` tinyint(4) NOT NULL COMMENT 'The program as a whole was a worthwhile educational experience',
  `overall_ass_5` tinyint(4) NOT NULL COMMENT 'Overall, the seminar was effective',
  `assessment_1` longtext COLLATE utf8_swedish_ci NOT NULL COMMENT ' What was the high point of the whole learning experience?',
  `assessment_2` longtext COLLATE utf8_swedish_ci NOT NULL COMMENT 'What major benefit/s you received from this training/workshop?',
  `assessment_3` longtext COLLATE utf8_swedish_ci NOT NULL COMMENT 'In what specific ways this training/workshop can be improved?',
  `assessment_4` longtext COLLATE utf8_swedish_ci NOT NULL COMMENT 'What other trainings you want HRMO to conduct to make you become more competent in your job?',
  `assessment_5` longtext COLLATE utf8_swedish_ci NOT NULL COMMENT 'Other comments and suggestions:'
) ENGINE=InnoDB DEFAULT CHARSET=utf8 COLLATE=utf8_swedish_ci;

--
-- Dumping data for table `personneltrainingseval`
--

INSERT INTO `personneltrainingseval` (`personneltrainingseval_id`, `personneltrainings_id`, `dateTimeAdded`, `subj_matter_1_rating`, `subj_matter_2_rating`, `subj_matter_3_rating`, `subj_matter_4_rating`, `subj_matter_comment`, `presentation_1_rating`, `presentation_2_rating`, `presentation_3_rating`, `presentation_4_rating`, `presentation_5_rating`, `presentation_comment`, `resource_pip_1_rating`, `resource_pip_2_rating`, `resource_pip_3_rating`, `resource_pip_4_rating`, `resource_pip_5_rating`, `resource_pip_comment`, `administrative_1_rating`, `administrative_2_rating`, `administrative_3_rating`, `administrative_4_rating`, `administrative_comment`, `overall_ass_1`, `overall_ass_2`, `overall_ass_3`, `overall_ass_4`, `overall_ass_5`, `assessment_1`, `assessment_2`, `assessment_3`, `assessment_4`, `assessment_5`) VALUES
(1, 1, '2018-10-10 08:22:47', 5, 5, 5, 4, '', 4, 5, 4, 5, 5, '', 5, 5, 5, 5, 5, '', 5, 5, 5, 5, '', 4, 5, 4, 5, 5, '', '', '', '', ''),
(2, 1, '2018-10-10 08:26:45', 5, 5, 5, 5, '', 5, 5, 5, 5, 5, '', 5, 5, 5, 5, 5, '', 5, 5, 5, 5, '', 5, 5, 5, 5, 5, 'To be able to achieve team work among the group and to have harmonious relationship that starts within ourselves to be an efficient worker', 'Teamwork, unity, commitment', 'It was excellent', 'Records Management Training', ''),
(3, 1, '2018-10-10 08:29:41', 5, 5, 5, 5, '', 4, 5, 5, 4, 4, '', 5, 5, 5, 5, 5, '', 4, 4, 3, 3, '', 4, 4, 4, 5, 4, 'The training helps me know the sentiments of my co-workers. Thus, I know deeper my officemates through this \"WISHES\".', 'The training also helps me know more about myself. Taking it positively, it is an avenue for me to change for good.', '', '', ''),
(4, 1, '2018-10-10 08:31:22', 5, 5, 5, 5, '', 4, 4, 5, 4, 5, '', 5, 5, 5, 5, 5, '', 3, 2, 2, 2, '', 5, 4, 4, 5, 5, 'To work as a team, has unity and cooperation in the workplace to attain progress', 'Changes start from ourselves', 'About the workshop, workshop is good and effective', '', 'Good venue'),
(5, 1, '2018-10-10 09:43:53', 5, 5, 5, 5, '', 4, 5, 5, 5, 5, '', 4, 5, 5, 4, 4, '', 5, 4, 4, 4, '', 5, 5, 5, 5, 5, 'It opens our heart and mind to know more of ourselves and of people whom we encounter on a daily basis in the workplace.', 'I am benefited in a way that I was given a chance to make &#039;halubilo&#039; with my other co-workers which on a regular basis/in our workplace I can&#039;t even tend to talk to due to many tasks assigned/pressure in our job.', 'I think that this can be improved with the choices of venue, more team building games to be associated to the activities.', 'Trainings which are related to my job like Revenue Collection and Payroll preparation.', 'Thankful for the opportunities given and trainings received.'),
(6, 1, '2018-10-10 09:51:22', 5, 5, 5, 5, '', 5, 5, 5, 1, 5, '', 5, 5, 5, 5, 5, '', 5, 5, 5, 5, '', 5, 4, 5, 4, 5, 'The dash.', 'This was an outlet for my officemates to express their feelings towards our colleagues. I has more laughs. Laughter is always the best medicine.', 'Do it more often. The farther the better.', 'On the job training.', 'Thank you. Love love love.'),
(7, 1, '2018-10-10 09:52:52', 4, 4, 4, 4, '', 4, 4, 4, 4, 4, '', 5, 5, 4, 4, 4, '', 4, 4, 4, 4, '', 5, 4, 4, 4, 4, '', '', '', '', ''),
(8, 1, '2018-10-10 09:53:33', 5, 5, 5, 5, '', 4, 4, 5, 4, 4, '', 5, 5, 5, 4, 5, '', 4, 3, 4, 4, '', 5, 5, 5, 5, 5, '', '', '', '', ''),
(9, 1, '2018-10-10 09:56:13', 5, 4, 4, 5, '', 5, 5, 4, 4, 4, '', 5, 4, 4, 4, 4, '', 4, 4, 4, 4, '', 5, 4, 5, 4, 4, 'To work as a team with each of us has respective tasks and in unity we produce a higher goal.', 'To manage well our time. To work as one and help each other.', 'To develop more how to spend my working hours in efficient ways for a better job.', 'Nothing, I think it is all been done by the Human Resource Management Office.', ''),
(10, 1, '2018-10-10 09:57:27', 5, 5, 5, 5, '', 4, 4, 4, 4, 4, '', 4, 4, 4, 4, 4, '', 4, 4, 4, 4, '', 4, 4, 4, 4, 4, '', '', '', '', ''),
(11, 1, '2018-10-10 09:58:42', 4, 3, 4, 5, '', 2, 1, 4, 2, 3, '', 3, 5, 4, 2, 3, '', 5, 3, 5, 4, '', 4, 5, 3, 4, 4, '', '', '', '', ''),
(12, 1, '2018-10-10 10:01:08', 4, 4, 5, 4, '', 4, 4, 4, 4, 5, '', 5, 4, 4, 3, 4, '', 4, 5, 4, 4, '', 5, 4, 4, 5, 5, 'The subject is very relevant to my job.', 'Learned a lot about the subject matter.', 'Needs more visual or training aids to be used.', 'Training about behaviour and supervisory matter.', 'No comments.'),
(13, 1, '2018-10-10 10:04:03', 4, 4, 4, 4, '', 3, 4, 3, 3, 4, '', 4, 4, 4, 4, 4, '', 4, 4, 3, 3, '', 4, 4, 4, 4, 4, 'Very Good.', 'Effective to the office performance in dealing with human behavior.', 'Improve performance and human relation.', 'Supervisory Training', 'Continue the program to cover all department of the bureaucracy and other agencies. Good job, well done!'),
(14, 1, '2018-10-10 10:04:29', 5, 5, 5, 5, '', 5, 5, 5, 5, 5, '', 5, 5, 5, 5, 5, '', 5, 5, 5, 4, '', 5, 5, 5, 5, 5, '', '', '', '', ''),
(15, 1, '2018-10-10 10:04:40', 5, 5, 5, 5, '', 5, 5, 5, 5, 5, '', 5, 5, 5, 5, 5, '', 5, 5, 5, 5, '', 5, 5, 5, 5, 5, '', '', '', '', ''),
(16, 1, '2018-10-10 10:05:24', 4, 4, 4, 4, '', 4, 4, 4, 4, 4, '', 4, 4, 4, 4, 4, '', 4, 4, 4, 4, '', 4, 4, 4, 4, 4, '', '', '', '', ''),
(17, 1, '2018-10-10 10:07:47', 4, 5, 5, 5, '', 4, 5, 4, 4, 4, '', 4, 4, 4, 4, 4, '', 5, 5, 5, 4, '', 4, 4, 4, 4, 4, 'Opening out of sentiments.', 'Nobody is perfect, even though how each tried to be, due to each one&#039;s interpretation of actions and words.', 'Brief all on how to use words in giving criticism.', 'Collection efficiency enhancement', ''),
(18, 1, '2018-10-10 10:08:48', 4, 4, 4, 4, '', 2, 3, 3, 4, 3, '', 5, 4, 4, 4, 4, '', 4, 4, 4, 4, '', 4, 4, 4, 4, 4, '', '', '', '', ''),
(19, 1, '2018-10-10 10:13:30', 5, 5, 5, 5, '', 4, 4, 5, 4, 5, '', 5, 4, 5, 5, 5, '', 5, 4, 4, 4, '', 5, 5, 5, 5, 5, 'Individual responsibilities as public servant. Individual attitude towards clients and to everybody.', 'Give more knowledge on how to be more efficient and productive as public servant.', '', '', ''),
(20, 1, '2018-10-10 10:22:09', 4, 4, 4, 4, '', 4, 4, 4, 4, 4, '', 4, 4, 4, 4, 4, '', 4, 4, 4, 4, '', 5, 5, 5, 5, 5, '', '', '', '', ''),
(21, 1, '2018-10-10 10:22:52', 4, 4, 4, 4, '', 5, 5, 4, 4, 4, '', 4, 5, 5, 4, 5, '', 4, 4, 4, 4, '', 4, 4, 4, 5, 4, '', '', '', '', ''),
(22, 1, '2018-10-10 10:23:20', 5, 5, 5, 5, '', 5, 5, 5, 5, 5, '', 5, 5, 5, 5, 5, '', 5, 5, 5, 5, '', 3, 5, 3, 3, 5, 'Interesting.', 'Happy.', '', '', ''),
(23, 1, '2018-10-10 10:23:46', 5, 5, 5, 5, '', 5, 5, 5, 5, 5, '', 4, 5, 5, 5, 5, '', 5, 5, 5, 5, '', 5, 4, 4, 4, 5, '', '', '', '', ''),
(24, 1, '2018-10-10 10:24:54', 5, 5, 5, 4, '', 4, 5, 5, 4, 5, '', 5, 5, 4, 5, 5, '', 4, 5, 4, 5, '', 5, 4, 4, 5, 5, '', '', '', '', ''),
(25, 1, '2018-10-10 10:25:39', 5, 5, 5, 5, '', 5, 5, 5, 5, 5, '', 5, 5, 5, 5, 5, '', 5, 5, 5, 5, '', 5, 5, 5, 5, 5, '', 'System, Processes, Skills, this training helped me what to do.', '', '', ''),
(26, 1, '2018-10-10 10:25:58', 5, 5, 5, 5, '', 5, 5, 5, 5, 5, '', 5, 5, 5, 4, 4, '', 5, 5, 5, 5, '', 5, 5, 5, 5, 5, '', '', '', '', ''),
(27, 1, '2018-10-10 10:26:13', 5, 5, 5, 5, '', 5, 5, 5, 5, 5, '', 5, 5, 5, 5, 5, '', 5, 5, 5, 5, '', 4, 4, 4, 4, 4, '', '', '', '', ''),
(28, 1, '2018-10-10 10:26:54', 5, 5, 5, 5, '', 5, 5, 5, 5, 5, '', 5, 5, 5, 5, 5, '', 5, 5, 5, 5, '', 5, 5, 5, 5, 5, '', '', '', '', ''),
(29, 1, '2018-10-10 10:28:00', 5, 5, 5, 5, '', 4, 5, 5, 4, 5, '', 5, 5, 5, 5, 5, '', 5, 5, 4, 4, '', 5, 5, 5, 5, 5, 'Tackled differences between works and co-workers.', 'Understanding.', 'More topics to be presented', 'Anything that affect our department.', 'Team Building Seminar must be conducted annually with a proper venue. Thanks.'),
(30, 1, '2018-10-10 10:28:21', 5, 5, 5, 5, '', 5, 5, 5, 5, 5, '', 5, 5, 5, 5, 5, '', 5, 5, 5, 5, '', 4, 4, 4, 4, 4, '', '', '', '', ''),
(31, 1, '2018-10-10 10:28:26', 5, 5, 5, 5, '', 5, 5, 5, 5, 5, '', 5, 5, 5, 5, 5, '', 5, 5, 3, 3, '', 5, 5, 5, 5, 5, '', '', '', '', ''),
(32, 1, '2018-10-10 10:29:20', 5, 5, 5, 5, '', 4, 5, 5, 4, 5, '', 5, 5, 5, 5, 5, '', 4, 4, 4, 4, '', 5, 5, 5, 5, 5, 'To understand the training about the team building.', 'To know more about team building.', '', 'Development training.', ''),
(33, 1, '2018-10-10 10:30:30', 5, 5, 4, 4, '', 5, 5, 5, 5, 5, '', 5, 5, 5, 4, 5, '', 5, 5, 5, 5, '', 5, 5, 5, 5, 5, 'Successfully.', 'Knowledge.', 'Hardworking.', 'Enough.', 'Thank you Team HR for this kind of training.'),
(34, 1, '2018-10-10 10:31:20', 5, 5, 5, 5, '', 5, 5, 5, 5, 5, '', 5, 5, 5, 5, 5, '', 5, 5, 3, 3, '', 5, 5, 5, 5, 5, '', '', '', '', ''),
(35, 1, '2018-10-10 10:31:40', 4, 5, 4, 4, '', 5, 5, 4, 4, 5, '', 5, 5, 5, 5, 5, '', 5, 4, 5, 5, '', 5, 5, 5, 5, 5, '', 'Unity and good character.', 'Excellent workshop.', 'About good moral character.', ''),
(36, 1, '2018-10-10 10:31:41', 5, 5, 5, 5, '', 5, 5, 5, 5, 5, '', 5, 5, 5, 5, 5, '', 5, 5, 5, 5, '', 4, 5, 5, 5, 5, '', '', '', '', ''),
(37, 1, '2018-10-10 10:33:19', 2, 4, 3, 2, '', 3, 3, 5, 4, 4, '', 3, 3, 3, 3, 3, '', 4, 4, 4, 4, '', 4, 4, 4, 4, 4, '', '', '', '', ''),
(38, 1, '2018-10-10 10:33:35', 5, 5, 5, 4, '', 4, 4, 4, 4, 4, '', 5, 4, 4, 4, 5, '', 4, 3, 3, 3, '', 5, 5, 5, 5, 5, 'It is very efficient especially to the employees.', 'All the learning experiences.', '', '', 'I suggest that if possible the conduct of trainings is not only 1 day but 2-3 days.'),
(39, 1, '2018-10-10 10:34:50', 4, 4, 4, 4, '', 4, 4, 4, 4, 4, '', 5, 5, 4, 4, 4, '', 4, 3, 3, 3, '', 5, 4, 5, 5, 5, 'The employees committed for the good of the office.', 'New learning for each and everyone.', '', '', ''),
(40, 1, '2018-10-10 10:36:00', 4, 4, 4, 3, '', 4, 4, 4, 3, 4, '', 4, 5, 4, 4, 4, '', 4, 4, 4, 4, '', 4, 4, 4, 4, 4, '', '', '', '', ''),
(41, 1, '2018-10-10 10:36:33', 5, 5, 5, 5, '', 5, 5, 5, 5, 5, '', 5, 5, 5, 5, 5, '', 5, 5, 5, 5, '', 5, 5, 5, 5, 5, '', '', '', '', ''),
(42, 1, '2018-10-10 10:37:02', 5, 5, 5, 5, '', 5, 5, 5, 5, 5, '', 5, 5, 5, 5, 5, '', 5, 5, 3, 3, '', 4, 4, 5, 5, 5, '', '', '', '', ''),
(43, 1, '2018-10-10 10:38:19', 4, 5, 4, 4, '', 4, 4, 4, 4, 5, '', 4, 5, 5, 4, 5, '', 3, 3, 2, 2, '', 4, 4, 4, 4, 4, '', '', '', '', ''),
(44, 1, '2018-10-10 10:39:25', 5, 5, 5, 5, '', 5, 5, 5, 5, 5, '', 5, 5, 5, 5, 5, '', 5, 4, 5, 4, '', 5, 5, 5, 5, 5, '', '', '', '', ''),
(45, 1, '2018-10-10 10:39:38', 5, 5, 5, 5, '', 5, 5, 5, 5, 5, '', 5, 5, 5, 5, 5, '', 5, 5, 5, 5, '', 5, 5, 5, 5, 5, '', '', '', '', ''),
(46, 1, '2018-10-10 10:40:00', 4, 4, 5, 5, '', 4, 4, 5, 4, 4, '', 5, 4, 4, 4, 4, '', 4, 4, 5, 3, '', 4, 5, 4, 5, 5, 'Interpersonal relationship.', 'Knowledge and ideas related to job.', 'Interpersonal relationship should be emphasized.', 'Skills to become more effective in collection of taxes. And as a collection officer needs to attend seminars related to supervisory.', 'Should focus also in Interpersonal Relationship.'),
(47, 1, '2018-10-10 10:40:06', 5, 5, 5, 5, '', 5, 5, 5, 5, 5, '', 5, 5, 5, 5, 5, '', 5, 5, 3, 5, '', 5, 5, 5, 5, 5, '', '', '', '', ''),
(48, 1, '2018-10-10 10:42:30', 5, 4, 5, 4, '', 5, 4, 4, 4, 4, '', 5, 4, 4, 4, 4, '', 4, 4, 4, 4, '', 5, 5, 4, 4, 5, 'Very good.', 'To be able myself develop in terms of services as well as in dealing my co-workers in the office.', '', '', 'Continue delivering your services in terms of team building in respective offices and organization.'),
(49, 1, '2018-10-10 10:43:49', 5, 5, 5, 5, '', 5, 5, 5, 5, 5, '', 5, 5, 5, 5, 5, '', 5, 5, 5, 5, '', 5, 5, 5, 5, 5, '', '', '', '', ''),
(50, 1, '2018-10-10 10:44:36', 4, 3, 5, 5, '', 5, 4, 5, 5, 5, '', 5, 5, 5, 5, 4, '', 3, 5, 5, 5, '', 5, 5, 5, 4, 5, 'Interesting.', '', '', '', ''),
(51, 1, '2018-10-10 10:45:43', 4, 4, 4, 4, '', 4, 4, 4, 4, 4, '', 4, 4, 4, 4, 4, '', 4, 4, 4, 4, '', 4, 4, 4, 4, 4, 'All learnings are important and need to focus on for more improvement. It also enables us to share our thougts in a constructive way.', 'Every point discussed is beneficial to everyone.', '', '', ''),
(52, 1, '2018-10-10 10:45:58', 4, 4, 5, 5, '', 5, 5, 5, 5, 5, '', 5, 5, 5, 5, 5, '', 5, 5, 5, 5, '', 5, 5, 5, 5, 5, 'We were able to oust our emotion through the &quot;I Wish Ko Lang&quot; Segment', 'The benefit I received from this training is that I still need to improve my performance in my job.', '', '', ''),
(53, 1, '2018-10-10 10:47:00', 5, 5, 5, 5, '', 5, 5, 5, 5, 5, '', 5, 5, 5, 5, 5, '', 5, 5, 5, 5, '', 5, 5, 5, 5, 5, 'The unity of the Office.', '', '', '', ''),
(54, 1, '2018-10-10 10:47:10', 5, 5, 5, 5, '', 5, 5, 5, 5, 5, '', 5, 5, 5, 5, 5, '', 5, 5, 5, 5, '', 5, 5, 5, 5, 5, '', '', '', '', ''),
(55, 1, '2018-10-10 10:48:05', 4, 4, 4, 4, '', 4, 4, 4, 4, 4, '', 4, 4, 4, 4, 4, '', 5, 5, 5, 5, '', 5, 5, 5, 5, 5, '', '', '', '', ''),
(56, 1, '2018-10-10 10:48:15', 5, 5, 5, 5, '', 5, 5, 5, 5, 5, '', 5, 5, 5, 5, 5, '', 5, 5, 5, 5, '', 5, 5, 5, 5, 5, '', '', '', '', ''),
(57, 1, '2018-10-10 10:48:22', 4, 3, 4, 4, '', 5, 5, 5, 5, 5, '', 4, 4, 4, 4, 4, '', 5, 5, 5, 5, '', 5, 5, 5, 5, 5, '', '', '', '', ''),
(58, 1, '2018-10-10 10:48:39', 5, 5, 5, 5, '', 5, 5, 5, 5, 5, '', 5, 5, 5, 5, 5, '', 5, 5, 5, 5, '', 5, 5, 5, 5, 5, '', '', '', '', ''),
(59, 1, '2018-10-10 10:49:45', 5, 5, 5, 5, '', 5, 5, 5, 5, 5, '', 5, 5, 5, 5, 5, '', 5, 5, 5, 5, '', 5, 5, 5, 5, 5, '', '', '', '', ''),
(60, 1, '2018-10-10 10:53:17', 5, 5, 5, 5, '', 4, 5, 4, 4, 5, '', 5, 4, 5, 5, 5, '', 5, 5, 4, 4, '', 5, 5, 5, 5, 5, '', '', 'Behavior', 'More team building', ''),
(61, 1, '2018-10-10 10:55:08', 5, 4, 5, 5, '', 4, 4, 5, 5, 5, '', 5, 4, 4, 4, 5, '', 5, 5, 4, 4, '', 5, 4, 5, 5, 5, '', '', 'Open our minds towards a positive outlook and better service to the public', '', ''),
(62, 1, '2018-10-10 10:55:59', 5, 5, 5, 5, '', 5, 5, 5, 4, 5, '', 5, 5, 4, 4, 5, '', 4, 4, 5, 4, '', 5, 5, 5, 5, 5, 'To work together as a team in a certain section/department to have better output regarding services to clients.', 'Knowing things need to be done as public servant; Knowing things need not be done.', 'Introducting ways about unity in the office, what possible output in doing job as a team to have a greater result.', 'Refresher training regarding revenue generation program and any other related course relevant to improvement.', 'I observed that only employees with high rank always giving a chance to have a seminar who have full knowledge already. If possible, let other employees(employee with empty mind) to acquire knowledge by having training and seminars.'),
(63, 1, '2018-10-10 10:57:14', 5, 5, 5, 5, '', 5, 5, 4, 4, 5, '', 5, 5, 5, 5, 5, '', 5, 5, 4, 4, '', 5, 5, 5, 5, 5, '', '', '', '', ''),
(64, 4, '2018-10-10 11:11:29', 5, 4, 5, 4, '', 5, 5, 4, 4, 5, '', 5, 5, 5, 5, 5, '', 5, 5, 5, 5, '', 5, 5, 5, 5, 5, 'We shared everything.', 'Learned also that i have mistakes.', 'Additional time with the HR group to resolve problem in the office,will give advive for the good of the office.', 'Schedule for another team building, make it twice a year.', ''),
(65, 2, '2018-10-10 11:14:44', 5, 5, 5, 5, '', 4, 4, 4, 4, 5, '', 4, 4, 4, 4, 5, '', 4, 4, 4, 4, '', 5, 4, 5, 5, 5, '', '', '', '', ''),
(66, 5, '2018-10-10 11:16:02', 5, 5, 5, 5, '', 5, 5, 5, 5, 5, '', 5, 5, 5, 5, 5, '', 5, 5, 5, 5, '', 5, 5, 5, 5, 5, 'Everything is worth the price.', 'Self improvement', 'None so far.', 'Computer literacy.', 'More learnings like this in the future.'),
(67, 2, '2018-10-10 11:16:41', 5, 5, 5, 5, '', 5, 5, 5, 5, 5, '', 5, 5, 5, 5, 5, '', 5, 5, 5, 5, '', 5, 5, 5, 5, 5, 'Team Branding Knowlegde', 'Cooperation', 'More Training / Workshop', 'Seminar / Workshop', ''),
(68, 5, '2018-10-10 11:16:48', 5, 5, 5, 5, '', 5, 5, 5, 5, 5, '', 5, 5, 5, 5, 5, '', 5, 5, 5, 5, '', 5, 5, 5, 5, 5, 'Group activity.', 'Self improvement', 'Work improvement', '', ''),
(69, 2, '2018-10-10 11:17:46', 5, 5, 5, 5, '', 5, 5, 5, 5, 5, '', 5, 5, 5, 5, 5, '', 5, 5, 5, 5, '', 5, 5, 5, 5, 5, 'Knowledgeable', 'Know our function &amp; Obligation', 'More Training', 'More', ''),
(70, 5, '2018-10-10 11:18:12', 5, 5, 5, 5, '', 4, 5, 4, 4, 5, '', 5, 5, 4, 4, 5, '', 4, 5, 4, 4, '', 5, 5, 5, 5, 5, 'Very excellent and exciting.', 'The benefits I received from this training is how to become an effective employee. ', '', '', ''),
(71, 5, '2018-10-10 11:18:27', 5, 5, 5, 5, '', 5, 5, 5, 5, 5, '', 5, 5, 5, 5, 5, '', 5, 5, 5, 5, '', 5, 5, 5, 5, 5, '', '', '', '', ''),
(72, 5, '2018-10-10 11:18:39', 5, 5, 5, 5, '', 5, 5, 5, 5, 5, '', 5, 5, 5, 5, 5, '', 5, 5, 5, 5, '', 5, 5, 5, 5, 5, '', '', '', '', ''),
(73, 4, '2018-10-10 11:19:03', 5, 5, 5, 5, '', 5, 5, 5, 5, 5, '', 5, 5, 5, 5, 5, '', 5, 5, 5, 5, '', 5, 5, 5, 5, 5, 'Making the team brand.', 'Self-development/job-development.', 'Additional group activity to develop more camaraderie in the group.', 'To conduct values formation especially to the frontliners and other office staffs.', 'Thank you and God Bless!'),
(74, 5, '2018-10-10 11:19:14', 4, 4, 5, 4, '', 5, 5, 5, 4, 4, '', 4, 5, 5, 5, 5, '', 5, 4, 5, 4, '', 5, 4, 4, 5, 5, '', '', '', '', ''),
(75, 5, '2018-10-10 11:19:25', 5, 5, 5, 5, '', 5, 5, 5, 5, 5, '', 5, 5, 5, 5, 5, '', 5, 5, 5, 5, '', 5, 5, 5, 5, 5, '', '', '', '', ''),
(76, 5, '2018-10-10 11:19:50', 5, 5, 5, 5, '', 5, 5, 5, 5, 5, '', 5, 5, 5, 5, 5, '', 5, 5, 5, 5, '', 5, 5, 5, 5, 5, 'Group activity.', 'Getting to know more of my officemates.', '', '', ''),
(77, 4, '2018-10-10 11:20:05', 5, 4, 5, 5, '', 5, 5, 5, 5, 5, '', 5, 5, 5, 5, 5, '', 5, 5, 5, 5, '', 5, 5, 5, 5, 5, 'Making the team branding.', 'Educational experience related to my job.', 'To develop my job identity.', '', ''),
(78, 2, '2018-10-10 11:20:55', 4, 4, 5, 4, '', 4, 4, 4, 4, 4, '', 4, 4, 4, 4, 4, '', 4, 4, 4, 4, '', 5, 5, 5, 5, 5, 'Sharing pf thoughts, idea, feelings', 'I was able to learn more about my work, work place and co-workers', '', '', ''),
(79, 5, '2018-10-10 11:21:22', 4, 4, 4, 4, 'Very educational.', 4, 4, 3, 5, 5, 'Worth', 5, 5, 4, 3, 4, 'Knowledgeable', 4, 4, 5, 5, 'Accommodating', 5, 5, 4, 5, 5, '', 'Learning process', 'A  yearly team building', '', ''),
(80, 4, '2018-10-10 11:22:02', 5, 5, 5, 5, '', 5, 5, 5, 5, 5, '', 5, 5, 5, 5, 5, '', 5, 5, 5, 5, '', 5, 5, 5, 5, 5, 'The high point of the whole learning experience is how to make brand.', 'The major benifits that I received from this training/workshop of how to be a team or to be as one.', 'More group activities.', 'Conduct values formation especially for the front liners.', ''),
(81, 2, '2018-10-10 11:22:35', 5, 5, 5, 5, '', 5, 5, 5, 5, 5, '', 5, 5, 5, 5, 5, '', 5, 5, 4, 4, '', 5, 5, 5, 5, 4, '', '', '', '', ''),
(82, 4, '2018-10-10 11:22:43', 5, 5, 5, 5, '', 5, 5, 3, 4, 5, '', 5, 5, 5, 4, 5, '', 5, 4, 4, 3, '', 5, 5, 5, 5, 5, '', '', '', '', ''),
(83, 5, '2018-10-10 11:23:07', 5, 5, 5, 5, '', 4, 5, 5, 5, 5, '', 4, 4, 4, 5, 5, '', 4, 4, 5, 5, '', 5, 5, 5, 5, 5, 'Awareness of what a public servant is. Enhancement of my skills and knowledge on how to handle things better.', 'Build strong relationships with my co-workers.', 'Additional innovative ideas of the staff.', '', ''),
(84, 4, '2018-10-10 11:24:13', 5, 5, 5, 5, '', 5, 5, 5, 5, 5, '', 5, 5, 5, 5, 5, '', 5, 5, 5, 5, '', 5, 5, 5, 5, 5, 'Being a team.', 'Learning', 'Relationship with your team/officemates.', '', 'No bad comments because its all worth it. Very excellent lecturer Maam Nicka.'),
(85, 4, '2018-10-10 11:24:23', 5, 5, 5, 5, '', 5, 5, 5, 5, 5, '', 5, 5, 5, 5, 5, '', 5, 5, 5, 5, '', 5, 5, 5, 5, 5, '', '', '', '', ''),
(86, 2, '2018-10-10 11:24:42', 4, 4, 4, 4, '', 4, 4, 4, 4, 4, '', 4, 4, 4, 4, 4, '', 4, 4, 4, 4, '', 4, 4, 4, 4, 4, '', 'Know better what teamwork is.', '', '', 'Thank you TeamHR. Keep it up.'),
(87, 4, '2018-10-10 11:25:26', 5, 4, 4, 5, '', 5, 5, 5, 4, 4, '', 5, 5, 5, 5, 5, '', 4, 5, 3, 4, '', 5, 5, 5, 5, 4, 'Sharing of do&#039;s and dont&#039;s in the Office.', '', '', '', ''),
(88, 2, '2018-10-10 11:26:35', 5, 5, 5, 5, '', 4, 4, 4, 4, 5, '', 5, 4, 5, 4, 4, '', 5, 5, 4, 5, '', 5, 5, 5, 5, 5, 'Helping and be united.', 'Understanding and work as a team.', '', '', ''),
(89, 2, '2018-10-10 11:26:58', 5, 5, 5, 5, '', 5, 5, 5, 5, 5, '', 5, 5, 5, 5, 5, '', 5, 5, 5, 5, '', 5, 5, 5, 5, 5, '', '', '', '', ''),
(90, 4, '2018-10-10 11:27:16', 5, 5, 5, 5, '', 5, 5, 5, 5, 5, '', 5, 5, 5, 5, 5, '', 5, 5, 5, 5, '', 5, 5, 5, 5, 5, 'Teamwork', 'Knowing my self to others.', 'More exciting team building games.', 'Values formation.', 'Let&#039;s work for the best of our constituents.'),
(91, 4, '2018-10-10 11:27:51', 5, 5, 5, 5, '', 5, 5, 5, 5, 5, '', 5, 5, 5, 5, 5, '', 5, 5, 5, 5, '', 5, 5, 5, 5, 5, 'Teamworking', 'Improve relationship', '', '', ''),
(92, 2, '2018-10-10 11:27:58', 4, 4, 4, 4, '', 5, 4, 4, 4, 4, '', 4, 4, 5, 4, 4, '', 4, 4, 4, 4, '', 4, 4, 4, 4, 4, '', '', '', '', ''),
(93, 2, '2018-10-10 11:28:52', 5, 5, 5, 5, '', 4, 4, 4, 5, 5, '', 5, 5, 5, 5, 4, '', 5, 5, 4, 5, '', 5, 5, 5, 5, 5, '', '', '', '', ''),
(94, 2, '2018-10-10 11:29:01', 5, 5, 5, 5, '', 5, 5, 5, 5, 5, '', 5, 5, 5, 5, 5, '', 5, 5, 5, 5, '', 5, 5, 5, 5, 5, '', '', '', '', ''),
(95, 2, '2018-10-10 11:29:21', 5, 5, 5, 5, '', 5, 5, 5, 5, 5, '', 5, 5, 5, 5, 5, '', 5, 5, 5, 5, '', 5, 5, 5, 5, 5, '', '', '', '', ''),
(96, 2, '2018-10-10 11:29:56', 5, 5, 5, 5, '', 5, 5, 5, 5, 5, '', 5, 5, 5, 5, 5, '', 5, 5, 5, 5, '', 5, 5, 5, 5, 5, 'To know each other.', 'Relieve.', '', '', ''),
(97, 2, '2018-10-10 11:30:07', 5, 5, 5, 5, '', 5, 5, 5, 5, 5, '', 5, 5, 5, 5, 5, '', 5, 5, 5, 5, '', 5, 5, 5, 5, 5, '', '', '', '', ''),
(98, 2, '2018-10-10 11:30:24', 5, 5, 5, 5, '', 5, 5, 5, 5, 5, '', 5, 5, 5, 5, 5, '', 5, 5, 5, 5, '', 5, 4, 5, 5, 5, '', '', '', '', ''),
(99, 4, '2018-10-10 11:30:37', 5, 5, 5, 5, '', 4, 5, 5, 4, 4, '', 5, 5, 5, 5, 5, '', 5, 5, 3, 4, '', 5, 5, 5, 5, 5, 'Awereness and awakening of our task and functions to deliver much and more to our people.', 'I know myself better now and understand better people working me.', 'In the more conducive venue.', 'Customer service; Leadership development.', 'Well done.'),
(100, 2, '2018-10-10 11:30:42', 5, 5, 5, 5, '', 5, 5, 5, 5, 5, '', 5, 5, 5, 5, 5, '', 5, 5, 5, 5, '', 5, 4, 5, 5, 5, '', '', '', '', ''),
(101, 2, '2018-10-10 11:31:13', 5, 5, 5, 5, '', 5, 5, 5, 5, 5, '', 5, 5, 5, 5, 5, '', 5, 5, 5, 4, '', 5, 5, 5, 5, 5, '', '', '', '', 'TNX TEAM HR\r\nGOOD JOB'),
(102, 4, '2018-10-10 11:32:05', 5, 5, 5, 5, '', 5, 5, 5, 5, 5, '', 5, 5, 5, 5, 5, '', 5, 5, 5, 5, '', 5, 5, 5, 5, 5, 'This team branding seminar motivates me to be more productive in my job. To understand and respect the differences of my officemates.', 'To perform in a team effectively.', '', '', ''),
(103, 6, '2018-10-10 11:32:30', 5, 5, 5, 5, '', 5, 5, 5, 5, 5, '', 5, 4, 4, 4, 5, '', 5, 5, 5, 5, '', 5, 5, 5, 5, 5, '', '', '', '', ''),
(104, 4, '2018-10-10 11:32:43', 5, 5, 5, 5, '', 5, 5, 5, 5, 5, '', 5, 5, 5, 5, 5, '', 5, 5, 5, 5, '', 5, 5, 5, 5, 5, 'Team works.', 'Sharing thoughts and improving relationships.', '', '', ''),
(105, 6, '2018-10-10 11:33:00', 5, 5, 5, 5, '', 4, 4, 4, 4, 4, '', 5, 4, 5, 5, 5, '', 5, 5, 5, 5, '', 5, 5, 5, 5, 5, '', '', '', '', ''),
(106, 6, '2018-10-10 11:33:31', 5, 5, 5, 5, '', 5, 5, 5, 5, 5, '', 5, 5, 5, 5, 5, '', 5, 5, 5, 5, '', 5, 5, 5, 5, 5, '', 'Work with extra mile.', '', 'How to build confidence.', ''),
(107, 6, '2018-10-10 11:33:55', 5, 5, 5, 5, '', 5, 5, 5, 5, 5, '', 5, 4, 4, 4, 5, '', 5, 5, 5, 5, '', 5, 5, 5, 5, 5, '', '', '', '', ''),
(108, 6, '2018-10-10 11:34:29', 5, 5, 5, 5, '', 5, 5, 5, 5, 5, '', 5, 5, 5, 5, 5, '', 5, 5, 5, 5, '', 5, 5, 5, 5, 5, 'Very enjoyable.', 'Enjoyable and challenging.', '', '', ''),
(109, 4, '2018-10-10 11:35:01', 5, 5, 5, 5, '', 4, 5, 4, 5, 5, '', 5, 5, 5, 5, 5, 'Very well presented', 5, 5, 4, 4, '', 5, 5, 5, 5, 5, 'The workshop was fun and educational.', 'Our team becomes more united.', 'The training is short, it would be better if it will be 2 days.', '', 'Job well done..Congrats.'),
(110, 6, '2018-10-10 11:35:48', 5, 5, 5, 5, '', 5, 5, 5, 5, 5, '', 5, 5, 5, 5, 5, '', 5, 5, 5, 5, '', 5, 5, 5, 5, 5, '', 'Paghisgot sa kaayuhan.', '', '', ''),
(111, 4, '2018-10-10 11:37:02', 5, 5, 5, 5, '', 4, 5, 4, 5, 5, '', 5, 5, 5, 5, 5, '', 5, 5, 4, 5, '', 5, 5, 5, 5, 5, 'I learn more the team branding seminar workshop and I will come back to the office to performed what i have learned at the seminar workshop.', 'In this training helped me do a better job.', 'The seminar workshop is good.', '', 'Job well done.'),
(112, 2, '2018-10-10 11:37:42', 5, 5, 5, 5, '', 5, 5, 5, 5, 5, '', 5, 5, 5, 5, 5, '', 5, 5, 5, 5, '', 5, 5, 5, 5, 5, 'Refresh everything.', '', '', '', 'Thank you #TeamHR, More Power.'),
(113, 0, '2018-10-10 11:38:11', 5, 5, 5, 5, '', 5, 5, 5, 5, 5, '', 5, 5, 5, 5, 5, '', 5, 5, 5, 5, '', 5, 5, 5, 5, 5, '', '', '', '', ''),
(114, 2, '2018-10-10 11:38:29', 4, 5, 5, 5, '', 5, 5, 4, 5, 5, '', 4, 4, 5, 5, 5, '', 5, 5, 5, 4, '', 4, 5, 5, 5, 5, '', '', '', '', 'GOOD JOB.'),
(115, 4, '2018-10-10 11:38:32', 4, 4, 4, 4, '', 3, 4, 4, 4, 5, '', 4, 4, 4, 4, 4, '', 4, 4, 4, 4, '', 4, 4, 4, 5, 5, '', 'To develop close realtion among our group ot team CCMDO.', 'Continue learning.', '', ''),
(116, 0, '2018-10-10 11:39:13', 5, 5, 5, 5, '', 5, 5, 5, 5, 5, '', 5, 5, 5, 5, 5, '', 5, 5, 5, 5, '', 5, 5, 5, 5, 5, 'asdadawda', 'asdawda', '', '', ''),
(117, 2, '2018-10-10 11:39:20', 5, 5, 5, 5, '', 5, 5, 5, 5, 5, '', 5, 5, 5, 5, 5, '', 5, 5, 5, 5, '', 5, 5, 5, 5, 5, 'Team Work.', 'Patience', 'Initiative', '', ''),
(118, 4, '2018-10-10 11:39:26', 5, 5, 5, 5, '', 5, 5, 5, 5, 5, '', 5, 5, 5, 5, 5, '', 5, 5, 5, 5, '', 5, 5, 5, 5, 5, 'have fun.', '', 'I hope this training is 2 days para daghan pa jud mi makat onan.', '', 'Job well done.'),
(119, 0, '2018-10-10 11:39:57', 5, 5, 5, 5, '', 5, 5, 5, 5, 5, '', 5, 5, 5, 5, 5, '', 5, 1, 5, 5, '', 5, 5, 5, 5, 5, 'asdad', 'asdasd', 'asdads', 'asdasd', 'asdasda'),
(120, 4, '2018-10-10 11:40:16', 5, 5, 5, 5, '', 4, 4, 5, 4, 5, '', 4, 4, 5, 4, 5, '', 5, 5, 5, 5, '', 5, 5, 5, 5, 5, '', '', '', '', ''),
(121, 6, '2018-10-10 11:40:24', 5, 5, 5, 5, '', 5, 5, 4, 4, 4, 'Slides/cartoons need more participation', 5, 5, 5, 4, 5, 'Solicits queries from participants', 5, 5, 4, 4, 'Sound system needed', 5, 5, 5, 5, 5, 'Team work in every work to be done. Commitment in group activity. Leadership skill in each individual.', 'Success is in Teamwork in each group assigned to task will emerge a leader. Importance in group dynamics.', 'Other topics on Communication, Group Dynamics. Add facilitators (as back up to HRMO)', 'Coaching, Stress Management', 'More group activities in Team Building'),
(122, 6, '2018-10-10 11:41:49', 5, 5, 5, 5, '', 5, 5, 5, 5, 5, '', 5, 5, 5, 5, 5, '', 5, 5, 5, 5, '', 5, 5, 5, 5, 5, 'Excellence Service, Self motivation', 'Personality Development, Work Collaboration/Ethics', 'Provide service excellence. Learning Processes.', 'Personality Development', 'Excellent job. Kudos!'),
(123, 2, '2018-10-10 11:42:11', 4, 5, 5, 4, '', 4, 5, 4, 5, 5, '', 5, 5, 5, 4, 4, '', 5, 5, 5, 5, '', 5, 5, 5, 5, 5, '', '', '', '', 'Good Job.'),
(124, 4, '2018-10-10 11:42:13', 5, 5, 5, 5, '', 5, 5, 5, 5, 5, '', 5, 5, 5, 5, 5, '', 5, 5, 5, 5, '', 5, 5, 5, 5, 5, 'Minor lapses and diffrences are aired out but saves way to a more stronger working relationship.', 'I have seen much more stronger and closer relationship among officemates.', '', 'Other supervisory trainings please.', 'I suggets that team buildings. Training must be conductes every year.'),
(125, 2, '2018-10-10 11:42:20', 5, 5, 5, 5, '', 5, 5, 5, 5, 5, '', 5, 5, 5, 5, 5, '', 5, 5, 5, 5, '', 5, 5, 5, 5, 5, '', '', '', '', ''),
(126, 4, '2018-10-10 11:42:54', 5, 5, 5, 5, '', 5, 5, 5, 4, 5, '', 5, 5, 5, 4, 5, '', 5, 5, 4, 4, '', 5, 5, 5, 5, 5, '', '', '', '', ''),
(127, 6, '2018-10-10 11:43:53', 5, 5, 5, 5, '', 4, 5, 4, 5, 4, '', 5, 5, 5, 4, 5, '', 5, 5, 4, 4, '', 5, 5, 5, 4, 5, 'It can help me improve in my skills and knowledge in the department.', 'Help the office towards city&#039;s vision and promote excellence to my services.', 'More visual impact.', 'Individual training upliftment.', 'Re-evaluation of training/workshop to each individual.'),
(128, 4, '2018-10-10 11:45:37', 5, 5, 5, 5, '', 5, 5, 5, 5, 5, '', 5, 5, 5, 5, 5, '', 5, 5, 4, 5, '', 5, 5, 5, 5, 5, 'We were united making our team brand. We are able to check and balance(office organization).', 'With this activity, I have larned that I shoud try to ponder what am I doing and my dealings with others.', '', 'Maybe IPR activity to give much attention to possible mis-interpretation and misunderstanding among officemates.', 'Good job HR! Looking forward to be trained more. Thanks for serving with a heart.'),
(129, 4, '2018-10-10 11:46:36', 4, 4, 4, 4, '', 4, 4, 4, 4, 4, '', 4, 4, 4, 4, 4, '', 4, 4, 4, 4, '', 5, 5, 5, 5, 5, '', '', '', '', ''),
(130, 4, '2018-10-10 11:48:16', 5, 5, 5, 5, '', 5, 5, 5, 5, 5, '', 5, 5, 5, 5, 5, '', 5, 5, 5, 5, '', 5, 5, 5, 5, 5, 'What was happened understanding and sencerity in work is the most important.', '', '', '', 'Hope that the Local Government continue to support this kind of seminar every year.'),
(131, 6, '2018-10-10 11:48:52', 5, 5, 5, 5, '', 5, 5, 5, 5, 5, '', 5, 5, 5, 5, 5, '', 5, 5, 5, 5, '', 5, 5, 5, 5, 5, 'SLE - 3 team dynamics', 'Perspective, connection', '', '', ''),
(132, 4, '2018-10-10 11:49:45', 5, 5, 5, 5, '', 5, 5, 5, 5, 5, '', 5, 5, 5, 5, 5, '', 5, 5, 5, 5, '', 5, 5, 5, 5, 5, 'It helps us learned better Job in the Office.', 'Good relationship towards office mates.', 'Unity', '', 'I hope have another Team Building sooner. Thank you.'),
(133, 6, '2018-10-10 11:50:33', 5, 5, 5, 5, '', 5, 5, 5, 5, 5, '', 5, 5, 5, 5, 5, '', 5, 5, 5, 5, '', 5, 5, 5, 5, 5, 'The high point derived from the whole learning experience is the importance of &quot;the individual commitment to the group effort&quot;.', 'Make awareness of how I can contribute to excellence and success.', '', '', ''),
(134, 6, '2018-10-10 11:52:08', 4, 4, 4, 4, '', 4, 4, 4, 4, 4, '', 4, 4, 4, 4, 4, '', 4, 4, 4, 4, '', 5, 5, 5, 5, 5, 'Nindot kaayo sya kay daghan ko nakat unan.', '', 'Ok ra kaayo.', '', ''),
(135, 6, '2018-10-10 11:54:37', 5, 5, 5, 5, '', 5, 5, 5, 4, 5, '', 4, 5, 5, 5, 5, '', 5, 5, 5, 5, '', 5, 5, 5, 5, 5, 'The highest point I learned was to become more effective and efficient worker to the community and to become excellent.', 'This training remind me the responsibilities of every individual no matter what position  you have.', 'If you can improve knowledge, responsibilities and how to excel in every work you have.', '', ''),
(136, 6, '2018-10-10 11:55:12', 5, 5, 4, 5, '', 5, 5, 4, 4, 4, '', 5, 5, 5, 4, 4, '', 5, 5, 5, 5, '', 5, 5, 5, 5, 5, '', '', '', '', ''),
(137, 6, '2018-10-10 11:56:11', 4, 4, 4, 4, '', 4, 4, 4, 4, 4, '', 4, 4, 4, 4, 5, '', 4, 4, 5, 4, '', 5, 5, 5, 5, 5, 'How to work really as a team.', '', '', '', ''),
(138, 6, '2018-10-10 11:59:47', 4, 4, 5, 5, '', 4, 5, 4, 4, 5, '', 4, 5, 5, 4, 5, '', 4, 4, 4, 4, '', 5, 5, 5, 4, 5, 'To know unsa ang aprt as one of the LGU workers.', 'Dako kaayo ang benefits nga nadawat ani ga training workshop para sa ako self and sa inadlaw nga pag work.', 'Trainings no need na but need siguro tanan gyud nga offices.', 'Dapat kami tanan ni apil gyud para makabalo ug unsa ka importante ang atong work sa LGU.', ''),
(139, 6, '2018-10-10 12:00:05', 5, 5, 5, 5, '', 4, 5, 5, 5, 5, '', 5, 5, 5, 5, 5, '', 5, 5, 5, 5, '', 5, 5, 5, 5, 5, '', '', '', '', ''),
(140, 6, '2018-10-10 12:00:21', 5, 5, 5, 5, '', 5, 4, 4, 5, 5, '', 5, 5, 5, 4, 5, '', 5, 5, 5, 5, '', 5, 5, 5, 5, 5, '', '', '', '', ''),
(141, 8, '2018-10-10 12:47:20', 5, 5, 5, 4, '', 4, 4, 4, 4, 4, '', 4, 4, 4, 4, 4, '', 5, 5, 4, 5, '', 4, 4, 4, 4, 5, '', '', '', '', ''),
(142, 8, '2018-10-10 12:48:32', 4, 5, 5, 4, '', 3, 5, 4, 4, 4, '', 5, 4, 5, 4, 5, '', 4, 4, 4, 4, '', 5, 5, 5, 5, 5, '', '', '', '', ''),
(143, 8, '2018-10-10 12:51:19', 5, 5, 5, 5, '', 5, 5, 5, 5, 4, '', 5, 5, 5, 4, 5, '', 5, 5, 5, 5, '', 5, 5, 5, 5, 5, 'Teamwork', 'camaraderie', 'system', 'To have specific duty &amp; responsibility   per person', ''),
(144, 8, '2018-10-10 12:51:47', 5, 5, 5, 5, '', 4, 5, 4, 5, 4, '', 5, 5, 5, 5, 5, '', 5, 5, 5, 5, '', 5, 5, 5, 5, 5, '', '', '', '', ''),
(145, 8, '2018-10-10 12:51:57', 5, 5, 5, 5, '', 5, 5, 5, 5, 5, '', 5, 5, 5, 5, 5, '', 5, 5, 5, 5, '', 5, 5, 5, 5, 5, '', '', '', '', ''),
(146, 8, '2018-10-10 12:52:31', 5, 5, 5, 5, '', 5, 5, 5, 5, 5, '', 5, 5, 5, 5, 5, '', 5, 5, 5, 5, '', 5, 5, 5, 5, 5, '', '', '', '', ''),
(147, 8, '2018-10-10 12:53:50', 4, 5, 4, 4, '', 4, 5, 4, 5, 4, '', 4, 4, 5, 4, 5, '', 4, 5, 5, 4, '', 5, 5, 5, 5, 5, '', '', '', '', ''),
(148, 8, '2018-10-10 12:54:32', 5, 5, 5, 5, '', 5, 5, 5, 5, 5, '', 5, 5, 5, 5, 5, '', 5, 5, 5, 5, '', 5, 5, 5, 5, 5, 'Self-realization', 'Motivation', '', 'Skills Training', ''),
(149, 8, '2018-10-10 12:55:34', 5, 5, 5, 5, '', 5, 5, 5, 5, 5, '', 5, 4, 5, 5, 5, '', 5, 4, 5, 5, '', 5, 5, 5, 5, 5, 'Team Branding', ' We been able to determine our direction as a team', '', '', ''),
(150, 8, '2018-10-10 12:56:09', 5, 5, 5, 5, '', 5, 5, 5, 5, 5, '', 5, 5, 5, 4, 5, '', 5, 5, 5, 5, '', 5, 4, 4, 5, 5, '', '', '', '', ''),
(151, 8, '2018-10-10 12:56:45', 5, 5, 5, 5, '', 4, 5, 5, 5, 5, '', 4, 5, 5, 5, 5, '', 4, 5, 5, 5, '', 5, 4, 5, 5, 4, '', '', '', '', ''),
(152, 8, '2018-10-10 12:57:20', 4, 5, 5, 5, '', 4, 5, 4, 5, 5, '', 5, 5, 5, 5, 5, '', 5, 5, 5, 5, '', 5, 5, 5, 5, 5, '', 'more Learning', '', '', ''),
(153, 8, '2018-10-10 12:58:51', 5, 4, 4, 4, '', 4, 4, 4, 4, 4, '', 4, 4, 4, 4, 4, '', 5, 5, 5, 4, '', 4, 4, 4, 4, 4, '', '', '', '', ''),
(154, 8, '2018-10-10 12:59:30', 5, 5, 5, 5, '', 4, 5, 5, 5, 5, '', 5, 5, 5, 5, 5, '', 5, 5, 5, 5, '', 5, 5, 5, 5, 5, '', '', '', '', ''),
(155, 8, '2018-10-10 13:00:06', 5, 5, 5, 5, '', 5, 5, 5, 5, 5, '', 5, 5, 5, 5, 5, '', 5, 5, 5, 5, '', 4, 4, 4, 4, 4, '', '', '', '', ''),
(156, 8, '2018-10-10 13:02:25', 5, 5, 5, 5, '', 4, 4, 5, 5, 5, '', 4, 4, 4, 5, 4, '', 5, 5, 5, 5, '', 4, 4, 4, 4, 4, 'Lectures', 'Add more Knowledge.', '', '', ''),
(157, 8, '2018-10-10 13:03:52', 4, 4, 4, 4, '', 4, 4, 4, 4, 4, '', 4, 4, 4, 4, 4, '', 4, 4, 4, 4, '', 4, 4, 4, 4, 4, '', '', '', '', ''),
(158, 8, '2018-10-10 13:04:13', 5, 5, 5, 5, '', 5, 5, 5, 5, 5, '', 5, 5, 5, 5, 5, '', 5, 5, 5, 5, '', 4, 4, 4, 4, 4, '', '', '', '', ''),
(159, 8, '2018-10-10 13:05:26', 5, 5, 4, 4, '', 4, 4, 4, 5, 5, '', 5, 5, 5, 5, 5, '', 5, 5, 5, 5, '', 5, 5, 5, 5, 5, '', '', '', '', ''),
(160, 8, '2018-10-10 13:06:17', 4, 4, 4, 4, '', 4, 4, 4, 4, 4, '', 4, 4, 4, 4, 4, '', 4, 4, 4, 4, '', 5, 5, 5, 5, 5, '', '', '', '', ''),
(161, 8, '2018-10-10 13:07:39', 5, 5, 5, 5, '', 5, 5, 5, 5, 5, '', 5, 5, 5, 5, 5, '', 5, 5, 5, 5, '', 5, 5, 5, 5, 5, '', '', '', '', ''),
(162, 8, '2018-10-10 13:10:34', 4, 4, 4, 4, '', 4, 4, 4, 4, 4, '', 4, 4, 4, 4, 4, '', 4, 4, 4, 4, '', 4, 4, 4, 4, 4, 'To enhance our learning.', 'Cooperate / Understanding', 'Add more act.', 'Anything that is helpfull', 'Keep up the Good work!!'),
(163, 8, '2018-10-10 13:12:30', 4, 4, 4, 4, '', 4, 4, 4, 4, 4, '', 4, 4, 4, 4, 4, '', 4, 4, 4, 4, '', 4, 4, 4, 4, 4, '', '', '', '', 'Good Job'),
(164, 8, '2018-10-10 13:13:41', 4, 4, 4, 4, '', 4, 4, 4, 4, 4, '', 4, 4, 4, 4, 4, '', 4, 4, 4, 4, '', 5, 5, 5, 5, 5, '', '', '', '', ''),
(165, 9, '2018-10-10 13:18:31', 4, 5, 5, 5, '', 4, 5, 4, 4, 5, '', 4, 4, 5, 5, 5, '', 4, 5, 5, 5, '', 5, 5, 5, 5, 5, 'To enhance my knowledge on technical writing.', 'It could improve my skills on communication.', 'More visual ideas/aide, experience must be presented.', 'Seminar on Public Communication/Speaking', 'The workshop helps a lot in my field of responsibility so that, technical writing can be applied in my field.'),
(166, 8, '2018-10-10 13:19:05', 5, 4, 4, 4, '', 4, 4, 4, 4, 4, '', 4, 4, 4, 4, 4, '', 4, 4, 4, 4, '', 5, 5, 5, 5, 5, '', '', '', '', ''),
(167, 8, '2018-10-10 13:19:54', 5, 4, 4, 4, '', 4, 5, 5, 5, 5, '', 5, 5, 5, 5, 5, '', 5, 5, 5, 5, '', 5, 5, 5, 5, 5, '', '', '', '', ''),
(168, 8, '2018-10-10 13:21:06', 5, 4, 4, 4, '', 4, 4, 4, 4, 4, '', 4, 4, 4, 4, 4, '', 4, 4, 4, 4, '', 5, 5, 5, 5, 5, '', '', '', '', ''),
(169, 8, '2018-10-10 13:21:29', 5, 5, 5, 5, '', 5, 5, 5, 5, 5, '', 5, 5, 5, 5, 5, '', 5, 5, 5, 5, '', 5, 5, 5, 5, 5, '', '', '', '', ''),
(170, 8, '2018-10-10 13:22:25', 5, 5, 5, 5, '', 5, 5, 4, 5, 5, '', 5, 5, 5, 5, 5, '', 5, 5, 5, 5, '', 5, 5, 5, 5, 5, 'Opening up w/ my colleague ', '', '', '', ''),
(171, 9, '2018-10-10 13:24:08', 5, 5, 5, 5, '', 5, 5, 5, 5, 5, '', 5, 5, 5, 5, 5, '', 5, 5, 5, 5, '', 5, 5, 5, 5, 5, 'Being able to learn new ideas regarding proper use of words, phrases, in technical writing, the standard format that must be part of the LGU Branding even if we start first at our respective office/department.', 'The basics on technical writing.', 'It is my first time to attend this kind of training and I feel like it&#039;s more effective and we can learn a lot more if this is 2 or 3-day training. But even so, I have learned something that would help me more as this is very helpful in my job.', 'Different trainings for the year is already lined uo, I guess all employees can benefit with the Learning and Development intervention of the HRM Office.', 'Looking forward for additional trainings in the future.'),
(172, 8, '2018-10-10 13:24:41', 4, 4, 4, 4, '', 5, 4, 4, 4, 4, '', 4, 4, 4, 4, 4, '', 4, 5, 5, 5, '', 5, 5, 5, 5, 5, '', '', '', '', ''),
(173, 8, '2018-10-10 13:24:51', 5, 5, 5, 5, '', 5, 5, 5, 5, 5, '', 5, 5, 5, 5, 5, '', 5, 5, 5, 5, '', 5, 5, 5, 5, 5, '', '', '', '', ''),
(174, 8, '2018-10-10 13:27:38', 5, 5, 5, 5, 'Well done.', 4, 4, 4, 4, 4, 'A job well done, so proud of HR', 5, 5, 5, 5, 5, 'May your tribe increase.', 5, 5, 5, 5, '', 4, 4, 4, 4, 5, '', '', '', '', ''),
(175, 9, '2018-10-10 13:28:46', 5, 5, 5, 5, '', 5, 5, 5, 5, 5, '', 5, 5, 5, 5, 5, '', 5, 5, 4, 4, '', 5, 5, 5, 5, 5, 'Guidelines on good technical writing', 'Enhanced or strengthened technical writing skills.', '', '', 'Venue is quite small and not really conducive to learning.'),
(176, 8, '2018-10-10 13:28:52', 4, 5, 4, 4, '', 5, 5, 5, 5, 5, '', 4, 4, 5, 4, 5, '', 4, 5, 4, 5, '', 4, 4, 4, 4, 4, '', '', '', '', ''),
(177, 8, '2018-10-10 13:29:24', 5, 5, 5, 5, '', 4, 5, 4, 5, 4, '', 5, 5, 5, 5, 5, '', 5, 5, 5, 5, '', 5, 5, 5, 5, 5, '', '', '', '', ''),
(178, 8, '2018-10-10 13:30:08', 4, 4, 4, 5, '', 4, 4, 4, 4, 4, '', 4, 5, 5, 5, 5, '', 4, 4, 4, 5, '', 4, 5, 4, 5, 5, '', '', '', '', ''),
(179, 8, '2018-10-10 13:30:38', 4, 5, 4, 5, '', 5, 5, 5, 5, 5, '', 5, 5, 5, 5, 5, '', 4, 5, 4, 5, '', 5, 5, 5, 5, 5, '', '', '', '', ''),
(180, 9, '2018-10-10 13:31:01', 5, 5, 5, 5, '', 4, 5, 4, 4, 5, '', 5, 5, 5, 5, 5, '', 4, 5, 4, 4, '', 5, 5, 5, 5, 5, 'The learnings can contribute to the promotion of our office especially on crafting good communication letters.', 'Personal growth as public servant especially very beneficial in everyday task.', 'More training workshops in the future.', 'Basic computer training.', ''),
(181, 8, '2018-10-10 13:33:02', 4, 4, 4, 4, '', 4, 4, 4, 4, 4, '', 5, 5, 5, 5, 5, '', 4, 4, 4, 4, '', 4, 4, 4, 4, 4, 'Import more knowledge', 'Add more interest to my job', 'Perfect no need to improved', 'None', 'Succesfull'),
(182, 9, '2018-10-10 13:35:06', 4, 4, 4, 4, '', 4, 3, 4, 4, 4, '', 4, 3, 4, 4, 4, '', 4, 4, 3, 4, '', 5, 5, 5, 5, 5, 'For me the whole point of the whole learning experience is that I know the goals of writing, the qualities of good technical writing  and I learned a lot from this seminar.', 'I learned a lot of things in this training.', '', '', ''),
(183, 9, '2018-10-10 13:38:05', 5, 5, 5, 5, '', 5, 5, 5, 5, 4, '', 5, 4, 5, 5, 5, '', 4, 4, 3, 3, '', 5, 4, 5, 5, 5, 'The high point of the whole learning experience is the discovery of one&#039;s self ability that my work function fitted to what my heart desires in a job.', 'The ability to construct letter, short, direct to the point and effective technically.', 'Venue and snacks.', 'Administrative, Records Management', ''),
(184, 8, '2018-10-10 13:38:10', 5, 5, 4, 4, '', 5, 4, 4, 5, 5, '', 5, 4, 4, 5, 5, '', 4, 5, 5, 5, '', 5, 5, 5, 5, 5, 'Commitment portion', 'Getting to know my team more', 'Branding portion too short', '', 'Million thanks, Im truly proud of you guys. Well make the/your award Big! '),
(185, 8, '2018-10-10 13:39:47', 5, 5, 5, 5, '', 4, 4, 5, 5, 5, '', 5, 5, 5, 5, 5, '', 5, 5, 5, 5, '', 4, 4, 5, 4, 5, '', 'More knowledge i learned', '', 'More Training', ''),
(186, 9, '2018-10-10 13:40:45', 4, 4, 4, 4, '', 5, 4, 4, 5, 5, '', 5, 5, 5, 5, 5, '', 5, 5, 5, 5, '', 5, 5, 5, 5, 5, 'Being able to reach or achieve the objective of the workshop. The subject matter is very interesting.', 'I was able to know more the ways and proper means of writing communications or correspondences which is very useful to my work in the office.', 'Records Management', '', ''),
(187, 10, '2018-10-10 13:56:12', 4, 5, 5, 5, '', 5, 4, 4, 4, 5, '', 5, 5, 5, 5, 5, '', 5, 5, 5, 5, '', 4, 4, 5, 5, 5, 'Branding Part', 'Self evaluation / realization', 'Let others give opportunity to speak', '', ''),
(188, 10, '2018-10-10 13:56:56', 5, 5, 5, 5, '', 4, 5, 4, 4, 5, '', 4, 4, 4, 5, 5, '', 5, 5, 4, 4, '', 5, 5, 5, 5, 5, '', '', '', '', ''),
(189, 10, '2018-10-10 13:57:05', 5, 5, 5, 5, '', 5, 5, 5, 5, 5, '', 5, 5, 5, 5, 5, '', 5, 5, 5, 5, '', 5, 5, 5, 5, 5, '', '', '', '', ''),
(190, 10, '2018-10-10 14:01:11', 5, 5, 5, 5, 'Good job Team HR.', 4, 5, 4, 5, 5, 'Excellent Presentation.', 5, 4, 5, 4, 5, 'Resourceful.', 5, 4, 4, 4, 'Applicable', 5, 5, 5, 5, 5, 'Helping each other encourage follows to work with a heart &amp; dedication loyalty as well fun with benefits.', 'Improve yourself with your teammates.', 'More games/ fun.', 'communication skills.', ''),
(191, 9, '2018-10-10 14:02:30', 5, 4, 5, 5, '', 5, 5, 5, 5, 5, '', 5, 5, 5, 5, 5, '', 5, 5, 5, 5, '', 5, 5, 5, 5, 5, 'Correct the traditional way of writing a letter and other means of communications. Help/gives confident to the person writing/composing the letter.', 'Develop and improve my writing skills and gives me more idea on how to compose a letter.', 'Additional day to give more time.', '', 'More seminars and workshops especially to those employees who are performing the job.'),
(192, 9, '2018-10-10 14:05:07', 5, 5, 5, 5, '', 5, 5, 5, 4, 5, '', 5, 5, 5, 5, 5, '', 5, 5, 5, 4, '', 5, 5, 5, 5, 5, 'We should be ouselves', 'Keep it simple', 'More time, activities (writing)', 'Relative to be professionals &quot;Not Inato&quot;', 'Good job Team HR. Thank you Ma&#039;am Emma!'),
(193, 10, '2018-10-10 14:05:50', 5, 5, 5, 5, '', 5, 5, 5, 5, 5, '', 5, 5, 5, 5, 5, '', 5, 5, 5, 5, '', 5, 5, 5, 5, 5, 'The team/office to attain one goal in the continuity of the name and service established by the offices. ', 'able to contribute and obtain thoughts from other individuals .', 'None so far.', 'Personal enhancements to every individuals to be competent at work.', 'THANK YOU SA EXPERIENCE!!!!.'),
(194, 10, '2018-10-10 14:06:45', 3, 3, 3, 3, '', 3, 4, 4, 3, 5, '', 5, 3, 3, 3, 4, '', 4, 4, 4, 4, '', 5, 5, 5, 5, 5, '', '', '', '', ''),
(195, 9, '2018-10-10 14:06:52', 5, 4, 5, 4, '', 5, 5, 4, 4, 4, '', 4, 5, 4, 5, 5, '', 5, 5, 4, 4, '', 5, 5, 5, 5, 5, 'The learning experience will definitely improve my writing skills that will translate to the effective letter writing.', 'The workshop helps a lot in terms of professional advancement.', '', '', ''),
(196, 10, '2018-10-10 14:06:53', 5, 5, 5, 5, '', 5, 5, 5, 5, 5, '', 5, 5, 5, 5, 5, '', 5, 5, 5, 5, '', 5, 5, 5, 5, 5, '', '', '', '', ''),
(197, 10, '2018-10-10 14:08:29', 5, 5, 5, 5, '', 4, 5, 5, 5, 5, '', 5, 5, 5, 5, 5, '', 5, 5, 5, 5, '', 5, 5, 5, 5, 5, '', 'I was able to know some differences between us diri sa DRRM.', '', '', ''),
(198, 9, '2018-10-10 14:08:32', 5, 5, 5, 5, '', 5, 5, 5, 5, 5, '', 5, 5, 5, 4, 4, '', 5, 5, 5, 5, '', 5, 5, 5, 5, 5, 'The training was excellent; it enable me to understand more about writing letter.', 'It improves or enhances my writing skills.', 'It adds my knowledge in writing letter.', 'Seminar Workshop in Records Safekeeping', ''),
(199, 10, '2018-10-10 14:10:11', 5, 5, 5, 5, 'Nice.', 4, 5, 4, 5, 5, 'Outstanding.', 4, 5, 5, 5, 5, 'Excellence.', 4, 5, 5, 5, 'Very Good.', 5, 5, 5, 5, 5, 'To work together and unity is important.', '', '', '', ''),
(200, 9, '2018-10-10 14:11:03', 5, 5, 5, 5, '', 5, 5, 5, 5, 5, '', 5, 5, 5, 5, 5, '', 5, 5, 5, 5, '', 5, 5, 5, 5, 5, 'I was able to correct my mistakes and the seminar served as a refresher course.', 'I learned/gained additional knowledge on technical writing that can help me in accomplishing my tasks in the office.', 'Overall, it was effective. Maybe more exercises regarding the topic.', 'Composition of resolutions, amendments. Hoe to manage different people/personalities, character.', ''),
(201, 10, '2018-10-10 14:12:34', 5, 5, 5, 5, '', 5, 5, 5, 5, 5, '', 5, 5, 5, 5, 5, '', 5, 5, 5, 5, '', 5, 5, 5, 5, 5, 'The sharing of thoughts, ideas &amp; feelings.', 'Motivation to do better.', '', '', 'Thank you very much for the time &amp; supports. PADAYON!'),
(202, 9, '2018-10-10 14:12:43', 5, 5, 5, 5, '', 5, 5, 5, 5, 5, '', 4, 4, 4, 5, 5, '', 5, 5, 5, 5, '', 5, 5, 5, 5, 5, 'The whole activity.', 'It improves and enhances my writing skills', 'Need more time and activity.', 'Any', 'Very educational and refreshing.'),
(203, 9, '2018-10-10 14:13:16', 4, 5, 4, 5, '', 5, 5, 5, 5, 5, '', 5, 4, 5, 4, 5, '', 5, 5, 5, 5, '', 4, 5, 5, 5, 5, '', '', '', '', ''),
(204, 10, '2018-10-10 14:13:55', 5, 5, 5, 5, '', 4, 5, 5, 5, 5, '', 5, 5, 5, 5, 5, '', 5, 5, 5, 5, '', 5, 5, 5, 5, 5, '', 'Makahatag ug dugang hibalo sa matag-usa kanamo kabahin sa matag-usa nga kinaiya.', '', '', ''),
(205, 10, '2018-10-10 14:14:24', 4, 4, 4, 4, '', 5, 5, 5, 5, 5, '', 5, 5, 5, 5, 5, '', 5, 5, 5, 5, '', 5, 5, 5, 5, 5, '', '', '', '', ''),
(206, 9, '2018-10-10 14:14:28', 5, 5, 5, 5, '', 4, 5, 4, 4, 5, '', 5, 5, 5, 5, 5, '', 5, 5, 5, 5, '', 5, 5, 5, 5, 5, '', 'Learning the dos and don&#039;ts of writing letters.', 'More writeshop activity', '', ''),
(207, 10, '2018-10-10 14:14:59', 5, 5, 5, 5, '', 5, 5, 5, 5, 5, '', 5, 5, 5, 5, 5, '', 5, 5, 5, 5, '', 4, 4, 5, 5, 5, '', 'Learning &amp; Bonding', '', '', ''),
(208, 10, '2018-10-10 14:16:44', 5, 5, 5, 5, '', 5, 5, 5, 5, 5, '', 5, 5, 5, 5, 5, '', 5, 5, 5, 5, '', 5, 5, 5, 5, 5, 'The hight point that I&#039;ve learn is work dedication.', 'I improve my self specially in rendering service.', '', '', ''),
(209, 10, '2018-10-10 14:17:25', 5, 5, 5, 5, '', 5, 5, 5, 5, 5, '', 5, 5, 5, 5, 5, '', 5, 5, 5, 5, '', 5, 5, 5, 4, 4, 'To conduct Seminar.', 'To learn more trainings.', '', '', ''),
(210, 10, '2018-10-10 14:17:55', 5, 5, 5, 5, '', 5, 5, 5, 5, 5, '', 5, 5, 5, 5, 5, '', 5, 5, 5, 5, '', 5, 5, 5, 5, 5, '', '', '', '', ''),
(211, 9, '2018-10-10 14:18:36', 4, 3, 4, 4, '', 5, 5, 5, 5, 5, '', 4, 4, 4, 4, 4, '', 4, 4, 4, 4, '', 4, 5, 4, 4, 4, '', '', '', '', ''),
(212, 10, '2018-10-10 14:19:08', 5, 4, 4, 5, '', 4, 4, 5, 5, 4, '', 4, 4, 5, 4, 4, '', 4, 4, 4, 4, '', 4, 4, 4, 4, 4, '', '', '', '', ''),
(213, 10, '2018-10-10 14:20:17', 5, 5, 5, 4, '', 5, 5, 5, 5, 5, '', 5, 5, 5, 5, 5, '', 5, 5, 5, 5, '', 5, 5, 5, 5, 5, 'Focus.', 'Enhance more.', 'Very Good.', '', ''),
(214, 9, '2018-10-10 14:20:37', 4, 3, 4, 4, '', 4, 4, 4, 4, 4, '', 4, 4, 4, 4, 5, '', 4, 4, 4, 4, '', 4, 4, 4, 4, 4, 'With the knowledge I learned on this seminar I will be able to improve my technical writing skills.', 'This workshop enhances my knowledge on what technical writing is all about.', '', '', ''),
(215, 10, '2018-10-10 14:21:45', 4, 4, 4, 4, '', 4, 4, 4, 4, 4, '', 5, 5, 5, 4, 5, '', 4, 4, 5, 5, '', 4, 4, 4, 4, 5, 'Interesting in gives you more idea.', '', '', '', ''),
(216, 9, '2018-10-10 14:21:58', 5, 4, 4, 5, '', 5, 5, 4, 4, 5, '', 5, 5, 5, 5, 5, '', 4, 4, 4, 4, '', 5, 5, 5, 5, 5, 'Avoiding using word phrases', 'Learning to be effective writer/technical writer.', '', '', ''),
(217, 10, '2018-10-10 14:22:59', 4, 5, 5, 4, '', 5, 4, 5, 5, 5, '', 5, 5, 5, 5, 5, '', 4, 5, 5, 4, '', 4, 5, 5, 5, 4, '', '', '', '', ''),
(218, 9, '2018-10-10 14:23:23', 5, 5, 5, 5, '', 5, 5, 5, 5, 5, '', 5, 5, 5, 5, 5, '', 5, 5, 4, 4, '', 5, 5, 5, 5, 5, '', 'Learned more, enhanced our knowledge regarding this workshop. Especially writing letters and our communication skills.', 'Writing and communication skills.', '', ''),
(219, 10, '2018-10-10 14:23:46', 5, 4, 4, 5, '', 4, 4, 4, 5, 5, '', 5, 5, 5, 5, 5, '', 4, 4, 4, 4, '', 4, 5, 5, 5, 4, '', '', '', '', ''),
(220, 9, '2018-10-10 14:24:36', 4, 4, 4, 4, '', 5, 4, 3, 4, 4, '', 5, 4, 4, 5, 4, '', 4, 4, 4, 4, '', 4, 4, 4, 4, 4, '', '', '', '', 'If possible handouts be provided to the paticipants.'),
(221, 10, '2018-10-10 14:25:44', 5, 4, 4, 4, '', 5, 4, 5, 5, 5, '', 5, 5, 5, 4, 5, '', 4, 5, 5, 4, '', 5, 5, 5, 5, 5, '', 'Develop myself reliance and self-esteem. ', 'Myself towards my work.', '', ''),
(222, 10, '2018-10-10 14:28:52', 5, 4, 4, 4, '', 4, 4, 4, 4, 4, '', 4, 4, 4, 4, 4, '', 4, 4, 4, 4, '', 5, 5, 5, 5, 5, 'The sharing ideas, possible change sa work.', 'Knowing my colleague.', 'More interactive games.', '', ''),
(223, 10, '2018-10-10 14:31:11', 5, 5, 5, 5, '', 5, 5, 5, 5, 5, '', 5, 5, 5, 5, 5, '', 5, 5, 5, 5, '', 5, 5, 5, 5, 5, '', '', '', 'More competency ', ''),
(224, 10, '2018-10-10 14:32:14', 5, 5, 4, 5, '', 5, 4, 5, 4, 5, '', 5, 5, 5, 5, 4, '', 5, 5, 5, 5, '', 5, 5, 5, 5, 5, 'Challenge  myself.', '', '', '', ''),
(225, 10, '2018-10-10 14:33:31', 5, 4, 5, 5, '', 4, 5, 5, 5, 4, '', 5, 5, 5, 4, 5, '', 5, 5, 4, 5, '', 5, 5, 5, 4, 4, '', 'Work as a team.', '', '', ''),
(226, 10, '2018-10-10 14:36:12', 5, 4, 5, 4, '', 4, 5, 5, 4, 5, '', 5, 4, 4, 5, 5, '', 4, 5, 5, 5, '', 5, 5, 4, 4, 5, 'The whole learning experience is to challenge myself. ', 'Advance Learning.a', '', '', ''),
(227, 10, '2018-10-10 14:36:41', 5, 5, 5, 5, '', 5, 5, 5, 5, 5, '', 5, 5, 5, 5, 5, '', 5, 5, 5, 5, '', 5, 5, 5, 5, 5, '', '', '', '', ''),
(228, 10, '2018-10-10 14:37:55', 4, 4, 5, 5, '', 5, 4, 4, 5, 4, '', 4, 5, 4, 5, 5, '', 4, 5, 5, 5, '', 4, 4, 5, 4, 5, '', 'Kaayuhan', '', '', 'VERY GOOD!'),
(229, 10, '2018-10-10 14:38:46', 5, 5, 4, 5, '', 4, 5, 5, 5, 5, '', 5, 4, 5, 5, 5, '', 5, 5, 5, 5, '', 5, 5, 5, 5, 5, '', 'Work as a team.', '', 'Strategic Planning.', ''),
(230, 10, '2018-10-10 14:39:19', 5, 5, 4, 5, '', 4, 5, 5, 5, 5, '', 5, 4, 5, 5, 5, '', 5, 5, 5, 5, '', 5, 5, 5, 5, 5, '', 'Work as a team.', '', '', ''),
(231, 10, '2018-10-10 14:42:52', 5, 5, 4, 5, '', 2, 5, 4, 4, 4, 'Paspas ra, need extension. ( tungod sa gamay ra nga oras).', 5, 4, 4, 4, 4, '', 4, 5, 3, 3, '', 5, 5, 5, 5, 5, 'The need of one&#039;s commitment  to our goals.', '', '', '', ''),
(232, 10, '2018-10-10 14:44:37', 4, 5, 5, 4, '', 4, 5, 5, 5, 4, '', 5, 4, 4, 3, 4, '', 4, 5, 5, 5, '', 5, 5, 4, 5, 5, 'The team branding.', 'To improve more.', '', 'Rescue Training.', '');
INSERT INTO `personneltrainingseval` (`personneltrainingseval_id`, `personneltrainings_id`, `dateTimeAdded`, `subj_matter_1_rating`, `subj_matter_2_rating`, `subj_matter_3_rating`, `subj_matter_4_rating`, `subj_matter_comment`, `presentation_1_rating`, `presentation_2_rating`, `presentation_3_rating`, `presentation_4_rating`, `presentation_5_rating`, `presentation_comment`, `resource_pip_1_rating`, `resource_pip_2_rating`, `resource_pip_3_rating`, `resource_pip_4_rating`, `resource_pip_5_rating`, `resource_pip_comment`, `administrative_1_rating`, `administrative_2_rating`, `administrative_3_rating`, `administrative_4_rating`, `administrative_comment`, `overall_ass_1`, `overall_ass_2`, `overall_ass_3`, `overall_ass_4`, `overall_ass_5`, `assessment_1`, `assessment_2`, `assessment_3`, `assessment_4`, `assessment_5`) VALUES
(233, 10, '2018-10-10 14:45:29', 5, 5, 5, 5, '', 5, 5, 5, 5, 5, '', 5, 5, 5, 5, 5, '', 5, 5, 5, 5, '', 5, 5, 5, 5, 5, 'Sharing ideas.', 'Gain more confidence and knowledge.', '', '', ''),
(234, 10, '2018-10-10 14:46:59', 5, 4, 5, 4, '', 5, 5, 5, 4, 4, '', 5, 5, 5, 4, 4, '', 4, 4, 5, 5, '', 5, 5, 5, 5, 5, '', '', '', '', ''),
(235, 10, '2018-10-10 14:49:44', 5, 4, 5, 5, '', 4, 4, 4, 5, 4, '', 5, 5, 5, 5, 5, '', 5, 5, 3, 3, '', 5, 5, 5, 5, 5, 'The team branding.', 'The mindset to be improve.', 'Group activity like team building.', 'Human relation &amp; Behavior.', 'Everything is properly arranged to have good workshop output.'),
(236, 9, '2018-10-10 14:50:51', 4, 4, 4, 4, '', 4, 4, 4, 4, 4, '', 5, 4, 4, 4, 4, '', 5, 5, 4, 4, '', 4, 4, 4, 4, 4, '', '', 'Provision of hand outs', 'Conflict resolution/management and Stress Management', ''),
(237, 9, '2018-10-10 14:51:29', 4, 4, 4, 5, '', 5, 5, 4, 4, 5, '', 5, 4, 5, 5, 5, '', 5, 5, 5, 4, '', 5, 4, 5, 5, 5, '', '', '', '', ''),
(238, 9, '2018-10-10 14:52:59', 5, 5, 5, 5, '', 5, 5, 4, 5, 5, '', 4, 5, 5, 5, 5, '', 5, 5, 5, 4, '', 4, 5, 5, 5, 5, '', '', 'Needs more workshop', 'Still technical writing, legislations, drafting on making of resolutions and ordinances, and other trainings related to my work.', ''),
(239, 9, '2018-10-10 14:54:45', 5, 5, 5, 5, '', 4, 4, 4, 4, 4, '', 4, 4, 5, 5, 5, '', 5, 5, 4, 4, '', 4, 4, 4, 4, 4, '', 'Gained more knowledge', 'Conducive place', '', 'The initiative is very good and we are hoping for more seminars/trainings that can help the rank and file.'),
(240, 10, '2018-10-10 14:55:26', 5, 5, 5, 5, '', 5, 5, 5, 5, 5, '', 5, 5, 5, 5, 5, '', 5, 5, 5, 5, '', 5, 5, 5, 5, 5, 'The value of commitment, dedication and attitude towards how we value our work.', 'to work not just for the benefits of oneself but for the common good.', '', '', 'Thank You HR.'),
(241, 9, '2018-10-10 14:57:12', 5, 5, 5, 5, '', 3, 4, 4, 4, 4, '', 5, 5, 5, 5, 5, '', 5, 5, 5, 5, '', 5, 5, 5, 5, 5, '', '', '', '', 'The activity was great and was presented so well. I only wish for one thing, that it would be done 2-3 days to really absorb in our brain or at least, it will be done regularly, like every quarter as a refresher course. Thank you for making part of activity. Kudos, Team HR!'),
(242, 9, '2018-10-10 14:58:43', 5, 5, 5, 5, '', 4, 4, 4, 4, 4, '', 5, 5, 5, 5, 5, '', 4, 4, 4, 4, '', 5, 5, 5, 5, 5, 'Dos and Don&#039;ts in Technical Writing', 'Continuous improvement in Technical Writing', 'More topics to discuss in the next training.', 'Personality Development Training', ''),
(243, 9, '2018-10-10 15:00:11', 5, 5, 5, 5, '', 5, 5, 5, 5, 5, '', 5, 5, 5, 5, 5, '', 5, 5, 5, 5, '', 5, 5, 5, 5, 5, 'The writeshop and processing after the tips given.', 'The inputs given by the Resource Person enhanced my knowledge and will eventually guide me in improving my technical writing skills.', '', '', 'Thank you to the Resource Person and the Team HR.'),
(244, 9, '2018-10-10 15:00:50', 5, 5, 5, 5, '', 5, 5, 5, 5, 4, '', 5, 5, 5, 5, 5, '', 4, 4, 4, 4, '', 5, 5, 5, 5, 5, 'The writing exercise.', '', '', '', ''),
(245, 9, '2018-10-10 15:02:54', 5, 5, 5, 5, '', 4, 4, 5, 5, 4, '', 5, 4, 5, 5, 5, '', 5, 5, 5, 5, '', 5, 5, 5, 5, 5, 'Uses of jargons and neologies in Technical Writing', 'Dos and Don&#039;ts of Technical Writing', 'Composition of formal and business letter, reports and other documents.', 'Positive attitude towards work, Telephone manners', 'Pwede 2 days para dili bitin?'),
(246, 9, '2018-10-10 15:10:51', 5, 5, 5, 5, '', 5, 5, 5, 5, 5, '', 5, 5, 5, 5, 5, '', 5, 5, 5, 5, '', 5, 5, 5, 5, 5, 'The whole learning experience is helpful in the delivery of my assigned tasks. Communication is necessary for a better understanding in other offices to improve my communication skills.', 'Assess my skills in writing on what to do and don&#039;ts in technical writing', 'Conduct more training on technical writing', '', ''),
(247, 9, '2018-10-10 15:12:20', 5, 5, 5, 5, '', 5, 5, 5, 4, 5, '', 5, 5, 5, 5, 5, '', 5, 4, 4, 4, '', 4, 4, 4, 4, 4, 'The sharing of ideas', 'Learned a lot from this seminar/workshop', 'Maybe more exercises to hone the skills in technical writing. More time to practice.', '', ''),
(248, 9, '2018-10-10 15:13:29', 5, 4, 5, 5, '', 5, 5, 5, 5, 5, '', 5, 5, 5, 5, 5, '', 5, 5, 5, 5, '', 5, 5, 5, 5, 5, 'Improving my ability on Technical Writing', 'Enhanced my ability in responding a letter', 'Give some expert facilitator', 'More seminars and trainings.', ''),
(249, 9, '2018-10-10 15:16:11', 5, 5, 5, 5, '', 5, 5, 5, 4, 5, '', 5, 5, 5, 5, 5, '', 5, 5, 5, 5, '', 5, 5, 5, 5, 5, 'My whole learning experience about this Technical Writing Seminar Workshop was very much informative and truly enhance and developed our writing communication effectively. We learned so much and we can apply it to our daily work/job as employee.', '', 'I think the Facilitator deliver an excellent job and nothing more to be improved.', '', ''),
(250, 9, '2018-10-10 15:17:56', 5, 5, 5, 5, '', 5, 5, 5, 4, 4, '', 5, 5, 5, 5, 5, '', 5, 5, 5, 5, '', 4, 5, 4, 5, 5, '', 'Additional knowledge about basic rules on how write technically.', 'Improve the quality of creating interpersonal relationship and enhance the ability to write technically', '', ''),
(251, 9, '2018-10-10 15:19:47', 4, 5, 5, 4, '', 4, 5, 5, 4, 5, '', 5, 5, 5, 5, 5, '', 5, 4, 5, 5, '', 5, 5, 5, 5, 5, 'Technical Writing ; Dos and Don&#039;ts in writing;', 'Learned a lot in technical writing; learned a lot more about language, words, proper se of idioms and etc.; improvement of grammar', '', '', ''),
(252, 9, '2018-10-10 15:20:12', 5, 5, 5, 5, '', 5, 5, 5, 4, 5, '', 5, 5, 5, 5, 5, '', 5, 5, 5, 5, '', 4, 4, 4, 4, 4, '', '', '', '', ''),
(253, 9, '2018-10-10 15:23:01', 5, 4, 5, 5, '', 4, 5, 5, 5, 5, '', 5, 5, 5, 5, 5, '', 5, 5, 5, 5, '', 5, 5, 5, 5, 5, 'Awareness of my grammar in preparing project proposal and activity design.', 'Lot. Now I know I need to focus on my writing rather than just taking it for granted.', 'I suggest to include JOs doing secretarial job in a department kay dili sad nindot ilang mga letter. Sama nako.', 'Organizational Management Seminar', 'Please conduct Team Building of the City Agriculture Office. Salamat.'),
(254, 9, '2018-10-10 15:25:01', 5, 5, 5, 5, '', 4, 4, 4, 4, 4, '', 4, 4, 4, 4, 4, '', 4, 4, 5, 4, '', 5, 5, 5, 5, 5, 'I was able to know the dos and don&#039;ts in Technical Writing', '', '', '', ''),
(255, 9, '2018-10-10 15:27:04', 5, 4, 4, 5, '', 5, 4, 5, 4, 4, '', 4, 4, 4, 5, 4, '', 5, 5, 4, 4, '', 5, 5, 4, 5, 5, 'Actual activity in Technical Writing', 'Additional tips and minor corrections on how to improve our technical writing skills', 'More activities (group/individual) related to Technical Writing', 'Leave Laws seminar/workshop', ''),
(256, 9, '2018-10-10 15:29:46', 5, 5, 5, 5, '', 4, 4, 4, 4, 4, '', 4, 5, 5, 4, 4, '', 5, 5, 5, 5, '', 5, 5, 5, 5, 5, 'Brief and concise communication done objectively through writings', 'The ability to develop my writing ability. The dos and don&#039;ts in writing', 'Let everybody in the LGU attend this workshop including Job Orders who handle office works.', 'Continuing trainings on human development', ''),
(257, 9, '2018-10-10 15:31:29', 5, 5, 5, 5, '', 5, 5, 5, 5, 5, '', 5, 5, 5, 5, 5, '', 5, 5, 5, 5, '', 5, 5, 5, 5, 5, 'So helpful', 'Review the basic format of letter, more shortest way of expressing the ideas to convey our thoughts to the receiver.', 'Nothing.', 'Given a chance to do the preparation of letters.', 'Advance topic on Technical Writing'),
(258, 16, '2018-10-18 13:46:28', 5, 4, 5, 4, '', 4, 4, 4, 4, 4, '', 4, 4, 4, 4, 4, '', 4, 4, 4, 4, '', 4, 4, 4, 4, 4, '', 'Knowledge/mindsets', '', '', ''),
(259, 16, '2018-10-18 13:47:23', 4, 5, 5, 5, '', 5, 4, 4, 5, 5, '', 5, 4, 4, 5, 5, '', 4, 4, 4, 4, '', 4, 5, 3, 4, 4, '', '', '', '', ''),
(260, 16, '2018-10-18 13:48:30', 4, 5, 4, 4, '', 3, 4, 4, 4, 5, '', 4, 5, 4, 4, 4, '', 4, 4, 5, 4, '', 4, 4, 5, 5, 5, '', '', '', '', ''),
(261, 16, '2018-10-18 13:50:24', 5, 4, 5, 4, '', 4, 4, 5, 5, 5, '', 5, 5, 5, 5, 5, '', 5, 5, 4, 4, '', 5, 4, 5, 5, 5, 'Easy to understand and very interesting. Self-improvement.', 'Experience, fun, worthwhile, educational', 'More fun activities', 'Skills improvement relevant trainings.', 'Satisfied. God Bless!'),
(262, 16, '2018-10-18 13:52:49', 4, 4, 5, 5, '', 5, 4, 4, 4, 4, '', 5, 4, 4, 4, 4, '', 4, 4, 4, 3, '', 4, 4, 4, 5, 5, 'Processing of &quot;I wish&quot; activity.', 'Experience.', 'Provision of snacks and airconditioned venue.', 'Time and Supervisory Training', ''),
(263, 16, '2018-10-18 13:56:27', 5, 5, 5, 5, '', 4, 5, 5, 5, 5, '', 5, 5, 5, 4, 5, '', 5, 4, 4, 4, '', 5, 5, 4, 4, 4, 'Understanding yourself and others.', 'How to become what you are and dealing with co-workers.', 'Number of training days.', 'Training about Values.', 'It really helps a lot. God Bless!'),
(264, 16, '2018-10-18 13:57:40', 5, 5, 5, 5, '', 4, 5, 5, 4, 4, '', 5, 4, 5, 4, 4, '', 4, 4, 4, 4, '', 4, 3, 3, 4, 4, 'Very interesting.', 'Unity and Team Work.', '', '', ''),
(265, 16, '2018-10-18 13:58:38', 5, 4, 4, 4, '', 4, 5, 5, 5, 4, '', 4, 4, 4, 4, 4, '', 4, 4, 4, 4, '', 5, 4, 3, 4, 5, '', '', '', '', ''),
(266, 16, '2018-10-18 14:01:24', 4, 5, 5, 5, '', 4, 5, 5, 5, 5, '', 5, 4, 5, 5, 5, '', 4, 5, 4, 5, '', 5, 5, 5, 5, 5, 'It creates unity for the office to the 2020&#039;s vision.', 'It helps me voice out my feelings and hopes, wishes for my career.', 'This can be improved through involving all CAO employees/ or in our department.', 'Value Orientation, Trainings on Program related to Agriculture that is also for CPD Units.', 'Very Good. Thank you HR Family. God Bless &amp; More Power!'),
(267, 16, '2018-10-18 14:03:04', 5, 5, 5, 4, '', 5, 5, 5, 5, 5, '', 5, 5, 5, 5, 4, '', 4, 4, 4, 4, '', 5, 4, 5, 5, 5, '', 'I learned more.', '', 'Any training so that I will learn more sa wala nako nahibaluan.', 'Nothing. Thank you very much for good teaching and discussion.'),
(268, 16, '2018-10-18 14:04:03', 5, 5, 5, 5, '', 4, 5, 5, 4, 5, '', 5, 5, 5, 4, 4, '', 5, 5, 5, 5, '', 5, 4, 4, 5, 5, 'Team Work.', 'The best is unity.', '', 'Team Building Seminar yearly.', ''),
(269, 16, '2018-10-18 14:04:49', 4, 4, 4, 5, '', 5, 5, 5, 5, 5, '', 4, 5, 5, 4, 5, '', 5, 5, 5, 5, '', 5, 5, 5, 5, 5, 'Team Work.', 'Relationship.', 'Location', 'Team Building Seminar', ''),
(270, 16, '2018-10-18 14:11:54', 4, 4, 5, 4, '', 4, 4, 4, 4, 4, '', 5, 4, 5, 4, 4, '', 4, 4, 4, 4, '', 4, 4, 4, 4, 4, 'When everyone gives their feedback.', 'Able to know the feelings or our subordinates regarding their work and problems/issues about the other.', 'A bit lengthy discussion or individual behavior towards work.', 'More Supervisory Training.', ''),
(271, 16, '2018-10-18 14:13:35', 4, 4, 4, 4, '', 3, 4, 4, 4, 5, '', 5, 5, 5, 5, 5, '', 5, 5, 4, 4, '', 4, 4, 4, 4, 4, 'We learn more like work hard with a heart.', 'The benefits that I received to this training is we will work as a team to succeed.', '', '', ''),
(272, 16, '2018-10-18 14:15:12', 4, 4, 4, 4, '', 3, 4, 4, 4, 4, '', 4, 4, 4, 4, 4, '', 4, 4, 4, 4, '', 4, 4, 4, 4, 4, 'Team Work', 'Rejuvenating', 'Location', '', 'Team building seminars should be done every year.'),
(273, 16, '2018-10-18 14:18:06', 4, 4, 4, 4, '', 3, 3, 5, 2, 2, '', 4, 4, 3, 3, 3, '', 4, 3, 4, 4, '', 5, 5, 5, 5, 5, 'Team Work.', '', '', '', ''),
(274, 16, '2018-10-18 14:20:52', 5, 5, 5, 5, '', 3, 5, 4, 5, 5, '', 5, 5, 5, 4, 5, '', 4, 4, 5, 5, '', 5, 5, 5, 5, 5, 'Positive Feedback.', 'Team Building. Team Work. ', 'More time.', 'Records Keeping, Computer Literacy.', 'Next time mas ok maka start ug earlier para dili magkulang sa oras.'),
(275, 16, '2018-10-18 14:22:13', 5, 5, 5, 5, '', 5, 5, 5, 5, 5, '', 5, 5, 5, 5, 5, '', 5, 5, 5, 5, '', 5, 5, 5, 5, 5, 'A process as one team, one purpose, one mission, one vision.', 'Personal changes and understanding.', 'More slides for the presentation.', '', ''),
(276, 16, '2018-10-18 14:22:43', 5, 5, 5, 5, '', 5, 5, 5, 5, 5, '', 5, 5, 5, 5, 5, '', 5, 5, 5, 5, '', 5, 5, 5, 5, 4, '', '', '', '', ''),
(277, 16, '2018-10-18 14:25:42', 4, 4, 5, 5, '', 2, 3, 3, 2, 4, '', 4, 4, 4, 4, 5, '', 5, 3, 5, 3, '', 4, 4, 4, 5, 5, 'Teamwork for the development of Agri processes.', 'I have learned to listen to others and share initiatives.', 'Length of time of the activity.', 'Records keeping, archiving, computer literacy training.', ''),
(278, 16, '2018-10-18 14:26:38', 5, 5, 5, 5, '', 5, 5, 4, 5, 5, '', 5, 5, 5, 5, 5, '', 5, 4, 4, 5, '', 5, 5, 5, 5, 5, '', 'Teamwork.', '', 'Computer Literacy, Records Keeping', ''),
(279, 16, '2018-10-18 14:28:28', 5, 5, 5, 5, '', 5, 5, 5, 4, 5, '', 5, 5, 5, 5, 5, '', 5, 5, 5, 5, '', 5, 5, 5, 5, 5, 'The positive feddbacking.', 'Team building.', 'I think it&#039;s enough. Hope that all employees in the department will experience this. So do, with the JOb Order Workers.', 'Records Keeping, Data Encoding', 'Facilitators: Please be early!'),
(280, 16, '2018-10-18 14:29:29', 5, 5, 5, 5, '', 5, 5, 5, 5, 5, '', 5, 5, 5, 5, 5, '', 5, 5, 5, 5, '', 5, 5, 5, 5, 5, '', 'Learn more and voicing out of sentiments', 'Know each other.', 'Leadership Training', ''),
(281, 16, '2018-10-18 14:30:42', 4, 5, 4, 5, '', 4, 5, 4, 4, 4, '', 5, 4, 4, 4, 4, '', 4, 4, 3, 3, '', 4, 4, 4, 4, 4, '', '', '', 'Team Building Seminar Workshop for all Agriculture employees.', ''),
(282, 16, '2018-10-18 14:31:25', 5, 5, 5, 5, '', 5, 5, 5, 5, 5, '', 5, 5, 5, 5, 5, '', 5, 5, 5, 5, '', 5, 5, 5, 5, 5, '', '', '', '', 'I give it 5, excellent ang ilang pag facilitate.'),
(283, 16, '2018-10-18 14:31:41', 4, 4, 4, 4, '', 5, 5, 5, 5, 5, '', 5, 5, 5, 5, 5, '', 5, 5, 5, 5, '', 5, 5, 5, 5, 5, '', '', '', '', ''),
(284, 16, '2018-10-18 14:32:49', 4, 4, 4, 4, '', 3, 4, 4, 4, 4, '', 4, 4, 4, 4, 4, '', 4, 4, 3, 3, '', 4, 4, 4, 4, 4, '', 'Self - improvement', 'Duration', 'Supervisory Training', ''),
(285, 16, '2018-10-18 14:34:30', 4, 4, 4, 4, '', 4, 4, 4, 4, 4, '', 4, 4, 4, 4, 4, '', 3, 3, 3, 3, '', 4, 4, 4, 4, 4, 'Feedbacking', 'Knowing the feedbacks from the field.', 'More time on dynamics and Feedbacking', 'Supervisory Training for others.', ''),
(286, 16, '2018-10-18 14:36:23', 5, 5, 5, 5, '', 5, 5, 5, 5, 5, '', 5, 5, 5, 5, 5, '', 5, 5, 5, 5, '', 5, 5, 5, 5, 5, 'The unity and understanding to each employee.', 'It enlighten my knowledge and be open-minded.', 'Through building a team or have a teamwork in the office.', 'Facilitating client', 'Thanks for the opportunity that I am given the chance to join.'),
(287, 16, '2018-10-18 14:38:30', 4, 5, 4, 5, '', 4, 5, 5, 5, 5, '', 4, 5, 5, 4, 5, '', 5, 4, 5, 5, '', 4, 5, 5, 5, 5, 'The seminar was worthy of the time to learn more.', 'To learn in the seminar and enjoy the workshop. All are happy to join the training.', '', 'Computer Training.', 'Thank you so much. More trainings to come.'),
(288, 16, '2018-10-18 14:41:34', 5, 5, 5, 5, '', 4, 4, 4, 5, 5, '', 5, 5, 5, 5, 5, '', 5, 5, 5, 5, '', 5, 5, 5, 5, 5, 'We come up with our department tag brand.', 'Openness.', 'All involved individual should be present in this activity.', 'Trainer&#039;s Training.', ''),
(289, 16, '2018-10-18 14:47:33', 5, 5, 5, 5, '', 5, 5, 5, 5, 5, '', 5, 5, 5, 5, 5, '', 5, 5, 5, 5, '', 5, 5, 5, 5, 5, 'The whole point of the learning experience is to learn about our relationship between our supervisor and the co-workers.', 'My major benefits received from this training and workshop is how to become positive in our work, openness and flexibility/resiliency.', 'Work together and be hardworking in order to improve our city.', 'Additional training regarding Supervisory. Refresher Trainings.', 'I hope nga ang Wish ko regarding ADC budget ofr our farmers will succeed. And more budget for the ADC Development to assist the 250 farmers. Thank you and more power!'),
(290, 16, '2018-10-18 14:50:44', 4, 4, 4, 4, '', 4, 4, 3, 3, 4, '', 4, 4, 4, 4, 4, '', 4, 4, 4, 4, '', 4, 4, 4, 4, 4, 'Harmoniuos relationship.', 'Humility.', 'Agriculture.', 'Facilitating training, Supervisory Training, Tour Guiding', ''),
(291, 16, '2018-10-18 14:52:28', 5, 5, 5, 5, '', 5, 5, 4, 5, 5, '', 5, 5, 5, 5, 5, '', 5, 5, 5, 5, '', 5, 5, 5, 5, 5, 'Teamwork and good attitude towards co-workers.', 'Be honest all the time.', '', 'Team Building should be every year.', 'Some more team building.'),
(292, 16, '2018-10-18 14:53:08', 5, 4, 5, 5, '', 4, 4, 5, 5, 4, '', 4, 4, 4, 4, 5, '', 4, 4, 4, 5, '', 5, 5, 5, 5, 5, '', '', '', '', ''),
(293, 16, '2018-10-18 14:53:39', 4, 5, 4, 5, '', 4, 4, 5, 4, 5, '', 5, 4, 5, 4, 5, '', 5, 4, 5, 5, '', 5, 5, 5, 5, 5, '', '', '', '', ''),
(294, 16, '2018-10-18 14:55:19', 5, 5, 5, 5, '', 5, 5, 5, 5, 5, '', 5, 5, 5, 5, 5, '', 5, 4, 4, 4, '', 5, 5, 5, 5, 5, 'Formulating the vision and values.', 'The feedback session has given me information of what employees need. ', '', 'Hold a team building seminar for other Agri employees who were not able to attend this seminar.', ''),
(295, 16, '2018-10-18 14:57:12', 3, 4, 3, 5, '', 5, 4, 4, 5, 5, '', 5, 5, 4, 4, 5, '', 5, 5, 5, 5, '', 5, 5, 5, 5, 5, 'To become a close and united officemates and heads.', '', 'To improve our behavior and working habits.', 'Team Building Seminar Workshop.', ''),
(296, 16, '2018-10-18 15:00:14', 4, 5, 4, 5, '', 4, 4, 4, 4, 4, '', 5, 4, 4, 4, 4, '', 4, 4, 4, 4, '', 4, 4, 4, 4, 4, 'Guidance of office operations.', 'Team Cooperation', 'Organizatonal Enhancement', '', 'Continue annual training workshops.'),
(297, 34, '2018-10-29 10:35:05', 5, 5, 5, 5, 'Wow', 5, 5, 5, 5, 5, 'Excellent', 5, 5, 5, 5, 5, 'Wow', 5, 5, 5, 5, 'Wow', 5, 5, 5, 5, 5, 'To work as a Team', 'Learning each other&#039;s strengths and flaws', '', '', ''),
(298, 34, '2018-10-29 10:36:10', 5, 5, 5, 5, '', 4, 5, 5, 4, 5, '', 5, 5, 5, 5, 5, '', 5, 5, 5, 5, '', 5, 5, 5, 5, 5, 'To be able to relax', 'To improve my self confidence and ability', 'The system process', 'Computer Literacy Program', ''),
(299, 34, '2018-10-29 10:37:51', 5, 5, 5, 5, '', 4, 4, 4, 4, 4, '', 5, 5, 5, 5, 5, '', 5, 5, 5, 5, '', 5, 5, 5, 5, 5, 'Goal - Branding with qualities ', 'We work as a team, our closeness becomes more tight and the benefits of my work', 'Very satisfied. But if there are more ways, very willing.', 'Strategic Management', 'Thank you!'),
(300, 34, '2018-10-29 10:39:31', 5, 5, 5, 5, '', 5, 5, 5, 5, 5, '', 5, 5, 5, 5, 5, '', 5, 5, 5, 5, '', 5, 5, 5, 5, 5, 'Create a brand name for CBO. Team Building to develop individual capacity towards work attitude.', 'Develop a better and more motivated workforce.', '', '', ''),
(301, 34, '2018-10-29 10:40:31', 5, 5, 5, 5, '', 5, 5, 5, 5, 5, '', 5, 5, 5, 5, 5, '', 5, 5, 5, 5, '', 5, 5, 5, 5, 5, 'Personality development - helping one another to bring out the best in each other', 'Improved/close work relationship.', '', 'Training on Technical Writing', ''),
(302, 34, '2018-10-29 10:41:15', 5, 5, 5, 5, '', 5, 5, 5, 5, 5, '', 5, 5, 5, 5, 5, '', 5, 5, 5, 5, '', 5, 5, 5, 5, 5, 'Knowing the strengths and weakness and be a team player.', 'Makes me an effective kind of person.', '', '', 'Thank you!'),
(303, 34, '2018-10-29 10:41:46', 5, 5, 5, 5, '', 5, 5, 5, 5, 5, '', 5, 5, 5, 5, 5, '', 5, 5, 5, 5, '', 5, 5, 5, 5, 5, 'During Team Branding Formlation', '', '', 'To conduct Technical Writing Workshop', ''),
(304, 34, '2018-10-29 10:42:04', 5, 5, 5, 5, '', 5, 5, 5, 5, 5, '', 5, 5, 5, 5, 5, '', 5, 5, 5, 5, '', 5, 5, 5, 5, 5, 'Work as a team', 'Team Work', '', '', ''),
(305, 34, '2018-10-29 10:42:56', 5, 5, 5, 4, '', 5, 4, 5, 4, 5, '', 5, 5, 5, 5, 5, '', 5, 5, 5, 5, '', 5, 5, 5, 5, 5, 'Teamwork', 'Importance of teambuilding in every office to improve performance.', '', 'Strategic Planning', ''),
(306, 34, '2018-10-29 10:44:22', 5, 5, 5, 5, '', 5, 5, 5, 5, 5, '', 5, 5, 5, 5, 5, '', 5, 5, 5, 5, '', 5, 5, 5, 5, 5, '', 'Camaraderie', '', '', ''),
(307, 34, '2018-10-29 10:45:03', 5, 5, 5, 5, '', 5, 5, 5, 5, 5, '', 5, 5, 5, 5, 5, '', 5, 5, 5, 5, '', 5, 5, 5, 5, 5, 'To be of help to the CBO.', 'To be more effective as an employee.', '', 'Communication Skills.', ''),
(308, 34, '2018-10-29 10:45:19', 5, 5, 5, 5, '', 5, 5, 5, 5, 5, '', 5, 5, 5, 5, 5, '', 5, 5, 5, 5, '', 5, 5, 5, 5, 5, '', '', '', '', 'I need this every year.'),
(309, 34, '2018-10-29 10:45:46', 5, 5, 5, 5, '', 5, 5, 5, 5, 5, '', 5, 5, 5, 5, 5, '', 5, 5, 5, 5, '', 5, 5, 5, 5, 5, 'Building a strong bond in this team.', '', '', '', ''),
(310, 35, '2018-12-05 12:02:30', 5, 5, 5, 5, '', 5, 5, 5, 5, 5, '', 5, 5, 5, 5, 5, '', 5, 5, 5, 5, '', 4, 5, 5, 4, 4, 'To correct the intensity of the behaviours, mindsets and skills. To remind everyone that everything can be learned.', '', 'More time and activities.', 'Good customer service.', ''),
(311, 35, '2018-12-05 12:03:07', 5, 5, 5, 5, '', 4, 4, 5, 5, 5, '', 5, 5, 5, 5, 5, '', 5, 5, 5, 5, '', 5, 4, 5, 5, 5, 'Unity and good relationship with each other.', '', '', '', ''),
(312, 35, '2018-12-05 12:03:57', 5, 5, 5, 5, '', 4, 5, 5, 5, 5, '', 5, 4, 5, 5, 5, '', 5, 5, 5, 5, '', 5, 5, 5, 5, 5, 'Fun in learning.', 'Personal growth.', '', 'Customer service seminar; IPR', 'Good Job!'),
(313, 35, '2018-12-05 13:10:59', 5, 5, 5, 5, '', 5, 5, 5, 5, 5, '', 5, 5, 5, 5, 5, '', 5, 5, 5, 5, '', 5, 5, 5, 5, 5, 'To understand other people&#039;s needs.', 'Stress reliever.', 'Follow up training', 'Technical Aspect', 'Another team building.'),
(314, 35, '2018-12-05 13:22:13', 4, 4, 4, 4, '', 4, 4, 4, 4, 4, '', 4, 4, 4, 4, 4, '', 4, 4, 4, 4, '', 4, 4, 4, 4, 4, 'Being patient.', 'To be more patient.', 'All departments should sit down and be &quot;One&quot;.', '', ''),
(315, 35, '2018-12-05 13:24:08', 5, 4, 5, 5, '', 4, 4, 5, 5, 5, '', 4, 5, 4, 5, 5, '', 5, 5, 4, 4, '', 4, 5, 4, 4, 4, 'Unity and being patient.', 'Must work hard to my commitment on the task given.', '', '', ''),
(316, 35, '2018-12-05 13:26:27', 5, 5, 5, 4, '', 5, 5, 4, 4, 4, '', 4, 5, 5, 4, 5, '', 5, 4, 4, 4, '', 5, 5, 4, 5, 5, 'Improve processing of papers. Magtinabangay ra jud kanunay.', 'Understand the client and always smile.', 'Team work and understand each other.', 'Maayo ang pamaagi sa pag conduct sa program. Mga gwapa ang staff.', ''),
(317, 35, '2018-12-05 13:29:57', 4, 5, 5, 5, '', 5, 5, 4, 5, 5, '', 4, 4, 5, 5, 5, '', 5, 5, 5, 5, '', 5, 5, 5, 5, 5, 'The high point for me is that hoe to work  in a certain office and in a group without any hesitation.', 'It has a big benefit for me like respecting each other, help each other and be a team player for the sake of the smooth flow in each task.', 'No need to improve because this is excellent already.', 'Continue this kind of traning.', 'Continue this training and maybe all of the employees must more vocal in their own opinion, suggestions, and comments.'),
(318, 35, '2018-12-05 13:31:48', 5, 4, 5, 4, '', 4, 5, 4, 5, 5, '', 5, 4, 5, 5, 5, '', 4, 5, 5, 5, '', 4, 5, 5, 5, 5, 'It helps me to develop more in m work.', 'he major benefit I received from this training is how to strategize.', '', 'Technical aspects.', ''),
(319, 35, '2018-12-05 13:34:13', 5, 5, 5, 5, '', 4, 4, 3, 4, 4, '', 4, 4, 4, 4, 4, '', 4, 4, 4, 4, '', 4, 4, 4, 4, 4, 'To improve own group as a whole and be patient.', '', 'Educate our clients in processing the business permit.', '', ''),
(320, 35, '2018-12-05 13:35:01', 4, 4, 4, 5, '', 4, 5, 4, 5, 5, '', 5, 5, 5, 5, 5, '', 5, 5, 4, 5, '', 5, 5, 5, 5, 5, '', '', '', '', 'Very good presentation.'),
(321, 35, '2018-12-05 13:36:31', 4, 4, 4, 5, '', 4, 4, 3, 4, 4, '', 3, 4, 4, 4, 4, '', 4, 3, 3, 3, '', 4, 5, 4, 4, 4, '', 'More understanding to the client.', 'Longer time.', 'Training and visit places/LGUs with excellent BOSS.', ''),
(322, 35, '2018-12-05 13:37:20', 4, 4, 4, 4, '', 4, 4, 4, 4, 4, '', 4, 4, 4, 4, 4, '', 4, 4, 4, 4, '', 4, 4, 4, 4, 4, '', '', '', '', ''),
(323, 35, '2018-12-05 13:38:17', 4, 4, 4, 3, '', 3, 4, 4, 4, 4, '', 4, 4, 3, 4, 4, '', 4, 3, 3, 3, '', 5, 4, 4, 4, 4, '', '', '', '', ''),
(324, 35, '2018-12-05 13:42:51', 4, 4, 4, 4, '', 4, 4, 4, 4, 4, '', 4, 4, 4, 4, 4, '', 4, 4, 4, 4, '', 4, 4, 4, 4, 4, 'Team Building Games and Wish Ko Lang!', 'Camaraderie and better understanding among JIT members.', '', 'Customer Service.', 'No comments! Except that I&#039;m thankful.'),
(325, 35, '2018-12-05 13:44:27', 5, 5, 5, 5, '', 5, 5, 5, 5, 5, '', 5, 5, 5, 5, 5, '', 5, 5, 5, 5, '', 4, 4, 4, 4, 5, 'Teamwork.', 'Work in harmony even though we came from different offices.', 'Collaboration and coordination.', 'To have more team building seminars.', ''),
(326, 35, '2018-12-05 13:47:00', 5, 5, 5, 4, '', 5, 5, 5, 5, 5, '', 5, 5, 5, 4, 5, '', 5, 5, 5, 5, '', 5, 5, 5, 5, 5, '100%', 'Team work.', 'Patience in serving clients.', '', ''),
(327, 35, '2018-12-05 13:48:02', 4, 4, 4, 4, '', 4, 4, 4, 4, 4, '', 5, 4, 4, 4, 4, '', 4, 4, 4, 4, '', 4, 4, 4, 4, 4, '', '', '', '', ''),
(328, 35, '2018-12-05 13:50:46', 5, 5, 5, 5, '', 5, 5, 5, 5, 5, '', 5, 5, 5, 5, 5, '', 5, 5, 5, 5, '', 5, 5, 5, 5, 5, 'Collaboration of policies of other departments.', 'Awakening to a adapt to some procedures initiated by our colleagues.', 'More time for such purpose. More conducive venue,', 'Human Resource Management Training', 'I suggest that what we have learned will be carried out.'),
(329, 35, '2018-12-05 13:54:10', 4, 5, 4, 4, '', 4, 4, 4, 4, 4, '', 4, 4, 4, 4, 4, '', 4, 4, 5, 5, '', 4, 5, 4, 4, 4, 'It&#039;s all about adjustment of mindset, behaviour and skill in order to be an effective and excellent frontliner.', 'Understand the views in all department involved in BOSS.', 'Improved skills, behaviour adjustment,  attitude towards others.', 'Experience other LGU to see their system compared to us.', ''),
(330, 36, '2018-12-05 14:44:27', 5, 5, 5, 5, '', 5, 5, 5, 5, 4, '', 4, 5, 5, 5, 4, '', 5, 5, 5, 4, '', 5, 5, 5, 5, 5, 'How to work as a team and follow common goal and task.', 'To know the technique on how to deal client and co-employee. ', 'More activity.', '', ''),
(331, 36, '2018-12-05 14:45:35', 4, 4, 5, 4, '', 5, 5, 4, 5, 5, '', 5, 4, 5, 4, 5, '', 4, 5, 5, 4, '', 4, 4, 5, 5, 5, '', 'There is an improvement of processes in our office,', '', '', ''),
(332, 36, '2018-12-05 14:47:17', 4, 4, 4, 4, '', 3, 4, 4, 4, 4, '', 4, 4, 4, 4, 4, '', 4, 4, 3, 3, '', 4, 4, 4, 4, 4, 'Bonding among colleagues.', 'Able to voice out concerns.', 'Lengthen the time of the workshop.', 'Undergo training on developmental skills.', ''),
(333, 36, '2018-12-05 14:48:45', 4, 4, 4, 4, '', 3, 4, 4, 4, 4, '', 4, 4, 4, 4, 4, '', 4, 4, 4, 4, '', 4, 4, 4, 4, 4, 'Getting together with the IT Group.', 'We find ways to patch the gaps.', 'Longer period of time.', 'Skills development training.', ''),
(334, 36, '2018-12-05 14:50:04', 5, 4, 5, 5, '', 4, 5, 5, 5, 5, '', 5, 4, 4, 5, 5, '', 5, 5, 4, 5, '', 5, 5, 5, 5, 5, 'It is fun and we enjoyed it. Some share their idea and some open up with what should be done and what should not be done.', 'Team Branding', 'More time.', '', ''),
(335, 36, '2018-12-05 14:52:04', 4, 5, 4, 5, '', 4, 4, 5, 5, 5, '', 5, 5, 4, 5, 5, '', 5, 5, 5, 5, '', 5, 5, 5, 5, 5, 'Relevant to my job.', 'The benefits I got from this training/workshop was learning the importance of commitment of every individual in a team.', '', '', 'Everything is ok as far the training workshop is concerned. Keep up the good work Team HR. Thank you for this workshop seminar.'),
(336, 36, '2018-12-05 14:54:47', 5, 5, 5, 5, '', 4, 4, 4, 5, 5, '', 4, 4, 4, 4, 4, '', 4, 3, 4, 5, '', 4, 5, 5, 5, 5, 'When we were made aware how important team building seminars are in improving and helping us to become a unit, and that team building takes time to see the effects.', 'I learned about my weaknesses and how to overcome those weaknesses to improve not only myself but the whole office.', '', '', ''),
(337, 36, '2018-12-05 14:55:54', 4, 4, 4, 4, '', 4, 4, 4, 4, 4, '', 4, 4, 4, 4, 4, '', 4, 4, 4, 4, '', 4, 4, 4, 4, 4, 'Fun while learning.', 'Team Branding', '', '', 'Light and fun. Just keep it that way.'),
(338, 36, '2018-12-05 14:59:28', 4, 4, 4, 4, '', 3, 4, 3, 4, 4, '', 4, 3, 4, 5, 4, '', 4, 4, 3, 3, '', 4, 3, 3, 4, 4, 'As a whole, I learned sharing of different ideas and problem which need to change to improve more towards our vision of work.', 'Explore more knowledgeable workshops with my officemates, share ideas and bonding to strengthen our relationship.', 'Skills related to our work.', 'Local training to update the latest technology that we are going to implement in our agency.', ''),
(339, 36, '2018-12-05 15:01:07', 5, 5, 5, 5, '', 5, 5, 4, 5, 5, '', 5, 4, 4, 4, 5, '', 4, 4, 5, 4, '', 5, 5, 5, 5, 5, '', 'By knowing the areas where I need to develop so that I can be more productive in the field of my service.', 'To be more interactive.', 'Any other training that is more beneficial to us.', ''),
(340, 36, '2018-12-05 15:01:41', 5, 5, 5, 5, '', 5, 5, 5, 5, 5, '', 5, 5, 5, 5, 5, '', 5, 5, 3, 3, '', 5, 5, 5, 5, 5, '', 'Building a team', 'Financial Management Training', '', ''),
(341, 36, '2018-12-05 15:47:29', 5, 5, 5, 5, '', 5, 5, 5, 5, 5, '', 5, 5, 5, 5, 5, '', 5, 5, 5, 5, '', 5, 5, 5, 5, 5, 'Cooperation, unity and learning new functions about my workmates.', 'How to cooperate and open new ideas.', '', '', ''),
(342, 36, '2018-12-05 15:52:01', 5, 5, 5, 5, '', 5, 5, 5, 5, 5, '', 5, 5, 5, 5, 5, '', 5, 5, 5, 5, '', 5, 5, 5, 5, 5, 'The games.', 'Unity.', 'Higher budget for workshops', 'Job related trainings.', ''),
(343, 36, '2018-12-05 15:52:39', 5, 5, 5, 5, '', 4, 4, 4, 4, 4, '', 5, 4, 5, 4, 4, '', 5, 4, 4, 4, '', 5, 5, 5, 5, 5, '', '', '', '', ''),
(344, 36, '2018-12-05 15:54:06', 5, 5, 5, 5, '', 4, 4, 5, 4, 4, '', 5, 4, 4, 4, 4, '', 4, 5, 4, 4, '', 5, 5, 5, 5, 5, 'Focus on your goal.', 'Be responsible and build strong relationship in my officemates.', 'Understand each others behaviour.', '', ''),
(345, 36, '2018-12-05 15:55:59', 5, 5, 5, 5, '', 3, 4, 5, 5, 5, '', 5, 5, 5, 4, 5, '', 5, 5, 3, 3, '', 5, 5, 5, 5, 5, 'Group activities.', 'Awareness; Identification of some areas within that needs to be developed or improved.', 'Budget allocated for training to avoid feedbacks.', 'Strategic training', 'Worth of my time experience.'),
(346, 36, '2018-12-05 16:04:30', 4, 4, 4, 4, '', 4, 4, 4, 5, 4, '', 4, 4, 4, 4, 4, '', 4, 4, 3, 3, '', 5, 5, 5, 5, 5, 'We become more aware of our differences as individuals and we should accept and strategize and work on it to achieve the common goal as a team.', 'We get to know better our fellow so in a way we can understand each other and bridge the gaps that blocks/delays to achieve/finish our work assignments.', '', 'Customer Service. Because not all of my fellows have attended.', ''),
(347, 36, '2018-12-05 16:05:11', 5, 5, 4, 4, '', 4, 5, 5, 5, 5, '', 5, 5, 5, 5, 5, '', 5, 5, 5, 5, '', 5, 5, 5, 5, 5, 'Very good.', 'Knowledge.', 'No need to improve. It&#039;s good.', '', ''),
(348, 36, '2018-12-05 16:05:46', 5, 5, 4, 4, '', 4, 4, 5, 5, 5, '', 5, 5, 5, 4, 4, '', 4, 4, 5, 5, '', 5, 5, 5, 5, 5, '', '', '', '', ''),
(349, 36, '2018-12-05 16:06:30', 5, 5, 5, 5, '', 5, 5, 5, 5, 5, '', 4, 4, 5, 4, 5, '', 5, 5, 5, 5, '', 4, 4, 4, 5, 5, 'It was fun, while gaining knowledge as an employee. ', '', '', '', ''),
(350, 36, '2018-12-05 16:06:50', 5, 5, 5, 5, '', 5, 5, 5, 4, 5, '', 5, 5, 5, 5, 5, '', 5, 5, 5, 5, '', 5, 5, 5, 5, 5, '', '', '', '', ''),
(351, 36, '2018-12-05 16:07:49', 5, 5, 4, 5, '', 5, 5, 5, 5, 5, '', 5, 5, 4, 5, 5, '', 5, 5, 5, 5, '', 5, 5, 5, 5, 5, 'Work as a team and focus with one vision.', 'Help me grow as an employee.', 'The way of making a plan or decision.', '', ''),
(352, 37, '2018-12-19 13:31:43', 5, 5, 5, 5, '', 5, 5, 5, 5, 5, '', 5, 5, 5, 5, 5, '', 5, 5, 5, 5, '', 5, 5, 5, 5, 5, 'Given the chance to express what&#039;s within us.', 'Teamwork', '', 'Human Behaviour Training', ''),
(353, 37, '2018-12-19 13:33:55', 4, 4, 4, 4, '', 4, 4, 4, 4, 4, '', 5, 4, 4, 4, 4, '', 4, 4, 4, 4, '', 4, 4, 4, 4, 4, 'Planning is the best strategy', 'Strategic Planning makes more successful worker.', 'Sharing and grouping', 'Continue ang Team Building once a year.', 'You are the best planner/ I salute HRMO.'),
(354, 37, '2018-12-19 13:34:56', 5, 5, 5, 5, '', 5, 5, 5, 5, 5, '', 5, 5, 5, 5, 5, '', 5, 5, 5, 5, '', 5, 5, 5, 5, 5, '', 'It help us grow and responsible as government servants.', '', '', 'Thank you Ma&#039;am Nick! Merry Christmas!'),
(355, 37, '2018-12-19 13:36:28', 4, 4, 4, 4, '', 4, 4, 4, 4, 4, '', 4, 4, 4, 4, 4, '', 4, 4, 4, 4, '', 4, 4, 4, 4, 4, 'The opportunity for staff to present their workshop outputs.', '', 'More time and exercises (workshops and discussions)', '', ''),
(356, 37, '2018-12-19 13:39:46', 4, 4, 4, 4, '', 4, 4, 4, 4, 4, '', 4, 4, 4, 4, 4, '', 4, 4, 4, 4, '', 4, 4, 4, 4, 4, '', '', '', '', ''),
(357, 37, '2018-12-19 13:40:12', 4, 4, 4, 4, '', 5, 5, 5, 5, 5, '', 4, 4, 4, 4, 4, '', 5, 5, 5, 5, '', 5, 5, 5, 5, 5, '', '', '', '', ''),
(358, 37, '2018-12-19 13:41:12', 5, 5, 4, 5, '', 4, 4, 4, 4, 4, '', 5, 5, 4, 4, 4, '', 4, 4, 4, 4, '', 5, 5, 5, 5, 5, 'Enhance of Knowledge and Learning', 'Awareness of work and functions', '', '', ''),
(359, 37, '2018-12-19 13:42:35', 4, 5, 4, 5, '', 3, 5, 4, 3, 4, '', 5, 5, 5, 5, 5, '', 5, 5, 3, 2, '', 5, 5, 5, 5, 5, '', '', 'Extend number of days for the training especially for long topics.', 'Anger Management Training', ''),
(360, 37, '2018-12-19 13:43:24', 5, 5, 5, 5, '', 5, 5, 4, 4, 5, '', 5, 5, 5, 5, 5, '', 4, 4, 4, 4, '', 4, 5, 5, 5, 5, '', '', '', '', ''),
(361, 37, '2018-12-19 13:49:27', 5, 5, 5, 5, '', 5, 5, 5, 5, 5, '', 5, 5, 5, 5, 5, '', 5, 5, 5, 5, '', 5, 5, 5, 5, 5, 'Strategic Planning is very important, I learned that we need to assessed internal and external reality based on the issues and concerns.', 'Making solutions on the issues and concerns on the basis of internal and external reality', '', '', ''),
(362, 37, '2018-12-19 13:51:21', 4, 4, 4, 4, '', 4, 4, 4, 4, 4, '', 5, 5, 4, 4, 5, '', 5, 5, 5, 5, '', 4, 4, 4, 4, 4, '', '', '', '', 'I may hope that every year will have this kind of workshop as refresher or to know if there is as improvement for the strategic presented.'),
(363, 37, '2018-12-19 13:53:18', 4, 4, 4, 4, '', 3, 5, 5, 4, 4, '', 4, 4, 5, 5, 4, '', 4, 4, 3, 2, '', 5, 4, 4, 5, 4, 'How to understand each other and to have a team work.', 'How to become flexible in work.', 'In teaching.', 'Solving children behaviour.', 'Team Building done very well.'),
(364, 37, '2018-12-19 13:54:56', 5, 5, 5, 5, '', 4, 5, 4, 5, 5, '', 5, 5, 5, 5, 5, '', 5, 5, 3, 3, '', 5, 5, 5, 5, 5, 'Settle issues and concerns to open better communication among each other.', 'To initiate activities to render effective services.', 'Enough/ more time allowable and materials.', 'Team building.', ''),
(365, 37, '2018-12-19 13:57:06', 5, 5, 5, 5, '', 4, 5, 4, 5, 4, '', 5, 4, 4, 5, 5, '', 4, 4, 4, 4, '', 5, 5, 5, 5, 5, 'The learning experience was very effective to do a better job in school.', 'Socialize to others and with collaborative presentations and be patient.', 'Be patient to your work.', 'Team Building.', ''),
(366, 37, '2018-12-19 13:59:31', 3, 5, 5, 3, '', 5, 3, 5, 3, 5, '', 5, 3, 4, 3, 4, '', 5, 3, 3, 5, '', 5, 4, 3, 4, 4, 'The whole learning experience is good.', 'About our tasks.', 'Do better.', '', ''),
(367, 37, '2018-12-19 14:01:05', 5, 5, 5, 5, '', 5, 5, 4, 4, 4, '', 5, 5, 5, 5, 5, '', 5, 4, 4, 4, '', 5, 5, 5, 5, 5, 'That you are able to know one&#039;s strength.', 'Know the goal of the office.', 'More/longer time.', 'More on interpersonal training for me to develop and enhance my capabilities.', 'Merry Christmas!'),
(368, 37, '2018-12-19 15:07:56', 4, 4, 4, 4, '', 4, 4, 4, 4, 4, '', 4, 4, 4, 4, 4, '', 4, 4, 4, 4, '', 4, 4, 4, 4, 4, 'Identifying issues and making strategic plan to solve such issues', 'Planning', 'More workshops', 'Interpersonal relationship', ''),
(369, 37, '2018-12-19 15:15:06', 5, 5, 4, 4, '', 4, 5, 5, 5, 4, '', 5, 5, 4, 4, 5, '', 4, 4, 4, 4, '', 5, 5, 5, 5, 5, 'The high point of the whole learning experience was the strategies on how to plan with our work.', 'Strategy, teamwork, and unity', 'In a way of my work as a teacher and as a co-worker also of CSWDO.', 'Assessment through individual behaviour for work on how collaboration happen.', ''),
(370, 37, '2018-12-19 15:15:31', 5, 5, 5, 5, '', 4, 4, 5, 5, 4, '', 5, 5, 5, 5, 5, '', 5, 5, 5, 5, '', 5, 5, 5, 5, 5, '', '', '', '', ''),
(371, 37, '2018-12-19 15:15:46', 5, 5, 5, 4, '', 5, 5, 5, 5, 5, '', 5, 5, 5, 5, 5, '', 5, 5, 5, 5, '', 5, 5, 5, 5, 5, '', '', '', '', ''),
(372, 37, '2018-12-19 15:16:35', 5, 5, 5, 4, '', 5, 5, 5, 5, 5, '', 5, 5, 5, 5, 5, '', 5, 5, 5, 5, '', 5, 4, 5, 5, 5, '', '', '', '', ''),
(373, 37, '2018-12-19 15:17:56', 3, 4, 4, 4, '', 4, 4, 3, 5, 4, '', 5, 5, 4, 4, 5, '', 5, 3, 4, 4, '', 5, 5, 5, 5, 5, 'Need more time', 'I now what is exactly my function', 'By group activity', '', 'Thank you.'),
(374, 37, '2018-12-19 15:18:46', 3, 3, 3, 3, '', 3, 3, 3, 3, 3, '', 3, 3, 3, 3, 3, '', 3, 3, 3, 3, '', 4, 3, 4, 4, 4, '', '', '', '', ''),
(375, 37, '2018-12-19 15:19:51', 4, 4, 4, 4, '', 4, 4, 3, 4, 4, '', 4, 4, 3, 4, 4, '', 4, 4, 4, 4, '', 4, 4, 4, 3, 4, 'Good training', '', 'Group Activity', '', ''),
(376, 37, '2018-12-19 15:20:29', 5, 5, 5, 5, '', 4, 5, 5, 5, 5, '', 5, 5, 5, 5, 5, '', 5, 5, 5, 5, '', 5, 5, 5, 5, 5, 'Need more time', '', '', '', 'Thank you.'),
(377, 37, '2018-12-19 15:21:17', 5, 5, 5, 5, '', 4, 5, 4, 4, 4, '', 5, 4, 5, 5, 5, '', 5, 4, 4, 4, '', 5, 5, 3, 5, 5, '', '', 'Strategy', '', 'Thank you very much.'),
(378, 37, '2018-12-19 15:22:22', 5, 5, 4, 5, '', 5, 5, 4, 5, 4, '', 5, 5, 5, 4, 5, '', 4, 5, 4, 4, '', 5, 5, 5, 5, 5, 'Time was too short', 'I know my duty', 'Group activities.', '', 'God Bless!'),
(379, 37, '2018-12-19 15:23:09', 5, 5, 4, 4, '', 5, 4, 4, 5, 5, '', 5, 4, 4, 4, 5, '', 5, 5, 3, 3, '', 5, 5, 5, 5, 5, '', '', '', '', 'I learned a lot from this Team Building'),
(380, 37, '2018-12-19 15:27:17', 4, 4, 4, 4, '', 4, 4, 4, 4, 4, '', 4, 4, 4, 4, 4, '', 4, 4, 4, 4, '', 4, 4, 4, 4, 4, '', 'Clarity of direction regarding the office&#039;s vision.', '', '', 'Thank you.'),
(381, 37, '2018-12-19 15:27:49', 5, 5, 5, 5, '', 4, 5, 5, 4, 5, '', 5, 5, 5, 5, 5, '', 4, 4, 4, 3, '', 5, 5, 4, 5, 5, '', '', '', '', ''),
(382, 37, '2018-12-19 15:28:37', 4, 5, 4, 4, '', 4, 3, 4, 4, 4, '', 4, 5, 5, 5, 5, '', 4, 4, 3, 3, '', 4, 4, 4, 5, 5, '', '', '', '', ''),
(383, 37, '2018-12-19 15:29:52', 4, 4, 4, 3, '', 3, 5, 4, 4, 4, '', 5, 4, 4, 4, 3, '', 4, 4, 5, 4, '', 5, 5, 5, 4, 4, '', '', '', '', ''),
(384, 37, '2018-12-19 15:30:51', 4, 3, 3, 3, '', 4, 4, 4, 4, 5, '', 5, 4, 5, 5, 5, '', 5, 4, 4, 4, '', 4, 4, 4, 4, 4, '', '', '', '', ''),
(385, 37, '2018-12-19 15:31:21', 5, 5, 5, 5, '', 4, 5, 4, 4, 5, '', 5, 4, 5, 5, 5, '', 5, 5, 4, 4, '', 5, 5, 5, 5, 5, '', '', '', '', ''),
(386, 37, '2018-12-19 15:51:08', 4, 4, 5, 5, '', 4, 5, 5, 5, 5, '', 5, 4, 5, 5, 4, '', 5, 4, 5, 4, '', 4, 4, 4, 5, 5, '', '', '', '', ''),
(387, 37, '2018-12-19 15:51:17', 5, 5, 5, 5, '', 5, 5, 5, 5, 5, '', 5, 5, 5, 5, 5, '', 5, 5, 5, 5, '', 5, 5, 5, 5, 5, '', '', '', '', ''),
(388, 37, '2018-12-19 15:52:11', 5, 5, 5, 5, '', 5, 5, 5, 5, 5, '', 5, 5, 5, 5, 5, '', 5, 5, 5, 5, '', 5, 5, 5, 5, 5, '', 'Learned and improved.', 'It will improve our work at the office.', 'Nest somewhere in Boracay', 'Thank you and God Bless!'),
(389, 37, '2018-12-19 15:53:08', 4, 4, 4, 4, '', 4, 5, 4, 4, 4, '', 4, 5, 5, 5, 5, '', 4, 4, 5, 4, '', 5, 4, 5, 5, 5, '', '', '', '', ''),
(390, 37, '2018-12-19 15:53:51', 4, 4, 5, 5, '', 4, 4, 4, 4, 4, '', 4, 4, 4, 4, 4, '', 4, 4, 4, 4, '', 4, 4, 4, 4, 4, '', '', '', '', ''),
(391, 37, '2018-12-19 15:59:58', 5, 5, 5, 5, '', 5, 5, 5, 5, 5, '', 5, 5, 5, 4, 5, '', 5, 4, 4, 4, '', 4, 4, 4, 4, 5, 'The strategy of learning experience is good.', 'It develop my learning and enhance my ability.', 'By dealing/develop my work experience.', 'Create more trainings and seminars to enhance my ability.`Perfect! Thanks!', ''),
(392, 37, '2018-12-19 16:01:08', 5, 5, 5, 5, '', 5, 5, 5, 5, 5, '', 5, 5, 5, 5, 5, '', 5, 5, 5, 5, '', 5, 5, 5, 5, 5, 'Knowledgeable and interesting', 'No comments', 'Seminar, implementation, and Planning', '', 'Thank you. Next time I expect more group activities during the Strategic Planning'),
(393, 37, '2018-12-19 16:04:16', 4, 5, 5, 5, '', 4, 4, 5, 5, 5, '', 5, 5, 5, 5, 5, '', 5, 5, 4, 4, '', 5, 4, 5, 5, 5, 'Very well delivered. It enhanced my knowledge the strategies and objectives it meet both ends.', 'Collaboration and coordination (unity) with the team to make it more effective and efficient in delivery of service.', 'May be it should be 2-3 days to gain more inputs and incorporate the realities to future use.', 'Care Management Training', 'None'),
(394, 37, '2018-12-19 16:04:45', 4, 5, 5, 5, '', 4, 5, 5, 5, 5, '', 5, 5, 5, 5, 5, '', 5, 4, 4, 4, '', 5, 5, 5, 5, 5, '', '', '', '', ''),
(395, 37, '2018-12-19 16:06:30', 5, 5, 5, 5, '', 4, 4, 4, 4, 4, '', 5, 5, 5, 5, 5, '', 4, 4, 4, 4, '', 5, 5, 5, 5, 5, 'There are lots of things to be done.', 'We need change for good', 'We have to be united for good governance', 'Training is already enough', 'In my own opinion, employees who are deserving should be given recognition and incentives.'),
(396, 37, '2018-12-19 16:08:12', 5, 5, 4, 5, '', 5, 5, 4, 4, 4, '', 5, 4, 4, 5, 4, '', 5, 5, 4, 4, '', 5, 5, 5, 4, 4, 'Adjustments to each employee', 'Training and very good experience.', '', '', ''),
(397, 37, '2018-12-19 16:09:28', 4, 4, 4, 4, '', 4, 4, 4, 4, 4, '', 4, 4, 4, 4, 4, '', 4, 4, 4, 4, '', 4, 4, 4, 4, 4, 'Be able to come up with the issues and solutions', '', 'More trainings related to our job.', '', ''),
(398, 37, '2018-12-19 16:10:32', 5, 5, 5, 5, '', 4, 4, 4, 4, 4, '', 5, 5, 5, 5, 5, '', 5, 5, 5, 4, '', 4, 5, 5, 5, 5, 'More learnings/ got new strategy plan', '', '', 'Handling with people or dealing with others', ''),
(399, 38, '2019-03-06 08:03:13', 5, 3, 4, 4, '', 3, 5, 4, 4, 4, '', 4, 4, 5, 4, 3, '', 5, 4, 3, 4, '', 5, 4, 4, 4, 5, 'My high point of the whole learning experience in this team building seminar is to develop my behaviour, skills and the way I serve as a public servant.', 'The benefits I received from this training/workshop is not only a thing but my experience and on how to be united.', '', '', ''),
(400, 38, '2019-03-06 08:03:05', 5, 4, 5, 5, '', 4, 5, 5, 5, 5, '', 5, 5, 4, 5, 5, '', 5, 5, 5, 4, '', 4, 4, 5, 4, 4, 'Teamwork', '', '', '', ''),
(401, 38, '2019-03-06 08:03:48', 5, 5, 5, 5, '', 5, 5, 5, 5, 5, '', 5, 5, 5, 5, 5, '', 5, 5, 5, 4, '', 5, 4, 4, 4, 4, 'We were able to share our feelings', 'Building team relationship', '', '', ''),
(402, 38, '2019-03-06 08:03:29', 5, 5, 5, 5, '', 5, 5, 5, 5, 5, '', 3, 3, 3, 3, 3, '', 4, 4, 4, 4, '', 5, 5, 5, 5, 5, 'Makahatag ug kaayuhan sa mga empleyado sa City Vet nga mapa iladman ang relasyon sa usag-usa.', 'Ang traing or workshop makahatag ug kayuhan sa akong kaugalingon ug sa akong officemates.', 'Educational experience.', '', ''),
(403, 38, '2019-03-06 11:03:56', 5, 5, 5, 5, '', 5, 5, 5, 5, 5, '', 5, 5, 5, 5, 5, '', 5, 5, 5, 5, '', 5, 5, 5, 5, 5, 'Nga mahimong competitive nga walay nayatakan.', 'The benefit I received from this training was to be able to improve what what needs to be improve especially in providing the needs of the farmers. And I was enlightened to some things especially in the unity of the co-workers.', '', '', 'Nga dili r aunta sa karon ni mahitbao kun dili mahatagan pa mi ug lain pa nga higayon. Thank you!'),
(404, 38, '2019-03-06 11:03:03', 5, 5, 5, 5, '', 5, 5, 5, 5, 4, '', 4, 5, 5, 5, 5, '', 5, 5, 4, 5, '', 5, 5, 5, 5, 5, 'To be a productive employee for the people of Bayawan City.', 'To boost my Public Speaking to be able to express what\'s in my mind, to share the good to everybody.', 'To be more dedicated to my work. Eye-opener.', 'Consumer services training for all JOs/casual employees.', 'Hina-ot pa unta nga mo cooperate ang tanan.'),
(405, 38, '2019-03-06 11:03:42', 5, 4, 5, 5, '', 4, 5, 4, 5, 5, '', 5, 5, 5, 5, 5, '', 4, 5, 5, 5, '', 5, 5, 5, 5, 5, '', '', '', '', ''),
(406, 38, '2019-03-06 11:03:22', 4, 3, 3, 3, '', 3, 3, 3, 3, 3, '', 4, 4, 4, 4, 4, '', 5, 5, 5, 5, '', 5, 4, 4, 4, 4, 'My high point  of the whole learing experience is how to become a good worker of the LGU.', 'My major benefit received from this training/workshop is to become a good worker, have discipline to yourself.', '', '', 'No comment.'),
(407, 38, '2019-03-06 11:03:18', 5, 5, 4, 4, '', 4, 4, 5, 5, 5, '', 5, 4, 5, 4, 4, '', 5, 5, 5, 5, '', 5, 5, 5, 5, 5, '', 'Techniques/Ideas, Knowledge', 'It can improve services and personality', 'A training that can make me the best so that I can help the farmers also be the best.', ''),
(408, 38, '2019-03-06 11:03:01', 5, 5, 5, 4, '', 4, 5, 4, 5, 5, '', 5, 5, 5, 4, 5, '', 4, 4, 4, 4, '', 4, 5, 5, 4, 5, '', 'It gives more knowledge to each and everyone through the commitments.', 'To have an additional budget in order to have an additional knowledge.', 'Training that give and enhance our skills related to our work.', ''),
(409, 38, '2019-03-06 11:03:02', 5, 5, 4, 4, '', 4, 4, 5, 5, 4, '', 5, 4, 5, 4, 4, '', 5, 5, 5, 5, '', 5, 5, 5, 5, 5, 'Gain new techniques, information about serving people.', 'Knowledge and techniques, for me to serve well to the farmers.', 'It can improve your services to the public as well as to the farmers. ', 'A training that can be more informative about our work.', ''),
(410, 38, '2019-03-06 11:03:30', 5, 5, 3, 5, '', 5, 4, 4, 4, 5, '', 5, 5, 5, 4, 4, '', 5, 5, 5, 5, '', 5, 5, 5, 5, 5, 'Hagit sa among trabaho nga ma improve pa ang among serbisyo.', 'To improve the quality of my work and co-workers to be able to help farmers improve their lives.', 'It will improve our knowledge in our work.', 'Other special skills training relevant to our work in order to improve he life of farmers.', 'Good luck and more power to all of us LGU Bayawan City employees.'),
(411, 38, '2019-03-06 11:03:16', 5, 4, 4, 5, '', 4, 5, 5, 5, 5, '', 5, 4, 5, 4, 4, '', 5, 5, 5, 5, '', 5, 5, 5, 5, 5, 'To be a good employee.', '', '', '', ''),
(412, 38, '2019-03-06 11:03:52', 5, 4, 5, 3, '', 4, 5, 4, 5, 4, '', 4, 5, 5, 5, 4, '', 4, 4, 5, 5, '', 5, 5, 5, 5, 5, '', '', '', '', ''),
(413, 38, '2019-03-06 11:03:26', 5, 4, 5, 4, '', 5, 5, 5, 5, 5, '', 5, 5, 5, 4, 5, '', 4, 4, 5, 5, '', 5, 5, 5, 5, 5, '', '', '', '', ''),
(414, 38, '2019-03-06 11:03:37', 4, 4, 4, 4, '', 4, 4, 4, 4, 4, '', 5, 5, 4, 4, 4, '', 5, 5, 5, 5, '', 4, 5, 5, 5, 5, 'To add more knowledge towards our work.', 'To improve my work.', 'Everything is clear', '', 'No comments.'),
(415, 38, '2019-03-06 11:03:09', 5, 5, 5, 5, '', 4, 4, 5, 4, 4, '', 5, 5, 5, 5, 4, '', 4, 4, 4, 4, '', 5, 5, 5, 5, 5, 'Sharing of experiences, sentiments.', 'Focus your commitments.', '', '', 'Kulang ang time, nindot kung 2 days ang workshop.'),
(416, 38, '2019-03-06 13:03:26', 5, 5, 4, 5, '', 4, 4, 5, 5, 4, '', 5, 4, 4, 5, 5, '', 4, 4, 5, 5, '', 5, 5, 5, 4, 5, 'To become a better employee', '', '', '', ''),
(417, 38, '2019-03-06 13:03:50', 5, 5, 5, 5, '', 4, 5, 4, 4, 4, '', 5, 5, 5, 4, 5, '', 5, 4, 4, 4, '', 5, 5, 5, 5, 5, 'This is very important to us for this is our first time to have this workshop that give us additional knowledge.', 'Our office needs to change behaviour and other negative mindsets.', 'Length of time.', '', 'Very good and awesome.'),
(418, 38, '2019-03-06 13:03:02', 3, 4, 4, 4, '', 4, 5, 3, 4, 4, '', 4, 4, 3, 3, 4, '', 4, 3, 3, 4, '', 5, 4, 3, 5, 5, '', 'To improve work in the office. To change my bad behaviour.', '', '', ''),
(419, 38, '2019-03-06 13:03:36', 5, 5, 4, 5, '', 5, 5, 5, 5, 5, '', 5, 4, 4, 4, 5, '', 5, 5, 5, 5, '', 4, 5, 5, 4, 5, '', '', '', '', ''),
(420, 38, '2019-03-06 13:03:31', 5, 5, 5, 5, '', 5, 5, 5, 5, 5, '', 5, 5, 5, 5, 5, '', 5, 5, 5, 5, '', 5, 5, 5, 5, 5, 'To build a good relationship as a team. To understand our officemates feelings.', 'To build a good relationship.', '', '', ''),
(421, 38, '2019-03-06 13:03:42', 5, 5, 5, 4, '', 4, 4, 4, 5, 4, '', 3, 4, 4, 4, 4, '', 4, 4, 5, 4, '', 5, 4, 4, 4, 4, 'It is well-developing and exciting for me as a first timer in this team building; knowledgeable in my part and applicable to my present job,', 'Clear ideas. Productivity. Service-oriented. Skills development.', 'Like this experience \"Team Building Activity\" - very much effective.', '', ''),
(422, 38, '2019-03-06 13:03:25', 5, 5, 5, 5, '', 3, 4, 5, 5, 5, '', 5, 5, 5, 5, 5, '', 5, 5, 5, 5, '', 5, 5, 5, 5, 5, 'Knowledge and cooperation.', '', '', '', ''),
(423, 38, '2019-03-06 13:03:36', 5, 5, 5, 5, '', 4, 5, 5, 5, 4, '', 5, 5, 5, 5, 5, '', 5, 5, 5, 5, '', 4, 5, 4, 4, 5, 'As a first timer to attend this activity, it\'s really knowledgeable in my part in which I learned a lot.', 'It gives me an opportunity to bond with my co-workers and learn.', 'The relation between my officemates.', 'I wish this activity will be conducted every year.', 'No comment. Thank you.'),
(424, 38, '2019-03-06 13:03:39', 4, 3, 4, 5, '', 4, 4, 4, 4, 4, '', 5, 5, 5, 5, 5, '', 4, 4, 5, 5, '', 4, 4, 4, 4, 4, 'All the employees cooperated.', 'It serves as a refresher and reminder.', '', '', 'The food specifically the linat-an di maayo ang karne kay may baho na and it lacks spices.'),
(425, 38, '2019-03-06 13:03:46', 5, 4, 5, 5, '', 3, 4, 4, 5, 5, '', 4, 4, 5, 4, 5, '', 4, 4, 5, 5, '', 5, 5, 5, 5, 5, 'To have a strong experience regarding my job.', 'To improve my attitude to deal with my co-workers.', 'My attitude.', 'Personal effectiveness.', ''),
(426, 38, '2019-03-06 13:03:11', 4, 4, 4, 4, '', 4, 4, 4, 4, 4, '', 4, 4, 4, 4, 4, '', 4, 4, 4, 4, '', 4, 4, 4, 4, 4, '', '', '', '', ''),
(427, 38, '2019-03-06 13:03:55', 4, 5, 5, 4, '', 4, 4, 5, 4, 4, '', 5, 4, 4, 4, 5, '', 4, 4, 4, 4, '', 5, 5, 5, 5, 5, 'Team work.', '', '', 'Customer service.', '');
INSERT INTO `personneltrainingseval` (`personneltrainingseval_id`, `personneltrainings_id`, `dateTimeAdded`, `subj_matter_1_rating`, `subj_matter_2_rating`, `subj_matter_3_rating`, `subj_matter_4_rating`, `subj_matter_comment`, `presentation_1_rating`, `presentation_2_rating`, `presentation_3_rating`, `presentation_4_rating`, `presentation_5_rating`, `presentation_comment`, `resource_pip_1_rating`, `resource_pip_2_rating`, `resource_pip_3_rating`, `resource_pip_4_rating`, `resource_pip_5_rating`, `resource_pip_comment`, `administrative_1_rating`, `administrative_2_rating`, `administrative_3_rating`, `administrative_4_rating`, `administrative_comment`, `overall_ass_1`, `overall_ass_2`, `overall_ass_3`, `overall_ass_4`, `overall_ass_5`, `assessment_1`, `assessment_2`, `assessment_3`, `assessment_4`, `assessment_5`) VALUES
(428, 39, '2019-03-14 16:03:37', 5, 5, 5, 5, '', 5, 5, 5, 5, 5, '', 5, 5, 5, 5, 5, '', 5, 5, 5, 5, '', 5, 5, 5, 5, 5, 'It is to assess yourself if what you are capable and to understand the problem, smile and greet everyone. Have patience and do your best to have a good service everyday.', 'Now I know the office policies and to have a good service.', 'To be honest, nothing because they did a very good job. I\'ve learned a lot.', '', ''),
(429, 39, '2019-03-14 16:03:48', 4, 5, 5, 4, '', 5, 5, 5, 5, 5, '', 4, 5, 4, 5, 4, '', 4, 5, 5, 4, '', 5, 5, 5, 5, 5, 'I have learned how to serve the client.', 'To have a good attitude and to have long patience always to your clients.', '', 'How to properly answer the telephone.', ''),
(430, 39, '2019-03-14 16:03:49', 5, 5, 5, 5, '', 5, 5, 5, 5, 5, '', 5, 5, 5, 5, 5, '', 5, 5, 5, 5, '', 5, 5, 5, 5, 5, 'Attitude  is the most important as government servants.', 'Be positive and love your job.', 'Patience and attitude.', 'For me, I think it\'s enough coz if you listen, it\'s already complete regarding good public servants,', 'Excellent.'),
(431, 39, '2019-03-14 16:03:36', 5, 5, 5, 5, '', 5, 5, 5, 5, 5, '', 5, 5, 5, 5, 5, '', 5, 5, 5, 5, '', 5, 5, 5, 5, 5, 'I learned to thin positive and to love my job.', 'How to deal with external customers.', '', '', ''),
(432, 39, '2019-03-14 16:03:12', 5, 5, 5, 5, '', 5, 5, 5, 5, 5, '', 5, 5, 5, 5, 5, '', 5, 5, 5, 5, '', 5, 5, 5, 5, 5, 'I think it teaches me on how to deal with customers by giving assistance and good service.', 'I was so thankful with this seminar because it adds more knowledge and give more/ a lot of important information regarding customer service and teaches how to deal with co-employees and with our boss.', 'I think it starts with attitude. If you have this kind of personality then it is easy for you to to deal with peers. And the most important thing is you know how to handle problems and complaints.', 'Workshops', ''),
(433, 39, '2019-03-15 09:03:58', 5, 5, 5, 5, '', 5, 5, 5, 5, 5, '', 5, 5, 5, 5, 5, '', 5, 5, 5, 5, '', 5, 5, 5, 5, 5, 'Policies and handling problems, people.', 'All dos\' and don\'ts', 'Probably more workshops, group activity (dramatization) if time warrants.', 'Leadership training. Human Behavior.', 'Front page please.'),
(434, 39, '2019-03-15 09:03:00', 5, 5, 5, 5, '', 5, 5, 5, 5, 5, '', 5, 5, 5, 5, 5, '', 5, 5, 5, 5, '', 5, 5, 5, 5, 5, 'Attitude - para maka adjust ta sa atong kaugalingon.', 'Ang aking natutunan kung paano makisama sa iyong customer kung ano ang dapat gawin para makuntento sila.', '', 'Any trainings.', 'No comments. Malaki talaga ang maitutulong sa mga katulad namin na baguhan.'),
(435, 39, '2019-03-15 09:03:41', 5, 4, 5, 5, '', 4, 5, 4, 5, 4, '', 4, 4, 5, 3, 4, '', 4, 5, 4, 5, '', 5, 4, 5, 5, 5, 'Always think positive.', 'I learn how to deal with people and a public servant.', 'Improve our attitude with public service.', '', ''),
(436, 39, '2019-03-15 09:03:13', 5, 5, 5, 5, '', 4, 5, 4, 4, 5, '', 5, 5, 5, 5, 5, '', 5, 5, 5, 4, '', 5, 4, 5, 5, 5, 'The discussion about our  attitude in responding or handling our client and co-worker.', 'The entire topics benefited a lot because I learned many things that improve my work and even on my personal life.', 'I think  more energizers aron dili manakit amo hawak ug pungko.', 'Your ideas is much better than mine. So whatever it is, ok na sa ako.', 'I appreciate your initiative to plan such activities. Keep it up.'),
(437, 39, '2019-03-15 09:03:55', 5, 5, 4, 5, '', 5, 4, 4, 4, 5, '', 5, 5, 4, 5, 5, '', 4, 5, 3, 4, '', 5, 5, 5, 5, 5, 'To accommodate properly the clients so that we can give their needs and they will be satisfied for our services.', 'To be more positive in your work so that you can think and work properly with your daily task.', 'To be able to interact with positive and negative thoughts of your clients.', '', ''),
(438, 39, '2019-03-15 09:03:02', 5, 5, 5, 4, '', 5, 5, 5, 5, 5, '', 5, 5, 5, 5, 5, '', 5, 5, 5, 5, '', 5, 5, 5, 5, 5, 'To develop and to learn more about customer service. To learn how to help Bayawan City to become a top-farm tourism City by 2020 by unity of people. To control our temper and work well.', 'About the learning and knowledge of being a good worker/co-worker.', 'There must be a traing or workshop like this atleast once a month.', 'About secretariat workshop/training.', ''),
(439, 39, '2019-03-15 09:03:20', 5, 5, 5, 5, '', 5, 5, 5, 5, 5, '', 5, 5, 5, 5, 5, '', 5, 5, 5, 5, '', 5, 5, 5, 5, 5, 'Being positive. Always wear a smile and good treatment around you. Proper handling clients or customers attitude.', 'The major benefits I received from this training/workshop that patience is a virtue and don\'t judge the book by its cover. How to give importance to those clients or customers at your own risk. How to suit yourself at your workplace and be positive always, especially be confident to yourself and proud of who you are and where you with.', '', '', ''),
(440, 39, '2019-03-15 09:03:03', 5, 5, 5, 5, '', 5, 5, 4, 4, 5, '', 5, 4, 5, 4, 4, '', 4, 4, 5, 4, '', 5, 5, 5, 5, 5, 'Be positive and be responsible to your job. No hate just love.', 'Discipline yourself and be humble and patient to the customers.', 'In this training, you know what unity helps to the environment and if there is unity there is big success.', '', ''),
(441, 39, '2019-03-15 09:03:51', 5, 5, 5, 5, '', 5, 4, 4, 4, 5, '', 5, 5, 5, 5, 5, '', 4, 4, 5, 5, '', 5, 5, 5, 5, 5, 'Proper attitude and positivity reflects the overall well-being of the job and workplace, and the community.', 'I am so thankful for this workshop because as a new employee this helped me with the proper work attitude. The general policies provided by the training also answered the questions I had in mind. Our attitude towards our co-workers must always be in positive ways always. We must be sensitive in our own selves and assess ourselves whether we are doing our best to attain our vision.', '', 'I think I want to engage in team building.', ''),
(442, 39, '2019-03-15 09:03:42', 4, 4, 5, 5, '', 4, 4, 4, 5, 4, '', 4, 4, 4, 4, 4, '', 4, 5, 5, 5, '', 5, 5, 5, 5, 5, 'Proper attitude to deal the customers.', 'Enlightened the mind of the seminar', 'Attitude', 'About the skills we have and and what was our capacity.', ''),
(443, 39, '2019-03-15 10:03:10', 5, 5, 5, 5, '', 5, 5, 5, 5, 5, '', 5, 5, 5, 5, 5, '', 5, 5, 5, 5, '', 5, 5, 5, 5, 5, 'Attitude. It is very important to have a good attitude and a positive thought in the workplace especially in dealing with clients because it will also reflect the image of our organization or respective office.', 'For me, knowledge is the major benefit that I have received. Knowledge about proper values as a public servant and knowledge about dealing with clients and complaints.', 'Maybe to conduct this workshop in 2 days in order to tackle more topics that will add learning that we may be able to acquire.', 'Any training that can motivate employees to be productive.', 'None. Thank you.'),
(444, 39, '2019-03-15 10:03:00', 5, 5, 5, 5, '', 5, 5, 5, 5, 5, '', 5, 5, 5, 5, 5, '', 5, 5, 5, 5, '', 5, 5, 5, 5, 5, 'Core values of being a good public servant.', 'To enhance my capabilities to handle such circumstances in different ways.', 'To continue training the government employees.', 'Safety trainings. Team Building. How to manage different characters of co-employees and clients.', ''),
(445, 39, '2019-03-15 10:03:34', 3, 3, 4, 3, '', 3, 4, 3, 3, 5, '', 4, 4, 5, 3, 4, '', 3, 3, 3, 4, '', 4, 4, 5, 4, 5, 'Values information.', 'Understand the rules and regulations well.', 'Role play.', 'Honestly none, because I am not a competitive person.', 'Very nice presentation.'),
(446, 39, '2019-03-15 10:03:02', 3, 3, 4, 3, '', 4, 4, 3, 3, 5, '', 4, 5, 5, 4, 4, '', 4, 4, 4, 4, '', 4, 4, 5, 5, 4, 'The high point of the whole learning experience is that you must follow the steps in becoming a good  public servant.', 'Be a better public servant so that your customer will feel comfortable.', 'By being  a good public servant you must follow all the specific strategies which is given in the workshop.', 'Team building activities and more workshops on becoming a good public servant.', ''),
(447, 39, '2019-03-15 10:03:44', 5, 5, 5, 4, '', 5, 5, 5, 5, 5, '', 5, 5, 5, 5, 5, '', 5, 5, 5, 5, '', 5, 5, 5, 5, 5, 'The high point of the whole learning experience is more on challenge.', 'Very relevant to my job.', '', '', ''),
(448, 39, '2019-03-15 10:03:47', 5, 5, 5, 5, '', 5, 5, 5, 5, 5, '', 5, 5, 5, 5, 5, '', 5, 5, 5, 5, '', 5, 5, 5, 5, 5, 'Public Service.', '', '', 'Dako kaayo natabang sa mga empleyado.', 'Maayo kaayo si Ma\'am Nicka nga speaker.'),
(449, 39, '2019-03-15 10:03:45', 5, 5, 5, 5, '', 5, 5, 5, 5, 5, '', 5, 5, 5, 5, 5, '', 5, 5, 5, 5, '', 5, 5, 5, 5, 5, 'Attitude towards work and customers.', 'Mission, Vision and Core Values of Bayawan City, good attitude to work and clients. Effective steps in dealing with customers concerns.', 'Games and intermissions and movies.', 'Excellent training activities and staff, also food.', ''),
(450, 39, '2019-03-15 10:03:16', 5, 5, 5, 5, '', 5, 5, 5, 5, 5, '', 5, 5, 5, 5, 5, '', 5, 5, 5, 5, '', 5, 5, 5, 5, 5, 'Give good services to the customers.', 'This can give more better services to the customers and give us challenge and develop our skills.', '', '', ''),
(451, 39, '2019-03-15 11:03:21', 5, 4, 4, 4, '', 5, 5, 4, 3, 4, '', 5, 5, 4, 5, 5, '', 5, 4, 4, 4, '', 5, 4, 5, 4, 5, '100%', '', '', '', ''),
(452, 39, '2019-03-15 11:03:54', 5, 5, 5, 5, '', 5, 5, 5, 5, 4, '', 4, 5, 5, 4, 5, '', 5, 4, 5, 5, '', 5, 5, 5, 5, 5, '', '', '', '', ''),
(453, 39, '2019-03-15 11:03:39', 5, 5, 4, 4, '', 5, 5, 4, 5, 5, '', 5, 5, 5, 5, 5, '', 4, 4, 4, 4, '', 5, 5, 5, 4, 5, '', 'Attitude', '', '', ''),
(454, 39, '2019-03-15 11:03:16', 5, 4, 5, 5, '', 5, 5, 5, 5, 5, '', 5, 5, 5, 5, 5, '', 5, 5, 5, 5, '', 5, 5, 5, 5, 5, 'Realization of proper customer service.', 'It is learning what should an employee possess to become a better employee.', 'Group interaction', 'More trainings to work-related seminars.', ''),
(455, 39, '2019-03-15 11:03:03', 5, 4, 5, 5, '', 4, 4, 5, 4, 5, '', 5, 5, 5, 5, 5, '', 4, 4, 4, 4, '', 5, 5, 5, 5, 5, 'Examine your attitude towards clients, supervisors, work and co-workers. Be positive everyday; Inhale! Exhale! Smile... because tomorrow is another prosperous day.', 'Learning how to handle difficult clients. Learning how to be patient in all things. Learning how to develop yourself.', '', '', 'Please have trainings like this if possible every year. This training helps a lot in realization on how important you are (even you\'re a Job Order) for the improvement of Bayawan City.'),
(456, 39, '2019-03-15 11:03:40', 5, 5, 5, 5, '', 5, 5, 5, 5, 5, '', 5, 5, 5, 5, 5, '', 5, 5, 5, 5, '', 5, 5, 5, 5, 5, '', '', '', '', 'Ma\'am Nicka, I wish I can have a USB (my own/personal) copy of the seminar, so that from time to time I can share important items during my staff meeting.'),
(457, 39, '2019-03-15 11:03:12', 3, 3, 3, 4, '', 3, 3, 3, 3, 4, '', 3, 3, 3, 3, 3, '', 3, 3, 3, 3, '', 5, 5, 5, 5, 5, 'Warming experience is one way to develop your attitude.', 'How to become a good public servant.', 'You improve your attitude and be confident for everything especially being a public servant.', 'I need more training, it will develop my capacity as a public servant.', ''),
(458, 39, '2019-03-15 12:03:14', 4, 5, 4, 4, '', 4, 5, 5, 4, 5, '', 5, 4, 5, 5, 5, '', 4, 4, 5, 5, '', 5, 5, 5, 5, 5, 'In my opinion, the point of the seminar is to have more knowledge about our work. The don\'ts and dos and to know the policies of the LGU.', 'Learning in dealing customers, supervisors, and co-workers.', '', '', ''),
(459, 39, '2019-03-15 12:03:45', 4, 5, 5, 5, '', 4, 5, 4, 3, 4, '', 4, 4, 4, 5, 4, '', 4, 4, 5, 5, '', 5, 5, 5, 4, 4, 'To be able to create and develop a well-informed and open-minded government workers to ensure excellent government service.', 'Personality development.', 'Some speakers need to improve as to they have to understand clearly and internalize subjects and topics for the best understanding of the participants.', '', ''),
(460, 39, '2019-03-15 12:03:11', 5, 4, 5, 4, '', 4, 4, 4, 4, 5, '', 5, 5, 5, 5, 5, '', 5, 5, 4, 4, '', 5, 5, 5, 5, 5, 'I\'ve learned that I should know how to deal customers even though you are not a front liner, just in case you will be in one mo atubang sa customer.', 'Knowledge sa workplace. Understanding at workplace.', 'Wala, kay they explain the topic very well.', 'Creativity. Positive thinking . Magkahiusa sa work.', ''),
(461, 39, '2019-03-15 13:03:41', 5, 4, 4, 4, '', 4, 5, 5, 4, 5, '', 5, 5, 5, 5, 5, '', 5, 5, 4, 5, '', 4, 5, 5, 5, 5, 'The attitudes towards the customers/co-workers.', 'Enlighten or additional knowledge about our workers.', 'In how to handle our clients and our co-workers.', 'Any Workshop training seminar HR will be conducting.', ''),
(462, 39, '2019-03-15 13:03:51', 5, 4, 5, 4, '', 4, 4, 4, 4, 4, '', 5, 5, 5, 5, 5, '', 5, 5, 5, 5, '', 5, 5, 5, 5, 5, 'It\'s all about the values, your character, your attitude as an employee, you should be flexible.', 'I learned about what was really my job is, my right as a worker and how to deal other people.', 'I think over all I was satisfied  and I don\'t see anything to improve.', 'I believe that questions in my mind was answered and I am so competent in my job.', 'Keep it up Ma\'am Nicka and HR STaff. I\'m so satisfied and I learned a lot today.'),
(463, 39, '2019-03-15 14:03:53', 5, 5, 5, 5, '', 5, 5, 4, 4, 4, '', 5, 5, 5, 5, 5, '', 4, 4, 4, 4, '', 5, 5, 5, 5, 5, 'As an LGU employee, positive attitude in the workplace is very important. It helps us give positive mood to our co-employees and even to our clients. If there is unity, understanding, and respect in the team, the work will be delivered smoothly.', 'It boosts my confidence and self-esteem for I know right now my role and responsibilities in the community. Positive attitude.', 'This seminar excellently delivered the needs of the participants.', 'Seminars related to personality development.', ''),
(464, 39, '2019-03-15 14:03:53', 5, 4, 5, 5, '', 4, 4, 3, 3, 4, '', 5, 5, 5, 5, 4, '', 4, 4, 4, 4, '', 5, 5, 5, 5, 5, 'Good attitude - because all things comes from good attitude towards our self, our co-worker, and boss.', 'I\'ve learned a lot for personal adjustment/ to all.', 'Anyways, 100 very good. Ma\'am Nica.', 'Anti-rape case seminar, for this as of now we suffer this badly not only in Bayawan but of course in other cities.', 'Very good.'),
(465, 39, '2019-03-15 14:03:05', 5, 5, 5, 5, '', 4, 5, 5, 5, 4, '', 5, 5, 5, 5, 5, '', 4, 3, 5, 5, '', 5, 5, 5, 5, 5, 'It tackles about work ethics of the employee, relationship of the employee-clients, and how to handle their complaints.', 'Moral lesson with regards to work ethics in public service sector.', 'I think all of it are very educational and good to adapted as a daily challenge, no more aspect to be added as it is already mentioned all necessary to be done.', 'Nothing as of now.', 'No comment.'),
(466, 39, '2019-03-15 14:03:23', 5, 3, 4, 5, '', 5, 5, 5, 5, 5, '', 5, 4, 5, 5, 5, '', 5, 5, 5, 5, '', 5, 5, 5, 5, 5, 'The whole learning experience is to be positive, respect the people around you and be patient and be positive always.', 'Good attitude, respect, be patient and be positive always.', '', '', ''),
(467, 39, '2019-03-15 14:03:24', 5, 4, 4, 5, '', 5, 4, 5, 5, 5, '', 5, 5, 5, 5, 5, '', 4, 5, 5, 5, '', 5, 5, 5, 5, 5, 'Always think positive to all customers.', 'A good idea how to handle our job.', '', 'To do our best as a public servant.', ''),
(468, 39, '2019-03-15 14:03:42', 5, 5, 4, 5, '', 5, 4, 5, 5, 5, '', 5, 5, 4, 4, 5, '', 5, 5, 5, 5, '', 5, 5, 5, 5, 5, 'High point of our learning or seminar is to be a good employee that we can give good services to our clients.', 'Rules and regulations, policies to be a good employee.', '', '', ''),
(469, 39, '2019-03-15 14:03:51', 5, 5, 5, 5, '', 5, 5, 5, 5, 5, '', 5, 5, 5, 5, 5, '', 5, 5, 5, 5, '', 5, 5, 5, 5, 5, 'It can have more idea for my work.', 'Additional learning on how to deal with clients.', '', '', ''),
(470, 39, '2019-03-15 14:03:37', 5, 5, 5, 5, '', 5, 5, 5, 5, 5, '', 5, 5, 5, 5, 5, '', 5, 5, 5, 5, '', 5, 5, 5, 5, 5, 'It brings additional knowledge on how to deal with clients.', '', '', '', ''),
(471, 41, '2019-07-05 08:07:32', 5, 5, 5, 5, '', 5, 5, 5, 5, 5, '', 5, 5, 5, 5, 5, '', 5, 5, 5, 5, '', 4, 4, 4, 5, 5, 'Public service values and identifying stress and how to manage it. ', 'Able to additional insights to refrain from stress.', 'Extend to other employees who haven\'t avail it.', '', 'Well done HR Team!'),
(472, 41, '2019-07-05 08:07:46', 5, 5, 5, 5, '', 5, 5, 5, 5, 5, '', 5, 5, 5, 5, 5, '', 5, 5, 5, 5, '', 5, 5, 5, 5, 5, 'Temptations is just in the corner waiting anytime to attack us but always depends on our values, the foundation we set for ourself.', 'Extending more patience to attend co-workers attitude. Stress is fact of our life.', 'The kind of workshop that should be attended by every LGU employee.', 'Re-orientation of functions, responsibilities, others to follow of government employees.', 'An education experience that worth of my time spent attending this workshop.'),
(473, 41, '2019-07-05 08:07:46', 4, 4, 4, 4, '', 4, 4, 4, 4, 4, '', 4, 4, 4, 3, 4, '', 4, 4, 4, 4, '', 4, 4, 4, 4, 4, 'Right values must harbor in the hearts of all public servants to be able to serve with excellence and with integrity.', 'Always find time or give time for yourself.', 'Needs to be heard by all public servants in the LGU.', 'Skills management to boost productivity.', ''),
(474, 41, '2019-07-05 08:07:01', 5, 5, 5, 5, '', 5, 5, 5, 5, 5, '', 5, 5, 5, 5, 5, '', 5, 5, 5, 5, '', 5, 5, 5, 5, 5, '', 'Improve my capacity to manage stress especially in the workplace.', '', 'There is a need for heads and supervisors to undergo this training.', ''),
(475, 41, '2019-07-05 08:07:35', 5, 5, 5, 5, '', 5, 5, 5, 5, 5, '', 5, 5, 5, 5, 5, '', 5, 5, 5, 5, '', 5, 5, 5, 5, 5, '', '', '', '', ''),
(476, 41, '2019-07-05 08:07:07', 5, 5, 5, 5, '', 5, 5, 5, 5, 5, '', 5, 5, 5, 5, 5, '', 5, 5, 5, 5, '', 5, 5, 5, 5, 5, '', '', '', '', ''),
(477, 41, '2019-07-05 08:07:19', 4, 4, 4, 4, '', 3, 4, 4, 5, 4, '', 5, 4, 4, 4, 4, '', 4, 4, 4, 4, '', 4, 4, 4, 4, 4, 'Learn the proper values and ethics as a public servant/ learn to properly manage stress in the workplace.', '', '', '', ''),
(478, 41, '2019-07-05 08:07:22', 4, 4, 4, 4, '', 4, 4, 4, 4, 4, '', 4, 4, 4, 4, 4, '', 4, 4, 4, 4, '', 4, 4, 4, 4, 4, 'Proper conduct of public servants.', 'Refreshes my being public servant.', 'Improved participants activity', '', 'Good enough!'),
(479, 41, '2019-07-05 08:07:16', 4, 4, 4, 5, '', 4, 5, 5, 5, 4, '', 5, 4, 5, 4, 5, '', 4, 4, 5, 4, '', 4, 5, 4, 5, 5, 'Learn how to manage time, people  or co-workers and resources.', 'Values on spirituality, integrity, patriotism and excellence.', '', '', ''),
(480, 41, '2019-07-05 08:07:09', 5, 5, 5, 5, '', 5, 5, 5, 5, 5, '', 5, 5, 5, 5, 5, '', 5, 5, 5, 5, '', 5, 5, 5, 5, 5, 'The importance of physical, spiritual, and mental health in public service.', 'Refreshed from the values that we failed to apply through character and have learned to handle stress in all aspects.', '', '', ''),
(481, 41, '2019-07-05 08:07:43', 4, 5, 5, 5, '', 5, 5, 5, 5, 4, '', 5, 5, 5, 5, 5, '', 5, 5, 4, 4, '', 5, 4, 5, 5, 5, 'The public service values.', 'Learned the things appropriate intervention to ease stress.', '', 'Supervisory Training/Seminar', 'Keep it up! God Bless!'),
(482, 41, '2019-07-05 08:07:11', 5, 5, 5, 5, '', 5, 5, 5, 5, 5, '', 5, 5, 5, 5, 5, '', 5, 5, 5, 5, '', 5, 5, 5, 5, 5, '', '', '', '', ''),
(483, 41, '2019-07-05 08:07:25', 5, 5, 5, 5, '', 5, 5, 5, 5, 5, '', 5, 5, 5, 5, 5, '', 5, 5, 5, 5, '', 5, 5, 5, 5, 5, 'Always be positive in the workplace. Don\'t let stress destruct you. Instead, ignite the positivity within  ourselves.', 'I was refreshed and additional inputs could make me a better employee, co-worker, and a better me.', '', '', 'Other session/batch for another set of participants.'),
(484, 41, '2019-07-05 09:07:35', 5, 5, 5, 5, '', 5, 5, 5, 5, 5, '', 5, 5, 5, 5, 5, '', 5, 5, 5, 5, '', 5, 5, 5, 5, 5, 'It teaches you how toe be more effective as a government employee and teaches you how to handle stress.', 'It enhances your knowledge on how to handle stress.', 'Nothing.', 'More trainings on how to be more effective employee. ', 'Thank you for giving a chance to attend this seminar it helps me a lot as a frontliner.'),
(485, 41, '2019-07-05 09:07:00', 4, 5, 4, 4, '', 4, 4, 4, 4, 4, '', 5, 4, 4, 4, 4, '', 4, 4, 5, 4, '', 5, 4, 4, 4, 4, 'The high point of the whole learning experience are the values and stress management.', 'The major benefits I received from this training was the discussion on stress management, how to deal with it and positive response of the stressors.', 'I think it\'s better to share this workshop to all employees.', 'Anger Management.', ''),
(486, 41, '2019-07-05 09:07:34', 5, 5, 5, 5, '', 5, 5, 5, 5, 5, '', 5, 5, 5, 5, 5, '', 5, 5, 5, 5, '', 5, 5, 5, 5, 5, 'Stress management', 'Become positive in dealing with stressors', 'None so far.', '', 'Other employees can attend also this kind of seminar.'),
(487, 41, '2019-07-05 09:07:07', 5, 5, 5, 5, '', 5, 5, 5, 5, 5, '', 5, 5, 5, 5, 5, '', 5, 5, 5, 5, '', 5, 5, 5, 5, 5, '', 'Dealing stress.', '', '', ''),
(488, 41, '2019-07-05 09:07:27', 5, 5, 5, 5, '', 5, 5, 5, 5, 5, '', 5, 5, 5, 5, 5, '', 5, 5, 5, 5, '', 5, 5, 5, 5, 5, 'Learning the values of good public servant.', 'How to cope with stress at the office. How to be a more productive public servant.', 'I think the training is well done.', 'I want to attend other related values oriented training. And the plan financial training.', 'Well delivered. Very good.'),
(489, 41, '2019-07-05 09:07:41', 4, 5, 4, 4, '', 4, 4, 4, 5, 5, '', 5, 4, 5, 5, 5, '', 5, 5, 5, 5, '', 4, 5, 5, 5, 4, 'Very informative', 'Very useful in dealing with stress in the workplace.', 'More group sharing.', 'Technical Trainings.', 'Thanks.'),
(490, 41, '2019-07-05 09:07:49', 5, 5, 5, 5, '', 5, 5, 5, 5, 5, '', 5, 5, 5, 5, 5, '', 5, 5, 5, 5, '', 5, 5, 5, 5, 5, 'Values and ethics in public or dealing with clients.', 'Know the importance of public service.', '', '', ''),
(491, 41, '2019-07-05 14:07:07', 5, 5, 5, 5, '', 5, 5, 5, 5, 5, '', 5, 5, 5, 5, 5, '', 5, 5, 5, 5, '', 5, 5, 5, 5, 5, 'Values and ethics in public or dealing with clients.', 'Know the importance of public service.', '', '', ''),
(492, 41, '2019-07-05 14:07:50', 5, 5, 5, 5, '', 5, 5, 5, 5, 5, '', 5, 5, 5, 5, 5, '', 5, 5, 4, 4, '', 5, 5, 5, 5, 5, 'Values and stress are contagious and/infectious. Let positive/good vibes flow and show it with others.', 'It is an eye-opener for me as supervisor to be more effective and let the satisfy with their expectations from you.', 'Mae it routine.', 'Anger Management. Skills Development related to public service.', ''),
(493, 41, '2019-07-05 14:07:09', 5, 5, 5, 5, '', 5, 4, 5, 5, 4, '', 5, 5, 5, 5, 5, '', 5, 5, 5, 4, '', 5, 5, 5, 4, 5, 'The values being a public servants and stress management.', 'Instill a strong positive outlook in life.', 'The facilitator must free from other works outside from the training sessions.', 'Personality Development and Financial Management', ''),
(494, 41, '2019-07-05 14:07:10', 5, 5, 5, 5, '', 5, 5, 5, 5, 5, '', 5, 5, 5, 5, 5, '', 5, 5, 5, 5, '', 5, 5, 5, 5, 5, 'Learning on stress management and values.', 'Good values.', '', 'Any available', 'No need outside speaker.'),
(495, 41, '2019-07-05 14:07:48', 5, 5, 5, 5, '', 5, 5, 5, 5, 5, '', 5, 5, 5, 5, 5, '', 5, 5, 5, 5, '', 5, 5, 5, 5, 5, '', '', '', '', ''),
(496, 41, '2019-07-05 14:07:51', 5, 5, 5, 5, '', 5, 5, 5, 5, 5, '', 5, 5, 5, 5, 5, '', 5, 5, 5, 5, '', 5, 5, 5, 5, 5, 'Make stress our solution.', 'Learn more about as public servant.', 'More facilitator.', 'Some other training.', ''),
(497, 41, '2019-07-05 14:07:12', 5, 4, 5, 5, '', 5, 4, 5, 4, 5, '', 5, 4, 5, 4, 5, '', 4, 4, 5, 5, '', 5, 5, 5, 4, 5, 'To become effective public servant.', 'Values of public service.', 'Another set of training.', '', ''),
(498, 41, '2019-07-05 14:07:15', 5, 5, 5, 5, '', 5, 5, 5, 5, 5, '', 5, 5, 5, 5, 5, '', 5, 5, 5, 5, '', 5, 4, 4, 5, 5, '', '', '', '', ''),
(499, 45, '2019-07-08 10:07:42', 5, 5, 5, 5, '', 4, 5, 5, 5, 5, '', 5, 4, 5, 4, 5, '', 5, 4, 5, 4, '', 5, 5, 5, 5, 5, '', '', '', '', ''),
(500, 45, '2019-07-08 10:07:08', 5, 4, 5, 5, '', 4, 5, 5, 5, 5, '', 5, 5, 5, 5, 5, '', 5, 5, 5, 5, '', 5, 5, 5, 5, 5, '', '', '', '', ''),
(501, 45, '2019-07-08 10:07:38', 5, 5, 5, 5, '', 5, 5, 5, 5, 5, '', 5, 5, 5, 4, 5, '', 5, 5, 5, 4, '', 5, 5, 5, 5, 4, '', '', '', '', ''),
(502, 45, '2019-07-08 10:07:05', 4, 4, 4, 4, '', 4, 4, 4, 4, 4, '', 5, 4, 4, 4, 4, '', 4, 4, 4, 4, '', 4, 4, 5, 4, 5, 'Learning is important for improvement.', 'Gaining more knowledge.', '', '', ''),
(503, 45, '2019-07-08 10:07:01', 5, 5, 5, 4, '', 5, 4, 5, 4, 5, '', 5, 4, 5, 5, 5, '', 5, 5, 5, 5, '', 5, 5, 5, 5, 5, 'Improvements of task.', 'Learning strategies for a better work.', '', '', ''),
(504, 45, '2019-07-08 10:07:58', 5, 5, 5, 5, '', 4, 5, 5, 5, 4, '', 4, 4, 4, 5, 5, '', 5, 5, 5, 5, '', 5, 5, 5, 4, 5, 'Being accountable - as part of BAC and timelines for every move, to avoid delay.', 'Sharpened my knowledge.', 'Needs more time.', 'To be assigned in other BAC Office as observer how everything done.', 'Good.'),
(505, 45, '2019-07-08 10:07:19', 4, 4, 4, 4, '', 3, 3, 3, 4, 4, '', 4, 3, 4, 4, 3, '', 4, 4, 4, 4, '', 5, 5, 5, 5, 5, 'Being accountable', 'It gives more information and knowledge to us.', 'It improved our knowledge.', '', ''),
(506, 45, '2019-07-08 10:07:47', 5, 5, 4, 4, '', 4, 5, 5, 5, 5, '', 4, 5, 5, 5, 5, '', 5, 5, 5, 5, '', 5, 5, 5, 5, 5, 'Identify the DELAY of Procurement Process', 'To improve my job.', 'Lack of ballpen/pencil.', 'Trainings with the ABC Member & Staff, End-User and TWG.', ''),
(507, 45, '2019-07-08 10:07:18', 4, 4, 5, 4, '', 4, 4, 4, 4, 5, '', 5, 5, 5, 5, 5, '', 5, 5, 5, 5, '', 5, 5, 5, 5, 5, '', '', '', '', ''),
(508, 45, '2019-07-08 10:07:50', 5, 5, 5, 5, '', 5, 5, 5, 5, 5, '', 5, 5, 5, 5, 5, '', 5, 5, 5, 5, '', 5, 5, 5, 5, 5, 'Delay of Procurement Process.', 'Action Plan for End-Users, Supplies and Document Process.', 'Lack of Ballpen.', 'Trainings with emd-user, TWG and BAC Member with the City Mayor.', ''),
(509, 45, '2019-07-08 10:07:14', 5, 5, 5, 5, '', 5, 5, 5, 5, 5, '', 5, 5, 5, 5, 5, '', 5, 5, 5, 5, '', 5, 5, 5, 5, 5, 'How to solve the cause of delays in procurement process.', 'Inspire more to love my job.', '', '', 'Thank you and more power #TeamHR! IbayawBayawan!'),
(510, 45, '2019-07-08 10:07:52', 4, 4, 4, 4, '', 3, 3, 3, 4, 4, '', 5, 4, 4, 3, 4, '', 4, 3, 5, 4, '', 5, 5, 5, 5, 5, '', '', '', '', ''),
(511, 45, '2019-07-08 10:07:19', 5, 5, 5, 5, '', 5, 5, 5, 5, 5, '', 5, 5, 5, 5, 5, '', 5, 5, 5, 5, '', 5, 5, 5, 5, 5, '', '', '', '', ''),
(512, 45, '2019-07-08 10:07:43', 5, 5, 5, 5, '', 5, 5, 5, 5, 5, '', 5, 5, 5, 5, 5, '', 5, 5, 5, 5, '', 5, 5, 5, 5, 5, '', '', '', '', ''),
(513, 45, '2019-07-08 10:07:02', 5, 5, 5, 5, '', 5, 5, 4, 4, 5, '', 5, 5, 5, 5, 5, '', 5, 4, 5, 5, '', 5, 5, 5, 5, 5, '', '', '', '', ''),
(514, 45, '2019-07-08 10:07:29', 5, 5, 5, 5, '', 4, 5, 4, 5, 5, '', 5, 5, 5, 5, 5, '', 4, 5, 5, 5, '', 5, 5, 5, 5, 5, '', '', '', '', ''),
(515, 45, '2019-07-08 10:07:55', 5, 5, 5, 5, '', 4, 4, 4, 4, 4, '', 5, 5, 5, 5, 5, '', 4, 4, 4, 4, '', 4, 4, 4, 4, 4, '', '', '', '', ''),
(516, 45, '2019-07-08 10:07:32', 5, 5, 5, 5, '', 4, 5, 5, 5, 5, '', 5, 5, 5, 5, 5, '', 5, 5, 5, 5, '', 5, 5, 5, 5, 5, 'Find solution for the delay.', '', '', '', ''),
(517, 45, '2019-07-08 11:07:38', 5, 5, 5, 5, '', 5, 5, 5, 5, 5, '', 5, 5, 5, 5, 5, '', 5, 5, 5, 5, '', 5, 5, 5, 5, 5, 'To get learning about how to implement terms and condition of suppliers.', 'The major benefits of this training was the implementation and the learnings they gave.', 'Our time.', '', ''),
(518, 45, '2019-07-08 11:07:39', 5, 5, 4, 4, '', 4, 5, 3, 4, 5, '', 4, 4, 4, 4, 4, '', 4, 4, 4, 4, '', 5, 5, 5, 5, 5, 'Look for solutions', 'The 5-Whys is useful.', '', '', ''),
(519, 45, '2019-07-08 11:07:51', 5, 5, 5, 5, '', 5, 5, 5, 5, 5, '', 5, 5, 5, 5, 5, '', 5, 5, 5, 5, '', 5, 5, 5, 5, 5, '', 'It can improve my job better service.', '', 'Seminar/training on updated RA 9184.', 'Lack of time.'),
(520, 45, '2019-07-08 11:07:27', 5, 5, 5, 5, '', 5, 5, 5, 5, 5, '', 5, 5, 5, 5, 5, '', 5, 5, 5, 5, '', 5, 5, 5, 5, 5, '', '', '', '', ''),
(521, 45, '2019-07-08 11:07:56', 5, 5, 5, 5, '', 4, 5, 5, 5, 5, '', 4, 4, 4, 4, 4, '', 5, 5, 5, 5, '', 4, 4, 4, 4, 4, '', '', '', '', ''),
(522, 45, '2019-07-08 12:07:35', 5, 5, 5, 5, '', 4, 5, 5, 5, 5, '', 5, 5, 5, 5, 5, '', 5, 5, 5, 5, '', 5, 5, 5, 5, 5, '', '', '', '', ''),
(523, 45, '2019-07-08 12:07:35', 5, 5, 5, 5, '', 5, 5, 5, 5, 5, '', 5, 5, 5, 5, 5, '', 5, 5, 5, 5, '', 5, 5, 5, 5, 5, 'Identify the delay', 'We learned much about procurement', 'Need more resource speakers', 'More trainings', 'More power'),
(524, 45, '2019-07-08 12:07:30', 5, 5, 5, 5, '', 5, 5, 5, 5, 5, '', 5, 5, 5, 5, 5, '', 5, 5, 5, 5, '', 5, 5, 5, 5, 5, '', 'Teamwork', '', '', ''),
(525, 45, '2019-07-08 12:07:36', 5, 5, 5, 5, '', 5, 5, 5, 5, 5, '', 5, 5, 5, 5, 5, '', 5, 5, 5, 5, '', 5, 5, 5, 5, 5, 'Participation', 'How to solve the problems in procurement', 'Knowing the problem', 'Procurement', 'More trainings and seminars'),
(526, 45, '2019-07-08 12:07:06', 5, 5, 5, 5, '', 5, 5, 5, 5, 5, '', 5, 5, 5, 5, 5, '', 5, 5, 5, 5, '', 5, 5, 5, 5, 5, '', '', '', '', ''),
(527, 46, '2019-07-09 16:07:23', 4, 4, 5, 4, '', 3, 4, 3, 5, 5, '', 4, 4, 4, 4, 4, '', 4, 4, 4, 3, '', 4, 4, 5, 4, 4, 'Never give up!', 'Beautiful insights.', 'Specific examples/situations', 'We will think of something.', 'Follow up and follow thru seminars.'),
(528, 46, '2019-07-09 16:07:29', 5, 5, 5, 5, '', 4, 5, 4, 4, 5, '', 5, 5, 5, 5, 5, '', 4, 4, 4, 4, '', 5, 5, 5, 5, 5, 'Realizing or making your workmates realize self-worth.', 'Paradigm shift idea.', 'Role play.', 'Training related to the actual task and responsibilities of the employees.', 'Training was really an eye-opener.'),
(529, 46, '2019-07-09 16:07:05', 5, 5, 5, 5, '', 4, 4, 4, 4, 4, '', 4, 4, 4, 5, 5, '', 4, 4, 4, 4, '', 5, 5, 5, 5, 5, 'To develop myself related to my job.', 'To gain knowledge after the presentation was discussed.', '', '', ''),
(530, 46, '2019-07-09 16:07:12', 4, 4, 5, 4, '', 5, 5, 4, 5, 4, '', 4, 5, 4, 4, 5, '', 5, 4, 4, 4, '', 5, 4, 5, 4, 4, 'Learning from this seminar workshop, additional knowledge.', 'To help me to develop my knowledge and got some ideas.', '', '', ''),
(531, 46, '2019-07-09 16:07:39', 5, 5, 5, 5, '', 4, 5, 4, 3, 5, '', 5, 5, 5, 5, 5, '', 5, 5, 5, 5, '', 5, 5, 5, 5, 5, 'Highly motivational.', 'Inspired to do better.', 'Lengthened acitivity.', '', 'Thank you so much TeamHR for your time and effort in sharing your brilliant and motivational ideas to all of us.'),
(532, 46, '2019-07-09 16:07:31', 5, 5, 4, 4, '', 4, 5, 4, 4, 5, '', 5, 5, 5, 5, 5, '', 5, 4, 5, 5, '', 5, 4, 4, 5, 5, '', '', '', '', ''),
(533, 46, '2019-07-09 16:07:58', 4, 5, 4, 5, '', 5, 5, 5, 5, 5, '', 4, 5, 5, 4, 5, '', 5, 5, 5, 4, '', 4, 4, 4, 4, 5, 'Development and motivation of employees.', '', '', '', ''),
(534, 46, '2019-07-09 16:07:54', 5, 5, 5, 5, '', 3, 5, 3, 4, 5, '', 5, 5, 5, 5, 5, '', 5, 5, 5, 4, '', 5, 5, 5, 5, 5, 'Soar High', '', '', '', ''),
(535, 46, '2019-07-09 16:07:29', 4, 4, 4, 4, '', 4, 4, 4, 4, 4, '', 4, 5, 5, 5, 5, '', 5, 5, 5, 5, '', 5, 5, 5, 5, 5, '', '', '', '', ''),
(536, 46, '2019-07-09 16:07:32', 5, 5, 5, 5, '', 5, 5, 5, 5, 5, '', 5, 5, 5, 5, 5, '', 5, 5, 5, 5, '', 5, 5, 5, 5, 5, 'Strengthen! Stretch! Soar!', 'I\'ve learned', 'So far so good!', '', 'Good job team! More power!'),
(537, 46, '2019-07-09 16:07:08', 5, 5, 5, 5, '', 5, 5, 5, 5, 5, '', 5, 5, 5, 5, 5, '', 5, 5, 5, 4, '', 5, 5, 5, 5, 5, '', '', '', 'Records/Achiving', ''),
(538, 46, '2019-07-09 16:07:51', 5, 5, 5, 5, '', 5, 5, 5, 5, 5, '', 5, 5, 5, 5, 4, '', 5, 5, 5, 5, '', 5, 5, 5, 5, 5, '', '', '', '', ''),
(539, 46, '2019-07-09 16:07:21', 5, 5, 4, 4, '', 5, 5, 4, 3, 5, '', 4, 4, 5, 5, 5, '', 5, 4, 5, 4, '', 5, 5, 5, 5, 5, '', '', '', '', ''),
(540, 46, '2019-07-09 16:07:11', 5, 5, 5, 5, '', 5, 5, 5, 4, 5, '', 5, 5, 5, 4, 5, '', 5, 5, 4, 4, '', 5, 5, 5, 5, 5, '', '', '', '', ''),
(541, 46, '2019-07-09 16:07:33', 5, 5, 5, 5, '', 5, 5, 5, 5, 5, '', 5, 5, 5, 5, 5, '', 5, 5, 5, 5, '', 5, 5, 5, 5, 5, '', '', '', '', ''),
(542, 46, '2019-07-09 16:07:54', 4, 4, 4, 4, '', 4, 4, 4, 4, 4, '', 5, 5, 5, 5, 5, '', 4, 4, 4, 4, '', 4, 4, 4, 4, 4, '', '', '', '', ''),
(543, 46, '2019-07-09 16:07:27', 5, 5, 5, 5, '', 5, 5, 5, 4, 5, '', 5, 5, 5, 5, 5, '', 5, 5, 5, 5, '', 5, 5, 5, 5, 5, '', '', '', '', 'Excellent!'),
(544, 46, '2019-07-09 16:07:42', 4, 4, 5, 5, '', 4, 4, 4, 4, 4, '', 5, 5, 5, 4, 5, '', 5, 5, 4, 4, '', 4, 5, 4, 4, 5, 'Very good.', 'Good person.', 'Attitude.', '', ''),
(545, 46, '2019-07-09 16:07:12', 5, 5, 5, 5, '', 5, 5, 5, 5, 5, '', 5, 5, 5, 5, 5, '', 5, 4, 4, 4, '', 5, 5, 5, 5, 5, '', '', '', '', ''),
(546, 46, '2019-07-09 16:07:00', 4, 4, 5, 4, '', 4, 5, 5, 4, 5, '', 5, 4, 4, 4, 4, '', 4, 4, 5, 5, '', 5, 5, 5, 5, 5, 'To strengthen, stretch and soar high!', 'Synergy.', 'To share it to all LGUs.', 'Proper office worker behavior.', ''),
(547, 46, '2019-07-09 16:07:13', 5, 5, 5, 1, '', 5, 5, 5, 5, 5, '', 3, 5, 3, 4, 3, '', 5, 2, 2, 2, '', 5, 5, 5, 5, 5, '3S', 'Synergy', 'To share all Bayawanons.', 'Behavior.', ''),
(548, 46, '2019-07-09 16:07:01', 5, 5, 5, 5, '', 4, 5, 5, 5, 5, '', 5, 5, 5, 5, 5, '', 5, 5, 5, 5, '', 5, 5, 5, 5, 5, 'We should learn to change our ways if we\'re expecting a greater/different result.', 'Right mindset.', 'I have nothing else to say.', '', 'The presentation was great. I learned a lot of things.'),
(549, 46, '2019-07-09 16:07:30', 5, 5, 5, 5, '', 4, 5, 5, 5, 5, '', 5, 5, 5, 5, 5, '', 5, 5, 5, 5, '', 5, 5, 5, 5, 5, 'Motivation', 'It motivates me to do my job well.', 'Nothing to improve.', 'It\'s up to them.', 'Thank you for your motivation.'),
(550, 48, '2019-07-15 13:07:41', 5, 5, 5, 5, '', 5, 5, 5, 5, 5, '', 5, 5, 5, 5, 5, '', 5, 5, 5, 5, '', 5, 5, 5, 5, 5, '', '', '', '', ''),
(551, 48, '2019-07-15 13:07:12', 5, 5, 5, 5, '', 5, 5, 5, 5, 5, '', 5, 5, 5, 5, 5, '', 5, 5, 5, 5, '', 4, 5, 5, 5, 5, 'The paradigm shift.', 'Able to determine areas to be developed.', 'More time for the training.', '', ''),
(552, 48, '2019-07-15 13:07:34', 5, 5, 5, 5, '', 5, 5, 4, 4, 5, '', 5, 5, 5, 5, 5, '', 4, 4, 5, 4, '', 5, 5, 5, 5, 5, 'It\'s relevant to my job.', 'It helps me understand clearly my duties and responsibilities.', '', '', 'Next strategic planning should be held in El Nido, Palawan.'),
(553, 48, '2019-07-15 13:07:27', 4, 5, 5, 4, '', 5, 5, 5, 4, 5, '', 4, 4, 5, 4, 5, '', 4, 4, 5, 4, '', 4, 5, 5, 4, 5, '', 'Improve the ideas regarding my job.', '', 'Discipline, respect and good relationship towards my co-workers.', 'Before going to the main topic that we\'re going o discuss we need to emphasize the basic rules.'),
(554, 48, '2019-07-15 13:07:36', 4, 4, 4, 4, '', 4, 4, 4, 4, 4, '', 5, 5, 5, 5, 5, '', 4, 4, 4, 4, '', 5, 5, 5, 5, 5, 'I learn more exoerience to my work.', 'More benefits to improve my lifestyle.', '', '', 'Good job.'),
(555, 48, '2019-07-15 13:07:16', 5, 5, 5, 5, '', 2, 2, 2, 2, 5, '', 2, 2, 2, 2, 5, '', 5, 5, 2, 2, '', 2, 5, 2, 3, 3, '', '', '', '', ''),
(556, 48, '2019-07-15 13:07:09', 5, 5, 5, 5, '', 5, 5, 5, 5, 5, '', 5, 5, 5, 5, 5, '', 5, 5, 5, 5, '', 5, 5, 5, 5, 5, 'Direction focus.', 'Re-affirmation of accountabilities.', '', '', ''),
(557, 48, '2019-07-15 13:07:15', 5, 5, 5, 5, '', 4, 4, 5, 4, 5, '', 4, 4, 5, 4, 5, '', 4, 4, 5, 5, '', 5, 5, 5, 5, 5, 'The highest point is the 3-S Paradigm.', 'It helps e=me to understand, to know more of my abilities.', 'It can be improved by adapting the methods.', '', ''),
(558, 48, '2019-07-15 13:07:29', 5, 5, 4, 4, '', 5, 4, 4, 5, 5, '', 4, 4, 4, 4, 5, '', 5, 4, 5, 5, '', 5, 5, 4, 4, 5, 'The high point of the whole learning experience was about Paradigm Soaring.', 'The major benefits I received from the training was it enhances my mind about the process of working in the office.', 'The training is improved if we learn about the process of the training.', 'For me this training is enough to be compatible in job and just keep the thoughts of the training.', ''),
(559, 48, '2019-07-15 13:07:31', 4, 4, 4, 4, '', 4, 4, 4, 4, 4, '', 4, 4, 4, 4, 4, '', 4, 4, 4, 4, '', 4, 4, 4, 4, 4, 'To do your best and soar high.', 'It changed my perspective.', 'None so far.', 'The seminar was short but full of insights.', ''),
(560, 48, '2019-07-15 13:07:37', 5, 5, 5, 5, '', 5, 5, 5, 5, 5, '', 5, 5, 5, 5, 5, '', 5, 5, 5, 4, '', 5, 5, 5, 5, 5, '', 'Believe in yourself that you can do and achieve more, soar high!', '', '', ''),
(561, 48, '2019-07-15 13:07:16', 5, 5, 5, 5, '', 5, 5, 5, 4, 5, '', 5, 5, 5, 5, 5, '', 5, 5, 5, 5, '', 5, 5, 5, 5, 5, '', 'To soar high and believe in yourself that you can still do more.', '', '', ''),
(562, 48, '2019-07-15 13:07:38', 5, 4, 4, 4, '', 4, 4, 4, 3, 4, '', 4, 4, 4, 4, 4, '', 4, 4, 4, 4, '', 4, 4, 4, 4, 4, 'Motivation to excellence!', 'Understanding the worth of every employee.', 'More time.', 'Leadership training.', ''),
(563, 48, '2019-07-15 13:07:25', 5, 5, 4, 4, '', 4, 4, 4, 4, 4, '', 4, 4, 4, 4, 5, '', 5, 5, 5, 5, '', 5, 4, 4, 4, 5, '', 'The training helped me to do a better job in the office.', '', '', ''),
(564, 48, '2019-07-15 13:07:15', 5, 5, 5, 4, '', 4, 4, 5, 4, 5, '', 5, 5, 5, 4, 5, '', 4, 4, 4, 4, '', 5, 4, 5, 5, 5, 'Effective.', '', '', '', ''),
(565, 48, '2019-07-15 14:07:06', 5, 5, 5, 5, '', 5, 4, 5, 5, 4, '', 5, 4, 4, 4, 5, '', 4, 4, 4, 4, '', 5, 4, 4, 4, 5, 'About 3 S. Strengthen, Stretch, Soar.', 'With my knowledge about my work.', '', '', ''),
(566, 48, '2019-07-15 14:07:12', 4, 4, 4, 4, '', 4, 4, 4, 4, 4, '', 4, 4, 4, 4, 4, '', 4, 4, 4, 4, '', 5, 4, 4, 4, 5, 'Strength, succumb and smile.', 'Experience, knowledge and sharing ideas.', 'It can be improved by cooperating and apply to our self.', '', ''),
(567, 48, '2019-07-15 14:07:50', 3, 3, 4, 4, '', 5, 3, 3, 5, 3, '', 3, 3, 3, 4, 3, '', 3, 3, 3, 3, '', 3, 4, 3, 3, 3, '', '', '', '', ''),
(568, 48, '2019-07-15 14:07:10', 4, 4, 4, 4, '', 4, 5, 4, 4, 5, '', 4, 4, 4, 4, 4, '', 4, 5, 4, 5, '', 5, 5, 5, 5, 5, '', '', '', '', ''),
(569, 48, '2019-07-15 14:07:40', 4, 4, 5, 5, '', 5, 5, 5, 4, 5, '', 5, 5, 5, 4, 5, '', 5, 5, 5, 4, '', 5, 5, 5, 5, 5, '', '', '', '', ''),
(570, 48, '2019-07-15 14:07:10', 4, 5, 5, 4, '', 5, 4, 4, 4, 5, '', 5, 5, 4, 4, 4, '', 4, 4, 4, 4, '', 5, 5, 5, 5, 5, 'Employees understand each other and magtinabangay.', 'About sa trust and work.', '', '', ''),
(571, 48, '2019-07-15 14:07:23', 5, 5, 5, 5, '', 4, 4, 4, 4, 5, '', 5, 5, 5, 5, 5, '', 5, 5, 5, 5, '', 5, 5, 5, 5, 5, 'The high point of the whole learning experience is to reinvent/change for the better.', 'Is to be more positive.', '', '', ''),
(572, 48, '2019-07-15 14:07:00', 5, 4, 5, 5, '', 5, 5, 5, 5, 5, '', 5, 5, 4, 4, 5, '', 5, 5, 5, 5, '', 5, 5, 5, 4, 5, '', '', '', '', ''),
(573, 48, '2019-07-15 14:07:29', 4, 4, 4, 4, '', 4, 4, 4, 4, 5, '', 4, 4, 4, 4, 4, '', 4, 5, 4, 4, '', 5, 5, 5, 5, 5, '', '', '', '', ''),
(574, 48, '2019-07-15 15:07:36', 5, 5, 5, 5, '', 5, 5, 5, 5, 5, '', 5, 5, 5, 5, 5, '', 4, 4, 4, 5, '', 5, 5, 5, 5, 5, 'Good flow of work due to strategic planning, system and fast tracking, finalize job ahead of due time; meaning quality service, quality people and time.', 'Teamwork and better relationship of the section head and subordinates. Give value to the identity of everyone.', 'Follow-up all programs that were not implemented and take action for it.', 'Let\'s apply ISO so that the documents we need will be served on time. And lastly quality people must be hired.', '');

-- --------------------------------------------------------

--
-- Table structure for table `personneltrainingslist`
--

CREATE TABLE `personneltrainingslist` (
  `personneltrainingslist_id` bigint(20) NOT NULL,
  `dateAdded` datetime NOT NULL,
  `personneltrainings_id` bigint(20) NOT NULL,
  `employees_id` int(11) NOT NULL
) ENGINE=InnoDB DEFAULT CHARSET=utf8 COLLATE=utf8_swedish_ci;

--
-- Dumping data for table `personneltrainingslist`
--

INSERT INTO `personneltrainingslist` (`personneltrainingslist_id`, `dateAdded`, `personneltrainings_id`, `employees_id`) VALUES
(1, '2018-10-10 08:11:35', 1, 546),
(3, '2018-10-10 08:12:10', 1, 731),
(4, '2018-10-10 08:12:23', 1, 166),
(5, '2018-10-10 08:12:32', 1, 953),
(6, '2018-10-10 08:12:44', 1, 1875),
(7, '2018-10-10 08:12:57', 1, 1474),
(8, '2018-10-10 08:13:09', 1, 618),
(9, '2018-10-10 08:13:18', 1, 1164),
(10, '2018-10-10 08:13:30', 1, 1116),
(11, '2018-10-10 08:13:40', 1, 347),
(12, '2018-10-10 08:13:47', 1, 2316),
(13, '2018-10-10 08:13:58', 1, 431),
(14, '2018-10-10 08:14:06', 1, 231),
(15, '2018-10-10 08:14:17', 1, 2276),
(16, '2018-10-10 08:14:46', 1, 2246),
(17, '2018-10-10 08:15:00', 1, 2026),
(18, '2018-10-10 08:15:13', 1, 2327),
(19, '2018-10-10 08:15:20', 1, 1412),
(20, '2018-10-10 08:15:28', 1, 669),
(21, '2018-10-10 08:15:39', 1, 187),
(22, '2018-10-10 08:15:51', 1, 1688),
(23, '2018-10-10 08:15:59', 1, 495),
(24, '2018-10-10 08:16:06', 1, 2157),
(25, '2018-10-10 08:16:21', 1, 1087),
(26, '2018-10-10 08:16:36', 1, 457),
(27, '2018-10-10 08:16:44', 1, 1764),
(28, '2018-10-10 08:16:55', 1, 2174),
(29, '2018-10-10 08:17:04', 1, 1451),
(30, '2018-10-10 08:17:17', 1, 1488),
(31, '2018-10-10 08:17:25', 1, 2198),
(32, '2018-10-10 08:17:35', 1, 2272),
(33, '2018-10-10 08:17:48', 1, 1246),
(34, '2018-10-10 08:18:03', 1, 1411),
(35, '2018-10-10 08:18:13', 1, 2203),
(36, '2018-10-10 08:18:22', 1, 183),
(37, '2018-10-10 08:18:30', 1, 1330),
(38, '2018-10-10 08:18:40', 1, 1348),
(39, '2018-10-10 08:19:02', 1, 1308),
(40, '2018-10-10 08:19:11', 1, 568),
(41, '2018-10-10 08:19:19', 1, 745),
(42, '2018-10-10 08:19:26', 1, 590),
(43, '2018-10-10 08:19:33', 1, 1698),
(44, '2018-10-10 08:19:51', 1, 1402),
(45, '2018-10-10 08:20:04', 1, 2134),
(46, '2018-10-10 08:20:15', 1, 342),
(47, '2018-10-10 08:20:21', 1, 576),
(48, '2018-10-10 08:20:27', 1, 1198),
(49, '2018-10-10 11:00:49', 2, 1462),
(50, '2018-10-10 11:01:23', 2, 1937),
(51, '2018-10-10 11:01:42', 2, 1025),
(53, '2018-10-10 11:05:01', 4, 757),
(54, '2018-10-10 11:05:16', 4, 802),
(55, '2018-10-10 11:05:25', 4, 290),
(56, '2018-10-10 11:06:01', 2, 1495),
(57, '2018-10-10 11:07:03', 4, 2269),
(58, '2018-10-10 11:07:12', 4, 535),
(59, '2018-10-10 11:07:18', 4, 2175),
(60, '2018-10-10 11:07:24', 4, 1331),
(61, '2018-10-10 11:07:34', 4, 1547),
(62, '2018-10-10 11:07:42', 4, 761),
(63, '2018-10-10 11:07:50', 4, 1281),
(64, '2018-10-10 11:08:17', 2, 1684),
(66, '2018-10-10 11:09:16', 2, 1233),
(67, '2018-10-10 11:09:41', 2, 1162),
(68, '2018-10-10 11:10:28', 2, 256),
(69, '2018-10-10 11:10:43', 2, 26),
(70, '2018-10-10 11:10:58', 2, 2135),
(71, '2018-10-10 11:11:21', 2, 1455),
(73, '2018-10-10 11:11:49', 2, 1264),
(74, '2018-10-10 11:11:51', 5, 2288),
(75, '2018-10-10 11:11:57', 5, 271),
(76, '2018-10-10 11:12:04', 5, 949),
(77, '2018-10-10 11:12:08', 2, 2145),
(78, '2018-10-10 11:12:14', 5, 2339),
(79, '2018-10-10 11:12:20', 5, 83),
(80, '2018-10-10 11:12:21', 2, 2064),
(81, '2018-10-10 11:12:27', 5, 2232),
(82, '2018-10-10 11:12:35', 5, 118),
(83, '2018-10-10 11:12:41', 5, 2148),
(84, '2018-10-10 11:12:47', 5, 2294),
(85, '2018-10-10 11:12:58', 5, 628),
(86, '2018-10-10 11:28:53', 6, 476),
(87, '2018-10-10 11:29:24', 6, 1781),
(88, '2018-10-10 11:29:44', 6, 972),
(89, '2018-10-10 11:29:50', 6, 519),
(90, '2018-10-10 11:29:57', 6, 154),
(91, '2018-10-10 11:30:11', 6, 2233),
(92, '2018-10-10 11:30:23', 6, 2208),
(93, '2018-10-10 11:30:34', 6, 207),
(94, '2018-10-10 11:30:41', 6, 85),
(95, '2018-10-10 11:30:49', 6, 1404),
(96, '2018-10-10 11:30:57', 6, 969),
(97, '2018-10-10 11:31:15', 6, 237),
(98, '2018-10-10 11:31:22', 6, 1770),
(99, '2018-10-10 11:31:29', 6, 652),
(100, '2018-10-10 11:31:39', 6, 1788),
(106, '2018-10-10 11:49:21', 8, 1477),
(108, '2018-10-10 11:50:36', 8, 425),
(109, '2018-10-10 11:51:18', 8, 370),
(110, '2018-10-10 11:51:34', 8, 868),
(111, '2018-10-10 11:52:05', 8, 1548),
(112, '2018-10-10 11:52:37', 8, 1196),
(113, '2018-10-10 11:52:56', 8, 2281),
(114, '2018-10-10 11:53:20', 8, 2184),
(115, '2018-10-10 11:53:36', 8, 2178),
(116, '2018-10-10 11:54:04', 8, 68),
(117, '2018-10-10 11:54:22', 8, 1059),
(118, '2018-10-10 11:54:37', 8, 2181),
(119, '2018-10-10 11:54:46', 8, 312),
(120, '2018-10-10 11:55:50', 8, 875),
(121, '2018-10-10 11:56:22', 8, 1720),
(123, '2018-10-10 11:59:12', 8, 920),
(124, '2018-10-10 11:59:22', 8, 539),
(125, '2018-10-10 11:59:34', 8, 125),
(126, '2018-10-10 11:59:46', 8, 1778),
(127, '2018-10-10 11:59:54', 8, 1672),
(128, '2018-10-10 12:00:02', 8, 124),
(129, '2018-10-10 12:00:35', 8, 1340),
(131, '2018-10-10 12:01:29', 8, 181),
(132, '2018-10-10 12:03:05', 8, 1762),
(133, '2018-10-10 12:03:59', 8, 389),
(135, '2018-10-10 12:04:40', 8, 37),
(136, '2018-10-10 12:04:50', 8, 2165),
(138, '2018-10-10 13:09:10', 9, 1452),
(139, '2018-10-10 13:09:21', 9, 2164),
(140, '2018-10-10 13:09:30', 9, 1460),
(142, '2018-10-10 13:09:45', 9, 2185),
(143, '2018-10-10 13:09:53', 9, 868),
(144, '2018-10-10 13:10:05', 9, 1688),
(145, '2018-10-10 13:10:14', 9, 1349),
(146, '2018-10-10 13:10:23', 9, 1471),
(147, '2018-10-10 13:10:30', 9, 1462),
(148, '2018-10-10 13:10:40', 9, 1215),
(149, '2018-10-10 13:10:47', 9, 1231),
(150, '2018-10-10 13:10:54', 9, 576),
(152, '2018-10-10 13:11:09', 9, 819),
(153, '2018-10-10 13:11:17', 9, 2148),
(154, '2018-10-10 13:11:25', 9, 345),
(155, '2018-10-10 13:11:35', 9, 818),
(156, '2018-10-10 13:12:11', 9, 1162),
(157, '2018-10-10 13:12:23', 9, 271),
(158, '2018-10-10 13:12:38', 9, 957),
(159, '2018-10-10 13:12:47', 9, 1704),
(160, '2018-10-10 13:12:56', 9, 726),
(161, '2018-10-10 13:13:03', 9, 1418),
(162, '2018-10-10 13:13:14', 9, 959),
(164, '2018-10-10 13:13:46', 9, 1059),
(165, '2018-10-10 13:13:58', 9, 852),
(166, '2018-10-10 13:14:11', 9, 757),
(167, '2018-10-10 13:14:18', 9, 1114),
(168, '2018-10-10 13:14:26', 9, 1547),
(169, '2018-10-10 13:14:32', 9, 1404),
(170, '2018-10-10 13:14:40', 9, 1209),
(171, '2018-10-10 13:14:47', 9, 2177),
(172, '2018-10-10 13:15:05', 9, 2224),
(173, '2018-10-10 13:15:15', 9, 85),
(174, '2018-10-10 13:15:23', 9, 195),
(175, '2018-10-10 13:15:31', 9, 1305),
(176, '2018-10-10 13:15:44', 9, 1816),
(177, '2018-10-10 13:47:04', 10, 530),
(178, '2018-10-10 13:47:26', 10, 1685),
(179, '2018-10-10 13:47:48', 10, 1967),
(180, '2018-10-10 13:48:01', 10, 2206),
(181, '2018-10-10 13:48:47', 10, 767),
(182, '2018-10-10 13:49:32', 10, 1914),
(184, '2018-10-10 13:50:17', 10, 1833),
(187, '2018-10-10 13:51:19', 10, 1888),
(188, '2018-10-10 13:51:33', 10, 698),
(189, '2018-10-10 13:52:12', 10, 1303),
(190, '2018-10-10 13:52:26', 10, 995),
(191, '2018-10-10 13:52:36', 10, 1326),
(192, '2018-10-10 13:52:50', 10, 1471),
(193, '2018-10-10 13:53:28', 10, 2124),
(194, '2018-10-10 15:46:08', 11, 1460),
(195, '2018-10-10 15:47:12', 11, 2258),
(196, '2018-10-10 15:47:22', 11, 648),
(197, '2018-10-10 15:47:30', 11, 819),
(198, '2018-10-10 15:47:38', 11, 1929),
(199, '2018-10-10 15:51:33', 11, 472),
(200, '2018-10-10 15:51:41', 11, 492),
(201, '2018-10-10 15:51:48', 11, 957),
(202, '2018-10-10 15:51:56', 11, 2205),
(203, '2018-10-10 15:52:04', 11, 1708),
(204, '2018-10-10 15:52:14', 11, 1895),
(205, '2018-10-10 15:52:22', 11, 1047),
(206, '2018-10-10 15:52:33', 11, 603),
(207, '2018-10-10 15:52:38', 11, 969),
(208, '2018-10-10 15:52:45', 11, 535),
(209, '2018-10-10 15:52:54', 11, 2054),
(210, '2018-10-10 15:53:05', 11, 1630),
(211, '2018-10-10 15:53:20', 11, 152),
(212, '2018-10-10 15:53:28', 11, 124),
(213, '2018-10-10 15:53:36', 11, 522),
(214, '2018-10-10 15:53:43', 11, 607),
(215, '2018-10-10 15:54:19', 11, 284),
(216, '2018-10-10 15:54:29', 11, 631),
(217, '2018-10-10 15:54:39', 11, 125),
(218, '2018-10-10 15:54:46', 11, 348),
(219, '2018-10-10 15:54:57', 11, 1435),
(220, '2018-10-10 15:55:03', 11, 872),
(221, '2018-10-10 15:55:11', 11, 470),
(222, '2018-10-10 15:55:17', 11, 85),
(223, '2018-10-10 15:55:27', 11, 745),
(224, '2018-10-10 15:55:35', 11, 1292),
(225, '2018-10-10 15:55:43', 11, 1772),
(226, '2018-10-10 15:55:54', 11, 182),
(227, '2018-10-10 15:56:07', 11, 1618),
(228, '2018-10-10 15:56:15', 11, 2288),
(229, '2018-10-10 15:56:26', 11, 2277),
(230, '2018-10-10 15:56:38', 11, 1665),
(231, '2018-10-10 15:56:45', 11, 873),
(232, '2018-10-10 15:56:53', 11, 1231),
(233, '2018-10-10 15:57:00', 11, 2224),
(234, '2018-10-10 15:57:09', 11, 1452),
(235, '2018-10-10 15:57:15', 11, 2253),
(244, '2018-10-11 10:03:08', 12, 1292),
(245, '2018-10-11 10:03:17', 12, 957),
(246, '2018-10-11 10:03:24', 12, 2221),
(247, '2018-10-11 10:03:31', 12, 470),
(248, '2018-10-11 10:03:40', 12, 1630),
(249, '2018-10-11 10:03:49', 12, 1460),
(250, '2018-10-11 10:03:56', 12, 873),
(251, '2018-10-11 10:04:02', 12, 2253),
(252, '2018-10-11 10:04:12', 12, 332),
(253, '2018-10-11 10:04:20', 12, 182),
(254, '2018-10-11 10:04:29', 12, 2054),
(255, '2018-10-11 10:04:37', 12, 2288),
(256, '2018-10-11 10:04:46', 12, 1626),
(257, '2018-10-11 10:04:53', 12, 969),
(258, '2018-10-11 10:05:05', 12, 735),
(259, '2018-10-11 10:05:14', 12, 348),
(260, '2018-10-11 10:05:20', 12, 500),
(261, '2018-10-11 10:05:28', 12, 284),
(262, '2018-10-11 10:05:37', 12, 631),
(263, '2018-10-11 10:05:48', 12, 2064),
(264, '2018-10-11 10:05:58', 12, 472),
(265, '2018-10-11 10:06:09', 12, 1435),
(266, '2018-10-11 10:06:19', 12, 492),
(267, '2018-10-11 10:06:29', 12, 607),
(268, '2018-10-11 10:06:38', 12, 1047),
(269, '2018-10-11 10:06:50', 12, 819),
(270, '2018-10-11 10:06:58', 12, 872),
(271, '2018-10-11 10:07:04', 12, 1708),
(272, '2018-10-11 10:07:11', 12, 868),
(273, '2018-10-11 10:07:22', 12, 124),
(274, '2018-10-11 10:07:40', 12, 1895),
(275, '2018-10-11 10:07:48', 12, 2205),
(276, '2018-10-11 10:07:57', 12, 2277),
(277, '2018-10-11 10:08:07', 12, 152),
(278, '2018-10-11 10:08:17', 12, 1772),
(279, '2018-10-11 10:08:26', 12, 1267),
(280, '2018-10-11 10:08:40', 12, 2258),
(281, '2018-10-11 10:08:52', 12, 1618),
(282, '2018-10-11 10:09:02', 12, 1929),
(283, '2018-10-11 10:09:13', 12, 761),
(284, '2018-10-11 10:09:22', 12, 1665),
(285, '2018-10-11 10:09:31', 12, 125),
(286, '2018-10-11 10:09:41', 12, 1452),
(287, '2018-10-11 10:09:55', 12, 1231),
(288, '2018-10-11 10:10:04', 12, 2224),
(289, '2018-10-11 10:10:13', 12, 603),
(290, '2018-10-11 10:14:51', 15, 1292),
(291, '2018-10-11 10:14:58', 15, 1231),
(292, '2018-10-11 10:15:06', 15, 2224),
(293, '2018-10-11 10:15:15', 15, 990),
(294, '2018-10-11 10:15:25', 15, 1452),
(295, '2018-10-11 10:15:31', 15, 2253),
(296, '2018-10-11 10:15:38', 15, 364),
(298, '2018-10-12 09:04:01', 4, 1),
(299, '2018-10-18 13:30:53', 16, 133),
(300, '2018-10-18 13:32:53', 16, 320),
(302, '2018-10-18 13:33:14', 16, 2021),
(303, '2018-10-18 13:33:26', 16, 1376),
(304, '2018-10-18 13:33:37', 16, 1922),
(305, '2018-10-18 13:33:45', 16, 770),
(306, '2018-10-18 13:33:55', 16, 1407),
(307, '2018-10-18 13:34:03', 16, 2093),
(308, '2018-10-18 13:34:13', 16, 1459),
(310, '2018-10-18 13:34:37', 16, 545),
(311, '2018-10-18 13:34:50', 16, 91),
(313, '2018-10-18 13:35:14', 16, 2101),
(314, '2018-10-18 13:35:24', 16, 1483),
(315, '2018-10-18 13:35:35', 16, 492),
(316, '2018-10-18 13:35:44', 16, 90),
(317, '2018-10-18 13:35:51', 16, 2028),
(318, '2018-10-18 13:36:01', 16, 2163),
(319, '2018-10-18 13:36:11', 16, 80),
(320, '2018-10-18 13:36:19', 16, 2205),
(321, '2018-10-18 13:36:29', 16, 647),
(322, '2018-10-18 13:36:36', 16, 869),
(323, '2018-10-18 13:36:45', 16, 664),
(356, '2018-10-22 10:08:00', 18, 928),
(358, '2018-10-22 10:08:26', 18, 2157),
(359, '2018-10-22 10:08:36', 18, 1164),
(360, '2018-10-22 10:08:43', 18, 949),
(361, '2018-10-22 10:08:49', 18, 1458),
(362, '2018-10-22 10:09:00', 18, 286),
(363, '2018-10-22 10:09:06', 18, 1708),
(364, '2018-10-22 10:09:12', 18, 1937),
(365, '2018-10-22 10:09:20', 18, 920),
(366, '2018-10-22 10:09:28', 18, 511),
(367, '2018-10-22 10:09:35', 18, 1163),
(368, '2018-10-22 10:09:44', 18, 2244),
(369, '2018-10-22 10:09:50', 18, 1547),
(370, '2018-10-22 10:09:56', 18, 2185),
(373, '2018-10-22 10:17:26', 18, 290),
(374, '2018-10-22 10:17:44', 18, 2175),
(375, '2018-10-22 10:17:50', 18, 1772),
(376, '2018-10-22 10:18:01', 18, 474),
(377, '2018-10-22 10:18:07', 18, 1346),
(378, '2018-10-22 10:18:41', 18, 491),
(379, '2018-10-22 10:18:45', 18, 705),
(380, '2018-10-22 10:18:50', 18, 1),
(381, '2018-10-22 10:18:58', 18, 1568),
(382, '2018-10-22 10:19:18', 18, 386),
(383, '2018-10-22 10:19:25', 18, 714),
(384, '2018-10-22 10:19:31', 18, 741),
(385, '2018-10-22 10:19:41', 18, 652),
(386, '2018-10-22 10:19:48', 18, 1106),
(387, '2018-10-22 10:19:55', 18, 1543),
(388, '2018-10-22 10:20:02', 18, 539),
(389, '2018-10-22 10:20:07', 18, 1668),
(390, '2018-10-22 10:20:13', 18, 576),
(391, '2018-10-22 10:20:20', 18, 1410),
(392, '2018-10-22 10:20:27', 18, 1471),
(393, '2018-10-22 10:20:33', 18, 271),
(394, '2018-10-22 10:20:42', 18, 1403),
(395, '2018-10-22 10:20:49', 18, 2290),
(396, '2018-10-22 10:20:58', 18, 1564),
(397, '2018-10-22 10:21:11', 18, 1347),
(398, '2018-10-22 10:21:18', 18, 2338),
(399, '2018-10-22 10:21:25', 18, 1168),
(401, '2018-10-22 10:21:33', 18, 2169),
(403, '2018-10-22 10:21:43', 18, 1816),
(404, '2018-10-22 10:21:50', 18, 279),
(405, '2018-10-22 10:21:57', 18, 1877),
(406, '2018-10-22 10:22:11', 18, 1132),
(407, '2018-10-22 10:22:20', 18, 528),
(408, '2018-10-22 10:22:27', 18, 2311),
(409, '2018-10-22 10:22:34', 18, 1059),
(410, '2018-10-22 10:23:18', 18, 645),
(411, '2018-10-22 10:23:38', 18, 648),
(412, '2018-10-22 10:23:52', 18, 86),
(413, '2018-10-22 10:24:07', 18, 2158),
(414, '2018-10-22 10:24:17', 18, 1549),
(415, '2018-10-22 10:24:23', 18, 1853),
(416, '2018-10-22 10:24:33', 18, 866),
(417, '2018-10-22 10:24:40', 18, 1520),
(418, '2018-10-22 10:32:11', 19, 1168),
(419, '2018-10-22 10:32:16', 19, 1936),
(420, '2018-10-22 10:32:22', 19, 21828),
(421, '2018-10-22 10:32:28', 19, 726),
(422, '2018-10-22 10:32:34', 19, 1849),
(423, '2018-10-22 10:32:41', 19, 2338),
(424, '2018-10-22 10:32:51', 19, 1196),
(425, '2018-10-22 10:33:00', 19, 2115),
(426, '2018-10-22 10:33:07', 19, 1184),
(427, '2018-10-22 10:33:17', 19, 818),
(428, '2018-10-22 10:33:28', 19, 1562),
(429, '2018-10-22 10:33:37', 19, 1603),
(430, '2018-10-22 10:33:44', 19, 1126),
(431, '2018-10-22 10:33:50', 19, 826),
(432, '2018-10-22 10:33:55', 19, 380),
(433, '2018-10-22 10:34:07', 19, 2289),
(434, '2018-10-22 10:34:17', 19, 1223),
(435, '2018-10-22 10:34:27', 19, 1845),
(436, '2018-10-22 10:43:29', 19, 2123),
(437, '2018-10-22 10:43:40', 19, 1130),
(438, '2018-10-22 10:43:51', 19, 616),
(439, '2018-10-22 10:44:02', 19, 1396),
(440, '2018-10-22 10:44:19', 19, 20),
(441, '2018-10-22 10:44:35', 19, 2165),
(442, '2018-10-22 10:44:42', 19, 1745),
(444, '2018-10-22 11:15:20', 21, 516),
(445, '2018-10-22 11:15:26', 21, 1458),
(446, '2018-10-22 11:15:32', 21, 1822),
(447, '2018-10-22 11:15:41', 21, 1357),
(448, '2018-10-22 11:15:49', 21, 1997),
(449, '2018-10-22 11:16:14', 21, 1461),
(450, '2018-10-22 11:16:23', 21, 1602),
(451, '2018-10-22 11:16:31', 21, 2328),
(452, '2018-10-22 11:16:38', 21, 1200),
(453, '2018-10-22 11:16:44', 21, 1978),
(454, '2018-10-22 11:16:50', 21, 1668),
(455, '2018-10-22 11:16:58', 21, 357),
(456, '2018-10-22 11:17:08', 21, 2125),
(457, '2018-10-22 11:17:15', 21, 128),
(458, '2018-10-22 11:17:21', 21, 1305),
(459, '2018-10-22 11:17:28', 21, 195),
(460, '2018-10-22 11:17:36', 21, 1807),
(461, '2018-10-22 11:17:46', 21, 1895),
(462, '2018-10-22 11:17:53', 21, 1156),
(463, '2018-10-22 11:18:03', 21, 1816),
(464, '2018-10-22 11:18:09', 21, 1618),
(465, '2018-10-22 11:18:21', 21, 632),
(466, '2018-10-22 11:20:51', 17, 1942),
(467, '2018-10-22 11:20:59', 17, 290),
(468, '2018-10-22 11:21:06', 17, 1625),
(469, '2018-10-22 11:21:12', 17, 1059),
(470, '2018-10-22 11:21:18', 17, 249),
(471, '2018-10-22 11:21:25', 17, 1499),
(472, '2018-10-22 11:21:32', 17, 571),
(473, '2018-10-22 11:21:39', 17, 774),
(474, '2018-10-22 11:21:45', 17, 1617),
(475, '2018-10-22 11:21:53', 17, 2233),
(476, '2018-10-22 11:21:59', 17, 380),
(477, '2018-10-22 11:22:07', 17, 256),
(478, '2018-10-22 11:22:13', 17, 1967),
(479, '2018-10-22 11:22:19', 17, 2162),
(480, '2018-10-22 11:22:25', 17, 2313),
(481, '2018-10-22 11:36:30', 22, 1569),
(482, '2018-10-22 11:36:35', 22, 2055),
(483, '2018-10-22 11:36:44', 22, 1154),
(484, '2018-10-22 11:36:51', 22, 757),
(485, '2018-10-22 11:36:58', 22, 1613),
(486, '2018-10-22 11:37:09', 22, 692),
(487, '2018-10-22 11:37:15', 22, 1488),
(488, '2018-10-22 11:37:37', 22, 324),
(489, '2018-10-22 11:37:47', 22, 802),
(490, '2018-10-22 11:37:53', 22, 1936),
(491, '2018-10-22 11:37:59', 22, 1184),
(492, '2018-10-22 11:38:09', 22, 472),
(493, '2018-10-22 11:38:23', 22, 628),
(494, '2018-10-22 11:38:31', 22, 2148),
(495, '2018-10-22 11:38:36', 22, 1897),
(496, '2018-10-22 11:38:52', 22, 97),
(497, '2018-10-22 11:38:59', 22, 1112),
(498, '2018-10-22 11:39:05', 22, 1025),
(499, '2018-10-22 11:39:16', 22, 23),
(500, '2018-10-22 11:39:25', 22, 26),
(501, '2018-10-22 11:42:14', 22, 22115),
(502, '2018-10-22 11:42:23', 22, 1160),
(503, '2018-10-22 11:42:39', 22, 894),
(504, '2018-10-22 11:42:51', 22, 579),
(505, '2018-10-22 11:43:02', 22, 240),
(506, '2018-10-22 11:43:11', 22, 2316),
(507, '2018-10-22 11:43:19', 22, 546),
(508, '2018-10-22 11:43:26', 22, 2272),
(509, '2018-10-22 11:43:33', 22, 1201),
(510, '2018-10-22 11:43:39', 22, 133),
(511, '2018-10-22 11:43:46', 22, 2281),
(512, '2018-10-22 11:43:54', 22, 782),
(513, '2018-10-22 11:44:02', 22, 1615),
(514, '2018-10-22 11:44:10', 22, 33),
(517, '2018-10-22 13:32:07', 26, 2224),
(519, '2018-10-22 13:32:22', 26, 1452),
(520, '2018-10-22 13:32:32', 26, 1106),
(521, '2018-10-22 13:32:40', 26, 1322),
(522, '2018-10-22 13:32:48', 26, 2236),
(523, '2018-10-22 13:32:55', 26, 728),
(524, '2018-10-22 13:33:01', 26, 1613),
(525, '2018-10-22 13:33:21', 26, 1231),
(526, '2018-10-22 13:33:35', 26, 1391),
(527, '2018-10-22 13:33:45', 26, 1271),
(528, '2018-10-22 13:35:46', 28, 2230),
(529, '2018-10-22 13:35:55', 28, 187),
(530, '2018-10-22 13:36:02', 28, 1499),
(531, '2018-10-22 13:36:09', 28, 1200),
(532, '2018-10-22 13:36:15', 28, 2289),
(533, '2018-10-22 13:36:22', 28, 227),
(534, '2018-10-22 13:36:30', 28, 1865),
(535, '2018-10-22 13:36:36', 28, 977),
(536, '2018-10-22 13:36:42', 28, 1968),
(537, '2018-10-22 13:36:53', 28, 1013),
(538, '2018-10-22 13:37:00', 28, 102),
(539, '2018-10-22 13:37:07', 28, 1359),
(540, '2018-10-22 13:37:13', 28, 1404),
(541, '2018-10-22 13:37:20', 28, 2208),
(542, '2018-10-22 13:37:27', 28, 959),
(543, '2018-10-22 13:37:34', 28, 83),
(544, '2018-10-22 13:37:40', 28, 666),
(545, '2018-10-22 13:38:11', 28, 552),
(546, '2018-10-22 13:38:17', 28, 1478),
(547, '2018-10-22 13:38:27', 28, 2307),
(548, '2018-10-22 13:38:33', 28, 2345),
(549, '2018-10-22 13:38:44', 28, 702),
(550, '2018-10-22 13:38:50', 28, 383),
(551, '2018-10-22 13:38:58', 28, 1483),
(552, '2018-10-22 13:39:04', 28, 1413),
(553, '2018-10-22 13:39:11', 28, 1557),
(554, '2018-10-22 13:39:18', 28, 1675),
(555, '2018-10-22 13:39:25', 28, 1122),
(556, '2018-10-22 13:39:41', 28, 2198),
(557, '2018-10-22 13:39:48', 28, 1363),
(558, '2018-10-22 13:40:01', 28, 1720),
(559, '2018-10-22 13:40:20', 28, 1156),
(560, '2018-10-22 13:40:28', 28, 1565),
(561, '2018-10-22 13:41:46', 28, 1382),
(562, '2018-10-22 13:41:53', 28, 2177),
(563, '2018-10-22 13:42:02', 28, 1412),
(564, '2018-10-22 13:44:35', 29, 2327),
(565, '2018-10-22 13:44:41', 29, 1781),
(566, '2018-10-22 13:44:48', 29, 1580),
(567, '2018-10-22 13:44:53', 29, 437),
(568, '2018-10-22 13:45:01', 29, 357),
(569, '2018-10-22 13:45:07', 29, 1581),
(570, '2018-10-22 13:45:16', 29, 2110),
(571, '2018-10-22 13:45:23', 29, 1492),
(572, '2018-10-22 13:45:34', 29, 1358),
(573, '2018-10-22 13:45:40', 29, 1337),
(574, '2018-10-22 13:45:50', 29, 1116),
(575, '2018-10-22 13:45:58', 29, 790),
(576, '2018-10-22 13:46:04', 29, 1396),
(577, '2018-10-22 13:46:12', 29, 851),
(578, '2018-10-22 13:46:18', 29, 1174),
(579, '2018-10-22 13:46:24', 29, 1738),
(580, '2018-10-22 13:47:09', 29, 826),
(581, '2018-10-22 13:47:20', 29, 1449),
(582, '2018-10-22 13:47:29', 29, 2294),
(583, '2018-10-22 13:47:44', 29, 1060),
(584, '2018-10-22 13:47:51', 29, 183),
(585, '2018-10-22 13:47:58', 29, 355),
(586, '2018-10-22 13:48:11', 29, 2125),
(587, '2018-10-22 13:48:19', 29, 485),
(588, '2018-10-22 13:48:26', 29, 431),
(589, '2018-10-22 13:48:32', 29, 804),
(590, '2018-10-22 13:48:38', 29, 2163),
(591, '2018-10-22 13:48:45', 29, 1392),
(592, '2018-10-22 13:48:50', 29, 2205),
(593, '2018-10-22 13:48:56', 29, 1642),
(594, '2018-10-22 13:54:49', 30, 377),
(595, '2018-10-22 13:54:56', 30, 1738),
(596, '2018-10-22 13:55:04', 30, 1607),
(597, '2018-10-22 13:55:10', 30, 790),
(598, '2018-10-22 13:55:16', 30, 2185),
(599, '2018-10-22 13:55:22', 30, 86),
(600, '2018-10-22 13:55:31', 30, 1545),
(601, '2018-10-22 13:55:39', 30, 2168),
(602, '2018-10-22 13:55:45', 30, 2221),
(603, '2018-10-22 13:55:52', 30, 2345),
(604, '2018-10-22 13:55:59', 30, 227),
(605, '2018-10-22 13:56:06', 30, 1359),
(606, '2018-10-22 13:56:14', 30, 76),
(607, '2018-10-22 13:56:20', 30, 1501),
(608, '2018-10-22 13:56:27', 30, 1897),
(609, '2018-10-22 13:56:36', 30, 714),
(610, '2018-10-22 13:56:43', 30, 364),
(611, '2018-10-22 13:56:59', 30, 470),
(612, '2018-10-22 13:57:07', 30, 2299),
(613, '2018-10-22 13:57:14', 30, 444),
(614, '2018-10-22 13:57:23', 30, 172),
(615, '2018-10-22 13:57:30', 30, 866),
(616, '2018-10-22 14:13:12', 30, 1138),
(617, '2018-10-22 14:13:28', 30, 608),
(618, '2018-10-22 14:13:37', 30, 22115),
(619, '2018-10-22 14:13:49', 30, 97),
(620, '2018-10-22 14:13:56', 30, 1654),
(621, '2018-10-22 14:14:02', 30, 935),
(622, '2018-10-22 14:14:09', 30, 2343),
(623, '2018-10-22 14:15:46', 31, 2343),
(624, '2018-10-22 14:15:52', 31, 1360),
(625, '2018-10-22 14:15:59', 31, 1460),
(626, '2018-10-22 14:16:06', 31, 631),
(627, '2018-10-22 14:16:24', 31, 760),
(628, '2018-10-22 14:16:34', 31, 840),
(629, '2018-10-22 14:16:42', 31, 1684),
(630, '2018-10-22 14:16:54', 31, 2115),
(631, '2018-10-22 14:17:06', 31, 1563),
(632, '2018-10-22 14:17:13', 31, 568),
(633, '2018-10-22 14:17:20', 31, 1495),
(634, '2018-10-22 14:17:30', 31, 86),
(635, '2018-10-22 14:17:39', 31, 2168),
(636, '2018-10-22 14:17:44', 31, 1264),
(637, '2018-10-22 14:17:50', 31, 1402),
(638, '2018-10-22 14:17:57', 31, 2252),
(640, '2018-10-22 14:18:15', 31, 994),
(641, '2018-10-22 14:18:24', 31, 1850),
(642, '2018-10-22 14:19:55', 31, 22064),
(643, '2018-10-22 14:20:08', 31, 2269),
(644, '2018-10-22 14:20:14', 31, 2174),
(645, '2018-10-22 14:20:21', 31, 1752),
(646, '2018-10-22 14:20:28', 31, 1418),
(647, '2018-10-22 14:20:36', 31, 2134),
(648, '2018-10-22 14:20:43', 31, 1451),
(649, '2018-10-22 14:20:49', 31, 1330),
(650, '2018-10-22 14:20:57', 31, 469),
(651, '2018-10-22 14:21:05', 31, 1555),
(652, '2018-10-22 14:21:15', 31, 724),
(653, '2018-10-22 14:23:52', 32, 2290),
(654, '2018-10-22 14:23:58', 32, 1301),
(655, '2018-10-22 14:24:04', 32, 1580),
(656, '2018-10-22 14:24:13', 32, 1453),
(657, '2018-10-22 14:24:20', 32, 1403),
(658, '2018-10-22 14:24:26', 32, 928),
(659, '2018-10-22 14:24:36', 32, 2310),
(660, '2018-10-22 14:24:50', 32, 1013),
(661, '2018-10-22 14:24:58', 32, 2265),
(662, '2018-10-22 14:25:25', 32, 666),
(663, '2018-10-22 14:25:37', 32, 2307),
(664, '2018-10-22 14:25:45', 32, 1318),
(665, '2018-10-22 14:25:53', 32, 1647),
(666, '2018-10-22 14:26:02', 32, 1435),
(667, '2018-10-22 14:26:08', 32, 1201),
(668, '2018-10-22 14:26:14', 32, 1428),
(669, '2018-10-22 14:26:21', 32, 1704),
(670, '2018-10-22 14:26:29', 32, 1324),
(671, '2018-10-22 14:26:35', 32, 571),
(672, '2018-10-22 14:26:41', 32, 23),
(673, '2018-10-22 14:26:47', 32, 1418),
(674, '2018-10-22 14:26:54', 32, 1555),
(675, '2018-10-22 14:27:01', 32, 332),
(676, '2018-10-22 14:27:07', 32, 782),
(677, '2018-10-22 14:29:23', 33, 1060),
(678, '2018-10-22 14:29:30', 33, 1520),
(679, '2018-10-22 14:29:35', 33, 1349),
(680, '2018-10-22 14:29:45', 33, 1267),
(681, '2018-10-22 14:29:56', 33, 1752),
(682, '2018-10-22 14:30:03', 33, 977),
(683, '2018-10-22 14:30:10', 33, 15),
(684, '2018-10-22 14:30:25', 33, 240),
(685, '2018-10-22 14:30:32', 33, 1707),
(686, '2018-10-22 14:30:39', 33, 110),
(687, '2018-10-22 14:30:56', 33, 1493),
(688, '2018-10-22 14:31:03', 33, 2319),
(689, '2018-10-29 10:32:50', 34, 1877),
(690, '2018-10-29 10:32:56', 34, 212),
(691, '2018-10-29 10:33:10', 34, 1410),
(692, '2018-10-29 10:33:17', 34, 164),
(693, '2018-10-29 10:33:25', 34, 1543),
(694, '2018-10-29 10:33:31', 34, 1360),
(695, '2018-10-29 10:33:36', 34, 1499),
(696, '2018-10-29 10:33:42', 34, 1708),
(697, '2018-10-29 10:33:48', 34, 819),
(698, '2018-10-29 10:33:54', 34, 1292),
(699, '2018-12-05 11:12:32', 35, 1378),
(700, '2018-12-05 11:12:39', 35, 2319),
(701, '2018-12-05 11:12:47', 35, 2277),
(702, '2018-12-05 11:12:57', 35, 240),
(703, '2018-12-05 12:12:12', 35, 2269),
(704, '2018-12-05 12:12:21', 35, 2175),
(705, '2018-12-05 12:12:29', 35, 1935),
(706, '2018-12-05 12:12:41', 35, 727),
(707, '2018-12-05 02:12:31', 36, 1445),
(708, '2018-12-05 02:12:37', 36, 1929),
(709, '2018-12-05 02:12:43', 36, 1658),
(710, '2018-12-05 02:12:54', 36, 1136),
(711, '2018-12-05 02:12:09', 36, 1382),
(712, '2018-12-05 02:12:16', 36, 1260),
(713, '2018-12-05 02:12:23', 36, 197),
(714, '2018-12-05 02:12:32', 36, 1657),
(715, '2018-12-05 02:12:34', 36, 2177),
(716, '2018-12-19 01:12:13', 37, 666),
(717, '2018-12-19 01:12:30', 37, 2310),
(718, '2018-12-19 01:12:40', 37, 2290),
(719, '2018-12-19 01:12:44', 37, 1403),
(720, '2018-12-19 01:12:50', 37, 1580),
(721, '2018-12-19 01:12:07', 37, 2307),
(722, '2018-12-19 01:12:13', 37, 782),
(723, '2018-12-19 01:12:21', 37, 1324),
(724, '2018-12-19 01:12:30', 37, 1201),
(725, '2018-12-19 01:12:37', 37, 1453),
(726, '2018-12-19 01:12:44', 37, 1647),
(727, '2018-12-19 01:12:52', 37, 1549),
(728, '2018-12-19 01:12:58', 37, 1418),
(729, '2018-12-19 01:12:12', 37, 655),
(730, '2018-12-19 01:12:20', 37, 571),
(731, '2018-12-19 01:12:28', 37, 2265),
(732, '2018-12-19 01:12:36', 37, 1428),
(733, '2018-12-19 01:12:48', 37, 1301),
(734, '2018-12-19 01:12:01', 37, 928),
(735, '2018-12-19 01:12:08', 37, 1318),
(736, '2018-12-19 01:12:13', 37, 1013),
(737, '2018-12-19 01:12:21', 37, 332),
(738, '2018-12-19 01:12:27', 37, 1435),
(739, '2018-12-19 01:12:32', 37, 1704),
(741, '2018-12-19 01:12:43', 37, 1555),
(742, '2019-01-30 09:01:09', 22, 166),
(744, '2019-01-31 10:01:09', 26, 990),
(747, '2019-02-06 04:02:34', 37, 23),
(748, '2019-02-15 09:02:40', 16, 860),
(749, '2019-02-21 10:02:19', 9, 21828),
(750, '2019-02-22 10:02:53', 38, 1665),
(751, '2019-02-22 10:02:53', 38, 1478),
(752, '2019-02-22 10:02:53', 38, 852),
(753, '2019-02-22 10:02:53', 38, 1163),
(754, '2019-02-22 10:02:53', 38, 355),
(755, '2019-03-06 01:03:03', 38, 1610),
(756, '2019-03-06 01:03:03', 38, 2244),
(757, '2019-03-06 01:03:03', 38, 1526),
(758, '2019-03-06 01:03:03', 38, 1717),
(759, '2019-03-06 01:03:03', 38, 1890),
(760, '2019-03-06 01:03:03', 38, 1517),
(761, '2019-03-06 01:03:03', 38, 1113),
(762, '2019-03-06 01:03:27', 38, 22116),
(763, '2019-03-14 16:03:31', 39, 1327),
(764, '2019-03-14 16:03:31', 39, 1566),
(765, '2019-03-14 16:03:31', 39, 1022),
(766, '2019-03-14 16:03:31', 39, 604),
(767, '2019-03-14 16:03:31', 39, 1672),
(768, '2019-03-14 16:03:31', 39, 2065),
(769, '2019-03-14 16:03:31', 39, 326),
(770, '2019-03-14 16:03:31', 39, 2276),
(771, '2019-03-14 16:03:31', 39, 1094),
(772, '2019-03-14 16:03:31', 39, 2241),
(773, '2019-03-14 16:03:31', 39, 50),
(774, '2019-03-14 16:03:31', 39, 2227),
(775, '2019-03-14 16:03:31', 39, 22120),
(776, '2019-03-14 16:03:31', 39, 22118),
(777, '2019-03-14 16:03:31', 39, 22117),
(778, '2019-03-14 09:03:02', 39, 22127),
(779, '2019-03-14 09:03:02', 39, 22126),
(780, '2019-05-30 02:05:11', 40, 500),
(781, '2019-05-30 02:05:11', 40, 648),
(782, '2019-05-30 02:05:11', 40, 1047),
(783, '2019-05-30 02:05:11', 40, 152),
(784, '2019-05-30 02:05:11', 40, 631),
(785, '2019-05-30 02:05:11', 40, 492),
(786, '2019-05-30 02:05:11', 40, 1772),
(787, '2019-05-30 02:05:11', 40, 2288),
(788, '2019-05-30 02:05:11', 40, 2054),
(789, '2019-05-30 02:05:11', 40, 2258),
(790, '2019-05-30 02:05:11', 40, 1665),
(791, '2019-05-30 02:05:11', 40, 957),
(792, '2019-05-30 02:05:11', 40, 1929),
(793, '2019-05-30 02:05:11', 40, 969),
(794, '2019-05-30 02:05:11', 40, 2064),
(795, '2019-05-30 02:05:11', 40, 2205),
(796, '2019-05-30 02:05:11', 40, 868),
(797, '2019-05-30 02:05:11', 40, 664),
(798, '2019-05-30 02:05:11', 40, 607),
(799, '2019-05-30 02:05:11', 40, 1435),
(800, '2019-05-30 02:05:11', 40, 735),
(801, '2019-05-30 02:05:11', 40, 284),
(802, '2019-05-30 02:05:11', 40, 1460),
(803, '2019-05-30 02:05:11', 40, 1374),
(804, '2019-05-30 02:05:11', 40, 2277),
(805, '2019-05-30 02:05:11', 40, 1895),
(806, '2019-05-30 02:05:11', 40, 182),
(807, '2019-05-30 02:05:11', 40, 1618),
(808, '2019-05-30 02:05:11', 40, 124),
(809, '2019-05-30 02:05:11', 40, 522),
(810, '2019-05-30 02:05:11', 40, 761),
(811, '2019-05-30 02:05:11', 40, 1267),
(812, '2019-05-30 02:05:11', 40, 2224),
(813, '2019-05-30 02:05:11', 40, 1452),
(814, '2019-05-30 02:05:11', 40, 1231),
(815, '2019-05-30 02:05:11', 40, 2253),
(816, '2019-05-30 02:05:11', 40, 207),
(817, '2019-05-30 02:05:11', 40, 872),
(818, '2019-05-30 02:05:11', 40, 85),
(819, '2019-05-30 02:05:11', 40, 472),
(820, '2019-05-30 02:05:11', 40, 1630),
(821, '2019-05-30 02:05:11', 40, 1626),
(828, '2019-05-30 04:05:23', 41, 647),
(829, '2019-05-30 04:05:23', 41, 67),
(830, '2019-05-30 04:05:23', 41, 632),
(831, '2019-05-30 04:05:23', 41, 195),
(832, '2019-05-30 04:05:23', 41, 1326),
(833, '2019-05-30 04:05:23', 41, 1413),
(834, '2019-05-30 04:05:23', 41, 571),
(835, '2019-05-30 04:05:23', 41, 2290),
(836, '2019-05-30 04:05:23', 41, 1549),
(837, '2019-05-30 04:05:23', 41, 1404),
(838, '2019-05-30 04:05:23', 41, 692),
(839, '2019-05-30 04:05:23', 41, 2343),
(840, '2019-05-30 04:05:23', 41, 1738),
(841, '2019-05-30 04:05:23', 41, 714),
(842, '2019-05-30 04:05:23', 41, 1445),
(843, '2019-05-30 04:05:23', 41, 1929),
(844, '2019-05-30 04:05:23', 41, 1657),
(845, '2019-05-30 04:05:23', 41, 212),
(846, '2019-05-30 04:05:23', 41, 953),
(848, '2019-05-30 04:05:23', 41, 347),
(849, '2019-05-30 04:05:23', 41, 187),
(850, '2019-05-30 04:05:23', 41, 1812),
(851, '2019-05-30 04:05:23', 41, 1683),
(852, '2019-05-30 04:05:23', 41, 1494),
(853, '2019-05-30 04:05:23', 41, 528),
(854, '2019-05-30 04:05:23', 41, 882),
(855, '2019-05-30 04:05:23', 41, 2166),
(856, '2019-05-30 04:05:23', 41, 1347),
(857, '2019-05-30 04:05:23', 41, 271),
(858, '2019-05-30 04:05:23', 41, 2241),
(859, '2019-05-30 04:05:23', 41, 539),
(860, '2019-05-30 04:05:23', 41, 1340),
(861, '2019-05-30 04:05:23', 41, 1562),
(862, '2019-05-30 04:05:23', 41, 818),
(863, '2019-05-30 04:05:23', 41, 1547),
(864, '2019-05-30 04:05:23', 41, 2269),
(865, '2019-05-30 04:05:23', 41, 596),
(866, '2019-05-30 04:05:23', 41, 1349),
(867, '2019-05-30 04:05:23', 41, 1520),
(868, '2019-05-30 04:05:23', 41, 645),
(869, '2019-05-30 04:05:23', 41, 1398),
(870, '2019-05-30 04:05:23', 41, 1162),
(871, '2019-05-30 04:05:23', 41, 1684),
(872, '2019-05-30 04:05:23', 41, 1615),
(873, '2019-05-30 04:05:23', 41, 1519),
(874, '2019-05-30 04:05:23', 41, 2314),
(875, '2019-05-30 04:05:23', 41, 386),
(876, '2019-05-30 04:05:23', 41, 846),
(877, '2019-05-30 04:05:23', 41, 1216),
(878, '2019-05-30 04:05:23', 41, 1106),
(879, '2019-05-30 10:05:11', 44, 872),
(880, '2019-05-30 10:05:11', 44, 1374),
(881, '2019-05-30 10:05:11', 44, 1047),
(882, '2019-05-30 10:05:11', 44, 500),
(883, '2019-05-30 10:05:11', 44, 1626),
(884, '2019-05-30 10:05:11', 44, 631),
(885, '2019-05-30 10:05:11', 44, 735),
(886, '2019-05-30 10:05:11', 44, 2288),
(887, '2019-05-30 10:05:11', 44, 2054),
(888, '2019-05-30 10:05:11', 44, 284),
(889, '2019-05-30 10:05:11', 44, 2258),
(890, '2019-05-30 10:05:11', 44, 2036),
(891, '2019-05-30 10:05:11', 44, 85),
(892, '2019-05-30 10:05:11', 44, 1292),
(893, '2019-05-30 10:05:11', 44, 819),
(894, '2019-05-30 10:05:11', 44, 472),
(895, '2019-05-30 10:05:11', 44, 1630),
(896, '2019-05-30 10:05:11', 44, 969),
(897, '2019-05-30 10:05:11', 44, 1772),
(898, '2019-05-30 10:05:11', 44, 1460),
(899, '2019-05-30 10:05:12', 44, 868),
(900, '2019-05-30 10:05:12', 44, 1708),
(901, '2019-05-30 10:05:12', 44, 1665),
(902, '2019-05-30 10:05:12', 44, 2277),
(903, '2019-05-30 10:05:12', 44, 2205),
(904, '2019-05-30 10:05:12', 44, 1267),
(905, '2019-05-30 10:05:12', 44, 603),
(906, '2019-05-30 10:05:12', 44, 1929),
(907, '2019-05-30 10:05:12', 44, 182),
(908, '2019-05-30 10:05:12', 44, 1452),
(909, '2019-05-30 10:05:12', 44, 2253),
(910, '2019-05-30 10:05:12', 44, 492),
(911, '2019-05-30 10:05:12', 44, 1231),
(912, '2019-05-30 10:05:12', 44, 607),
(913, '2019-05-30 10:05:12', 44, 1895),
(914, '2019-05-30 10:05:12', 44, 124),
(915, '2019-05-30 10:05:12', 44, 207),
(916, '2019-05-30 10:05:12', 44, 2221),
(917, '2019-05-30 10:05:12', 44, 470),
(918, '2019-05-30 10:05:12', 44, 1618),
(919, '2019-05-30 04:05:59', 44, 348),
(920, '2019-05-30 04:05:59', 44, 1417),
(921, '2019-05-30 04:05:59', 44, 332),
(922, '2019-05-30 04:05:59', 44, 957),
(923, '2019-05-30 04:05:59', 44, 873),
(924, '2019-05-30 04:05:59', 44, 152),
(925, '2019-06-19 12:06:12', 41, 21),
(926, '2019-07-08 10:07:15', 45, 1684),
(927, '2019-07-08 10:07:15', 45, 22123),
(928, '2019-07-08 10:07:15', 45, 1233),
(929, '2019-07-08 10:07:16', 45, 1495),
(930, '2019-07-08 10:07:16', 45, 2064),
(931, '2019-07-08 10:07:16', 45, 2145),
(932, '2019-07-08 10:07:16', 45, 2135),
(933, '2019-07-08 10:07:16', 45, 1264),
(934, '2019-07-08 10:07:16', 45, 1462),
(935, '2019-07-08 10:07:16', 45, 1937),
(936, '2019-07-08 10:07:16', 45, 1162),
(937, '2019-07-08 10:07:16', 45, 26),
(938, '2019-07-08 10:07:16', 45, 1455),
(939, '2019-07-08 10:07:16', 45, 1025),
(940, '2019-07-09 15:07:58', 46, 21828),
(941, '2019-07-09 15:07:58', 46, 818),
(942, '2019-07-09 15:07:58', 46, 1130),
(943, '2019-07-09 15:07:58', 46, 102),
(944, '2019-07-09 15:07:58', 46, 2055),
(945, '2019-07-09 15:07:58', 46, 1184),
(946, '2019-07-09 15:07:58', 46, 1168),
(947, '2019-07-09 15:07:58', 46, 298),
(948, '2019-07-09 15:07:58', 46, 1845),
(949, '2019-07-09 15:07:58', 46, 2123),
(950, '2019-07-09 15:07:58', 46, 1563),
(951, '2019-07-09 15:07:58', 46, 1936),
(952, '2019-07-09 15:07:58', 46, 2338),
(953, '2019-07-09 15:07:58', 46, 1396),
(954, '2019-07-09 15:07:59', 46, 326),
(955, '2019-07-09 15:07:59', 46, 2289),
(956, '2019-07-09 15:07:59', 46, 2235),
(957, '2019-07-09 15:07:59', 46, 836),
(958, '2019-07-09 15:07:59', 46, 619),
(959, '2019-07-09 15:07:59', 46, 883),
(960, '2019-07-09 15:07:59', 46, 20),
(961, '2019-07-09 15:07:59', 46, 2115),
(962, '2019-07-09 15:07:59', 46, 2083),
(963, '2019-07-09 15:07:59', 46, 1577),
(964, '2019-07-09 15:07:59', 46, 22125),
(965, '2019-07-09 15:07:59', 46, 826),
(966, '2019-07-09 15:07:59', 46, 1620),
(967, '2019-07-09 15:07:59', 46, 1659),
(968, '2019-07-11 09:07:35', 47, 873),
(969, '2019-07-11 09:07:35', 47, 692),
(970, '2019-07-11 09:07:35', 47, 1369),
(971, '2019-07-11 09:07:35', 47, 472),
(972, '2019-07-11 09:07:35', 47, 1664),
(973, '2019-07-11 09:07:35', 47, 207),
(974, '2019-07-11 09:07:35', 47, 1935),
(975, '2019-07-11 09:07:35', 47, 154),
(976, '2019-07-11 09:07:35', 47, 1805),
(977, '2019-07-17 16:07:40', 48, 511),
(978, '2019-07-17 16:07:40', 48, 1196),
(979, '2019-07-17 16:07:40', 48, 2184),
(980, '2019-07-17 16:07:40', 48, 2281),
(981, '2019-07-17 16:07:40', 48, 1548),
(982, '2019-07-17 16:07:40', 48, 2178),
(983, '2019-07-17 16:07:40', 48, 920),
(984, '2019-07-17 16:07:40', 48, 2064),
(985, '2019-07-17 16:07:40', 48, 370),
(986, '2019-07-17 16:07:40', 48, 377),
(987, '2019-07-17 16:07:40', 48, 1369),
(988, '2019-07-17 16:07:40', 48, 851),
(989, '2019-07-17 16:07:40', 48, 1762),
(990, '2019-07-17 16:07:40', 48, 425),
(991, '2019-07-17 16:07:40', 48, 364),
(992, '2019-07-17 16:07:40', 48, 840),
(993, '2019-07-17 16:07:40', 48, 312),
(994, '2019-07-17 16:07:40', 48, 1340),
(995, '2019-07-17 16:07:40', 48, 322),
(996, '2019-07-17 16:07:40', 48, 2181),
(997, '2019-07-17 16:07:40', 48, 37),
(998, '2019-07-17 16:07:40', 48, 875),
(999, '2019-07-17 16:07:40', 48, 125),
(1000, '2019-07-17 16:07:40', 48, 389),
(1001, '2019-07-17 16:07:40', 48, 1626),
(1002, '2019-07-17 16:07:40', 48, 22121),
(1003, '2019-07-17 16:07:40', 48, 2182),
(1004, '2019-07-17 16:07:28', 48, 1059),
(1005, '2019-09-16 11:09:54', 49, 64),
(1006, '2019-09-16 11:09:54', 49, 1341),
(1007, '2019-09-16 11:09:54', 49, 726),
(1008, '2019-09-16 11:09:54', 49, 144),
(1009, '2019-09-16 11:09:54', 49, 1216),
(1010, '2019-09-16 11:09:54', 49, 1138),
(1011, '2019-09-16 11:09:54', 49, 959),
(1012, '2019-09-16 11:09:54', 49, 21828),
(1013, '2019-09-16 11:09:54', 49, 1596),
(1014, '2019-09-16 11:09:54', 49, 1126),
(1015, '2019-09-16 11:09:54', 49, 2208),
(1016, '2019-09-16 11:09:54', 49, 2294),
(1017, '2019-09-16 11:09:54', 49, 1131),
(1018, '2019-09-16 11:09:54', 49, 552),
(1019, '2019-09-16 11:09:54', 49, 377),
(1020, '2019-09-16 11:09:54', 49, 2067),
(1021, '2019-09-16 11:09:54', 49, 1318),
(1022, '2019-09-16 11:09:54', 49, 1545),
(1023, '2019-09-16 11:09:54', 49, 2137),
(1024, '2019-09-16 11:09:54', 49, 1246),
(1025, '2019-09-16 11:09:54', 49, 608),
(1026, '2019-09-16 11:09:54', 49, 2252),
(1027, '2019-09-16 11:09:54', 49, 2198),
(1028, '2019-09-16 11:09:54', 49, 2299),
(1029, '2019-09-16 11:09:54', 49, 324),
(1030, '2019-09-16 11:09:54', 49, 306),
(1031, '2019-09-16 11:09:54', 49, 2180),
(1032, '2019-09-16 11:09:54', 49, 1402),
(1033, '2019-09-16 11:09:54', 49, 1915),
(1034, '2019-09-16 11:09:54', 49, 2164),
(1035, '2019-09-16 11:09:54', 49, 590),
(1036, '2019-09-16 11:09:54', 49, 1305),
(1037, '2019-09-16 11:09:54', 49, 579),
(1038, '2019-09-16 11:09:55', 49, 1330),
(1039, '2019-09-16 11:09:55', 49, 199),
(1040, '2019-09-16 11:09:55', 49, 1122),
(1041, '2019-09-16 11:09:55', 49, 15),
(1042, '2019-09-16 11:09:55', 49, 1447),
(1043, '2019-09-16 11:09:55', 49, 1360),
(1044, '2019-09-16 11:09:55', 49, 977),
(1045, '2019-09-16 11:09:55', 49, 1443),
(1046, '2019-09-16 11:09:55', 49, 472),
(1047, '2019-09-16 11:09:55', 49, 2184),
(1048, '2019-09-16 11:09:55', 49, 1941),
(1049, '2019-09-16 11:09:55', 49, 1703),
(1050, '2019-09-16 11:09:55', 49, 840),
(1051, '2019-09-16 11:09:55', 49, 1781),
(1052, '2019-09-16 11:09:55', 49, 153),
(1053, '2019-09-16 11:09:55', 49, 312),
(1054, '2019-09-16 11:09:55', 49, 1198),
(1055, '2019-09-16 11:09:55', 49, 80),
(1056, '2019-09-16 11:09:55', 49, 1298),
(1057, '2019-09-24 10:09:22', 50, 2253);

-- --------------------------------------------------------

--
-- Table structure for table `positiontitles`
--

CREATE TABLE `positiontitles` (
  `position_id` int(11) NOT NULL,
  `position` text COLLATE utf8_swedish_ci NOT NULL,
  `functional` tinytext COLLATE utf8_swedish_ci,
  `level` tinytext COLLATE utf8_swedish_ci,
  `category` tinytext COLLATE utf8_swedish_ci,
  `salaryGrade` tinytext COLLATE utf8_swedish_ci
) ENGINE=InnoDB DEFAULT CHARSET=utf8 COLLATE=utf8_swedish_ci;

--
-- Dumping data for table `positiontitles`
--

INSERT INTO `positiontitles` (`position_id`, `position`, `functional`, `level`, `category`, `salaryGrade`) VALUES
(6, 'Administrative Officer IV', 'Human Resource Management Officer II', '2', 'Administrative', '15'),
(7, 'Teacher I', '', '2', 'Technical', '11'),
(8, 'School Principal I', '', '2', 'Technical', '18'),
(9, 'City Government Department Head I', 'City Accountant', '2', 'Key Position', '25'),
(10, 'Administrative Aide I', 'Utility Worker I', '1', 'Administrative', '1'),
(11, 'Administrative Officer IV', 'Fiscal Examiner II', '2', 'Administrative', '15'),
(12, 'Administrative Officer II', 'Fiscal Examiner I', '2', 'Administrative', '11'),
(13, 'Administrative Assistant III', 'Computer Operator II', '1', 'Administrative', '9'),
(14, 'Administrative Assistant II', 'Accounting Clerk III', '1', 'Administrative', '8'),
(16, 'Administrative Aide IV', 'Accounting Clerk I', '1', 'Administrative', '4'),
(17, 'Supervising Administrative Officer', 'Management and Audit Analyst IV', '2', 'Administrative', '22'),
(18, 'Supervising Administrative Officer', 'Accountant IV', '2', 'Administrative', '22'),
(19, 'Administrative Officer IV', 'Management and Audit Analyst II', '2', 'Administrative', '15'),
(20, 'Administrative Officer II', 'Management and Audit Analyst I', '2', 'Administrative', '11'),
(21, 'Administrative Aide IV', 'Clerk II', '1', 'Administrative', '4'),
(22, 'Administrative Aide III', 'Clerk I', '1', 'Administrative', '3'),
(23, 'Administrative Officer V', 'Management and Audit Analyst III	', '2', 'Administrative', '18'),
(24, 'Administrative Assistant III', 'Senior Bookkeeper', '1', 'Administrative', '9'),
(25, 'Administrative Assistant II', 'Bookkeeper I', '1', 'Administrative', '8'),
(26, 'Public Relations Officer IV', '', '2', 'Technical', '22'),
(27, 'City Government Department Head I', 'City Administrator', '2', 'Key Position', '25'),
(28, 'Administrative Officer V', 'Administrative Officer III', '2', 'Administrative', '18'),
(29, 'Administrative Officer I', 'Records Officer I', '2', 'Administrative', '10'),
(30, 'Administrative Aide III', 'Utility Worker II', '1', 'Administrative', '3'),
(31, 'Supervising Administrative Officer', 'Human Resource Management Officer IV', '2', 'Administrative', '22'),
(32, 'Administrative Assistant II', 'Human Resource Management. Assistant', '1', 'Administrative', '8'),
(33, 'City Government Department Head I', 'City Agriculturist	', '2', 'Key Position', '25'),
(34, 'Supervising Agriculturist	', '', '2', 'Technical', '22'),
(35, 'Senior Agriculturist	', '', '2', 'Technical', '18'),
(36, 'Agricultural Center Chief II	', '', '2', 'Technical', '20'),
(37, 'Administrative Officer III', 'Records Officer II', '2', 'Administrative', '14'),
(38, 'Senior Aquaculturist', '', '2', 'Technical', '18'),
(39, 'Agriculturist I	', '', '2', 'Technical', '11'),
(40, 'City Government Department Head I', 'City Assessor', '2', 'Key Position', '25'),
(41, 'Draftsman III	', '', '1', 'Technical', '11'),
(42, 'Local Assessment Operations Officer IV', '', '2', 'Technical', '22'),
(43, 'Senior Administrative Assistant II', 'Computer Operator IV', '1', 'Administrative', '14'),
(44, 'Local Assessment Operations Officer II', '', '2', 'Technical', '15'),
(45, 'Assessment Clerk III', '', '1', 'Technical', '9'),
(46, 'Administrative Aide IV', 'Bookbinder II', '1', 'Administrative', '4'),
(47, 'Administrative Aide IV', 'Driver II', '1', 'Administrative', '4'),
(48, 'Administrative Aide IV', 'Mechanic I', '1', 'Administrative', '4'),
(49, 'Administrative Aide IV', 'Storekeeper I', '1', 'Administrative', '4'),
(50, 'Administrative Aide V', 'Carpenter II', '1', 'Administrative', '5'),
(51, 'Administrative Aide V', 'Mason II', '1', 'Administrative', '5'),
(52, 'Administrative Aide V', 'Painter II', '1', 'Administrative', '5'),
(53, 'Administrative Aide V', 'Plumber II', '1', 'Administrative', '5'),
(54, 'Administrative Aide VI', 'Accounting Clerk II', '1', 'Administrative', '6'),
(55, 'Administrative Aide VI', 'Clerk III', '1', 'Administrative', '6'),
(56, 'Administrative Aide VI', 'Electrician II', '1', 'Administrative', '6'),
(57, 'Administrative Aide VI', 'Electronics & Communication Equipment Technician I', '1', 'Administrative', '6'),
(58, 'Administrative Aide VI', 'Labor Foreman', '1', 'Administrative', '6'),
(59, 'Administrative Aide VI', 'Mechanic II', '1', 'Administrative', '6'),
(60, 'Administrative Aide VI', 'Utility Foreman', '1', 'Administrative', '6'),
(61, 'Administrative Assistant I', 'Bookbinder III', '1', 'Administrative', '7'),
(62, 'Administrative Assistant I', 'Computer Operator I', '1', 'Administrative', '7'),
(63, 'Administrative Assistant II', 'Budget Assistant', '1', 'Administrative', '8'),
(64, 'Administrative Assistant II', 'Cash Clerk III', '1', 'Administrative', '8'),
(65, 'Administrative Assistant II', 'Clerk IV', '1', 'Administrative', '8'),
(66, 'Administrative Assistant II', 'Human Resource Management Assistant', '1', 'Administrative', '8'),
(67, 'Administrative Assistant II', 'Mason Foreman', '1', 'Administrative', '8'),
(68, 'Administrative Assistant II', 'Plumber Foreman', '1', 'Administrative', '8'),
(69, 'Administrative Assistant III', 'Buyer III', '1', 'Administrative', '9'),
(70, 'Administrative Assistant III', 'Store Keeper III', '1', 'Administrative', '9'),
(71, 'Administrative Assistant IV', 'Carpenter General Foreman', '1', 'Administrative', '10'),
(72, 'Administrative Assistant IV', 'Painter General Foreman', '1', 'Administrative', '10'),
(73, 'Administrative Assistant V', 'Communications Equipment Operator IV', '1', 'Administrative', '11'),
(74, 'Administrative Assistant V', 'Elec. & Comm. Equip. Technician III', '1', 'Administrative', '11'),
(75, 'Administrative Assistant V', 'Electrician General Foreman', '1', 'Administrative', '11'),
(76, 'Administrative Assistant V', 'Mechanical Shop Foreman', '1', 'Administrative', '11'),
(77, 'Administrative Assistant V', 'Storekeeper IV', '1', 'Administrative', '11'),
(78, 'Administrative Assistant VI', 'Computer Operator III', '1', 'Administrative', '12'),
(79, 'Administrative Assistant IV', 'Bookbinder IV', '1', 'Administrative', '10'),
(80, 'Administrative Officer I', 'Supply Officer I', '2', 'Administrative', '10'),
(81, 'Administrative Officer II', 'Administrative Officer I', '2', 'Administrative', '11'),
(82, 'Administrative Officer II', 'Budget Officer I', '2', 'Administrative', '11'),
(83, 'Administrative Officer III', 'Cashier II', '1', 'Administrative', '14'),
(84, 'Administrative Officer V', 'Budget Officer III', '2', 'Administrative', '18'),
(85, 'Administrative Officer V', 'Cashier III', '1', 'Administrative', '18'),
(86, 'Administrative Officer V', 'Community Affairs Officer III', '2', 'Administrative', '18'),
(87, 'Administrative Officer V', 'Management and Audit Analyst III', '2', 'Administrative', '18'),
(88, 'Administrative Officer V', 'Records Officer III', '2', 'Administrative', '18'),
(89, 'Administrative Officer V', 'Supply Officer III', '2', 'Administrative', '18'),
(91, 'Architect III', '', '2', 'Technical', '19'),
(92, 'Artist Illustrator III', '', '1', 'Technical', '11'),
(93, 'Assistant Registration Officer', '', '1', 'Technical', '8'),
(94, 'Asst. City Government Department Head I', 'City Asst. Legal Officer', '2', 'Key Position', '23'),
(95, 'Auto-Equipment Inspector II', '', '1', 'Technical', '11'),
(96, 'Building Inspector', '', '2', 'Technical', '11'),
(97, 'City Councilor', '', '', '', '25'),
(98, 'City Government Asst. Department Head I', 'Asst. City Treasurer', '2', 'Key Position', '23'),
(99, 'City Government Department Head I', 'City Social Welfare and Development Officer', '2', 'Key Position', '25'),
(100, 'City Government Department Head I', 'City Budget Officer', '2', 'Key Position', '25'),
(101, 'City Government Department Head I', 'City Civil Registrar', '2', 'Key Position', '25'),
(102, 'City Government Department Head I', 'City Cooperative and Manpower Development Officer', '2', 'Key Position', '25'),
(103, 'City Government Department Head I', 'City Engineer', '2', 'Key Position', '25'),
(104, 'City Government Department Head I', 'City Environment & Natural Resources Officer', '2', 'Key Position', '25'),
(105, 'City Government Department Head I', 'City General Services Officer', '2', 'Key Position', '25'),
(106, 'City Government Department Head I', 'City Health Officer II', '2', 'Key Position', '25'),
(107, 'City Government Department Head I', 'City Legal Officer', '2', 'Key Position', '25'),
(108, 'City Government Department Head I', 'City Public Safety Officer', '2', 'Key Position', '25'),
(109, 'City Government Department Head I', 'City Treasurer', '2', 'Key Position', '25'),
(110, 'City Government Department Head I', ' City Veterinarian', '2', 'Key Position', '25'),
(111, 'City Government Department Head I', 'Secretary to the SP', '2', 'Key Position', '25'),
(112, 'City Health Officer I', '', '2', 'Technical', '24'),
(113, 'City Mayor', '', '', '', '30'),
(114, 'City Vice-Mayor', '', '', '', '26'),
(115, 'Computer Maintenance Technologist III', '', '2', 'Technical', '17'),
(116, 'Computer Programmer II', '', '2', 'Technical', '15'),
(117, 'Computer Programmer III', '', '2', 'Technical', '15'),
(118, 'Construction and Maint. Gen Foreman', '', '1', 'Technical', '18'),
(119, 'Day Care Worker II', '', '1', 'Technical', '11'),
(120, 'Dental Aide', '', '1', 'Technical', '4'),
(121, 'Dentist IV', '', '2', 'Technical', '23'),
(122, 'Development Management Officer II', '', '2', 'Technical', '15'),
(123, 'Development Management Officer IV', '', '2', 'Technical', '22'),
(125, 'Driver II', '', '1', 'Administrative', '4'),
(126, 'Engineer III', '', '2', 'Technical', '19'),
(127, 'Engineer IV', '', '2', 'Technical', '22'),
(128, 'Engineering Aide', '', '1', 'Technical', '4'),
(129, 'Executive Assistant I', '', '2', 'Technical', '14'),
(130, 'Executive Assistant II', '', '2', 'Technical', '17'),
(131, 'Executive Assistant III', '', '2', 'Technical', '17'),
(132, 'Health Education & Promotion Officer III', '', '2', 'Technical', '18'),
(133, 'Heavy Equipment Operator II', '', '1', 'Technical', '6'),
(134, 'Information Systems Analyst III', '', '2', 'Technical', '19'),
(135, 'Information Technology Officer I', '', '2', 'Technical', '19'),
(136, 'Information Technology Officer II', '', '2', 'Technical', '22'),
(137, 'Instrumentman', '', '1', 'Technical', '5'),
(138, 'Laboratory Technician II', '', '1', 'Technical', '8'),
(139, 'Legal Assistant II', '', '2', 'Technical', '12'),
(140, 'License Inspector I', '', '1', 'Technical', '6'),
(141, 'Licensing Officer II', '', '2', 'Technical', '15'),
(142, 'Local Disaster Risk Reduction and Management Officer II', '', '1', 'Technical', '15'),
(143, 'Local Disaster Risk Reduction and Management Officer IV', '', '1', 'Technical', '23'),
(144, 'Local Legislative Staff Assistant I', '', '1', 'Administrative', '6'),
(145, 'Local Legislative Staff Officer III', '', '2', 'Technical', '16'),
(146, 'Local Revenue Collection Officer I', '', '2', 'Technical', '11'),
(147, 'Local Treasury Operations Officer III', '', '2', 'Technical', '18'),
(148, 'Management and Audit Assistant', '', '1', 'Administrative', '8'),
(149, 'Market Inspector II', '', '1', 'Technical', '8'),
(150, 'Market Supervisor III', '', '2', 'Technical', '18'),
(151, 'Meat Inspector I', '', '1', 'Technical', '6'),
(152, 'Meat Inspector III', '', '1', 'Technical', '11'),
(153, 'Medical Officer IV', '', '2', 'Technical', '23'),
(154, 'Medical Technologist II', '', '2', 'Technical', '15'),
(155, 'Medical Technologist III', '', '2', 'Technical', '18'),
(156, 'Messenger', '', '1', 'Technical', '2'),
(157, 'Midwife II', '', '1', 'Technical', '11'),
(158, 'Nurse III', '', '2', 'Technical', '17'),
(159, 'Nurse IV', '', '2', 'Technical', '19'),
(160, 'Nutrition Officer III', '', '2', 'Technical', '18'),
(161, 'Planning Officer IV', '', '2', 'Technical', '22'),
(162, 'Private Secretary I', '', '1', 'Technical', '11'),
(163, 'Project Development Officer IV', '', '2', 'Technical', '22'),
(164, 'Project Evaluation Officer II', '', '2', 'Technical', '15'),
(165, 'Public Service Officer IV', '', '2', 'Technical', '22'),
(166, 'Registration Officer II', '', '2', 'Technical', '14'),
(167, 'Registration Officer III', '', '2', 'Technical', '18'),
(168, 'Revenue Collection Clerk I', '', '1', 'Technical', '5'),
(169, 'Revenue Collection Clerk II', '', '1', 'Technical', '7'),
(170, 'Revenue Collection Clerk III', '', '1', 'Technical', '9'),
(171, 'Sanitation Inspector III', '', '1', 'Technical', '11'),
(172, 'Sanitation Inspector V', '', '1', 'Technical', '15'),
(173, 'Sanitation Inspector VI', '', '1', 'Technical', '18'),
(174, 'Senior Administrative Assistant I', 'Data Controller IV', '1', 'Administrative', '13'),
(175, 'Senior Administrative Assistant I', 'Mechanical Shop General Foreman', '1', 'Administrative', '13'),
(177, 'Senior Environment Mgt. Specialist', '', '2', 'Technical', '18'),
(178, 'SK Federated President', '', '', '', '25'),
(179, 'Slaughterhouse Master II', '', '1', 'Technical', '14'),
(180, 'Social Welfare Assistant', '', '1', 'Technical', '8'),
(181, 'Social Welfare Officer I', '', '2', 'Technical', '11'),
(182, 'Social Welfare Officer II', '', '2', 'Technical', '15'),
(183, 'Social Welfare Officer III', '', '2', 'Technical', '18'),
(184, 'Special Operations Officer III', '', '2', 'Technical', '19'),
(185, 'Statistician IV', '', '2', 'Technical', '22'),
(187, 'Supervising Administrative Officer', 'Information Officer IV', '2', 'Administrative', '22'),
(188, 'Supervising Administrative Officer', 'Supply Officer IV', '2', 'Administrative', '22'),
(189, 'Supervising Agriculturist', '', '2', 'Technical', '22'),
(190, 'Supervising Environmental Mgt. Specialist', '', '2', 'Technical', '23'),
(191, 'Supervising Manpower Development Officer', '', '2', 'Technical', '22'),
(192, 'Tax Mapper I', '', '1', 'Technical', '11'),
(193, 'Ticket Checker', '', '1', 'Technical', '3'),
(194, 'Tourism Operations Officer II', '', '2', 'Technical', '15'),
(195, 'Veterinarian IV', '', '2', 'Technical', '22'),
(196, 'Welder I', '', '1', 'Technical', '4'),
(197, 'Welder II', '', '1', 'Technical', '6'),
(198, 'Youth Development Officer I', '', '2', 'Technical', '10'),
(199, 'Zoning Officer III', '', '2', 'Technical', '18'),
(200, 'Administrative Aide I ', 'Casual', '1', 'Administrative', '1'),
(201, 'Asst. City Government Department Head I', 'Assistant City Engineer', '2', 'Technical', '24'),
(202, 'City Government Department Head I', 'City Planning and Development Coordinator', '2', 'Key Position', '25'),
(203, 'Administrative Aide IV', 'Buyer I', '1', 'Administrative', '4'),
(204, 'Administrative Aide IV', 'Buyer I', '1', 'Administrative', '4'),
(205, 'Administrative Officer IV', 'Clerk II', '1', 'Administrative', '4'),
(206, 'Administrative Officer IV', 'Budget Officer II', '2', 'Administrative', '15'),
(207, 'Local Revenue Collection Officer III', '', '2', 'Technical', '18'),
(208, 'Local Revenue Collection Officer II', '', '2', 'Technical', '15');

-- --------------------------------------------------------

--
-- Table structure for table `prr`
--

CREATE TABLE `prr` (
  `prr_id` int(11) NOT NULL,
  `period` tinytext NOT NULL,
  `year` smallint(6) NOT NULL,
  `type` tinytext NOT NULL,
  `agency` text NOT NULL,
  `address` text NOT NULL
) ENGINE=InnoDB DEFAULT CHARSET=latin1;

--
-- Dumping data for table `prr`
--

INSERT INTO `prr` (`prr_id`, `period`, `year`, `type`, `agency`, `address`) VALUES
(4, 'July - December', 2017, 'Permanent', '', ''),
(6, 'July - December', 2017, 'Casual', '', ''),
(7, 'January - June', 2019, 'Permanent', '', ''),
(8, 'January - June', 2019, 'Casual', '', '');

-- --------------------------------------------------------

--
-- Table structure for table `prrlist`
--

CREATE TABLE `prrlist` (
  `prrlist_id` int(11) NOT NULL,
  `prr_id` int(11) NOT NULL,
  `employees_id` int(11) NOT NULL,
  `date_submitted` date NOT NULL,
  `appraisal_type` tinytext NOT NULL,
  `date_appraised` date NOT NULL,
  `numerical` double NOT NULL,
  `adjectival` tinytext NOT NULL,
  `remarks` tinytext NOT NULL,
  `comments` text NOT NULL,
  `stages` varchar(255) NOT NULL
) ENGINE=InnoDB DEFAULT CHARSET=latin1;

--
-- Dumping data for table `prrlist`
--

INSERT INTO `prrlist` (`prrlist_id`, `prr_id`, `employees_id`, `date_submitted`, `appraisal_type`, `date_appraised`, `numerical`, `adjectival`, `remarks`, `comments`, `stages`) VALUES
(1414, 4, 21828, '2018-01-17', 'Semestral', '2018-05-21', 4.55, 'O', '', 'Needs to familiarize more on the formulation of resolutions and ordinances.  Training and seminars is recommended for the said matter.\n', 'W'),
(1415, 4, 1414, '2018-02-01', 'Semestral', '2018-05-21', 3.76, 'VS', '', 'Needs to focus more on leadership skills and teamwork.  Good worker.\n', 'W'),
(1416, 4, 2174, '2018-01-15', 'Semestral', '2018-05-21', 4.73, 'O', '', 'Recommended to attend Values Orientation Seminar.\n', 'W'),
(1417, 4, 702, '2018-02-01', 'Semestral', '2018-05-21', 4.2, 'O', '', 'Is willing to change and welcomes new ideas.\n', 'W'),
(1418, 4, 882, '2018-02-01', 'Semestral', '2018-05-21', 3.94, 'VS', '', 'Impressive accomplishments in almost all parameters.  Good job but except in one parameter, PP women with at least 2 quality visits, intensify campaign please.\n', 'W'),
(1419, 4, 598, '0000-00-00', '', '0000-00-00', 0, '', '', '', 'C'),
(1420, 4, 2177, '2018-02-21', 'Semestral', '2018-05-21', 3.71, 'VS', '', 'Needs Customer Service Seminar and Records filing and management training.\n', 'W'),
(1421, 4, 1359, '2018-01-24', 'Semestral', '2018-05-21', 4.46, 'O', '', 'Reliable and responsible as always.  Can handle her work well without being told.\n', 'W'),
(1422, 4, 790, '2018-01-24', 'Semestral', '2018-05-21', 4.09, 'O', '', 'You may have faced serious problems & challenges in life but you didn\'t let it affect your work. Job well done.\n', 'W'),
(1423, 4, 2168, '2018-01-24', 'Semestral', '2018-05-21', 4.35, 'O', '', 'Recommended for training regarding supplies and inventory.\n', 'W'),
(1424, 4, 2110, '0000-00-00', '', '0000-00-00', 0, '', '', '', 'C'),
(1425, 4, 324, '2018-01-16', 'Semestral', '2018-05-21', 4.45, 'O', '', 'Trainings / Seminars on personality development is recommended.\n', 'W'),
(1426, 4, 1458, '2018-02-05', 'Semestral', '2018-05-21', 4.22, 'O', '', 'More trainings on Assessment Skills Enhancement & update on new BLGF rulings.\n', 'W'),
(1427, 4, 2094, '2018-01-12', 'Semestral', '2018-05-21', 4.67, 'O', '', '', 'W'),
(1428, 4, 2198, '2018-01-15', 'Semestral', '2018-05-21', 4.5, 'O', '', 'Recommended to attend records management related seminar / working / training.\n', 'W'),
(1429, 4, 1410, '2018-01-15', 'Semestral', '2018-05-21', 4.88, 'O', '', 'Reliable on the assigned task.  Willing to work overtime if needed.\n', 'W'),
(1430, 4, 1402, '2018-01-16', 'Semestral', '2018-05-21', 4.46, 'O', '', 'Continue good performance on records management.\n\n', 'W'),
(1431, 4, 1163, '2018-01-19', 'Semestral', '2018-05-21', 4.19, 'O', '', 'Keep up the good work.  Stay focused.\n', 'W'),
(1432, 4, 1665, '2018-02-09', 'Semestral', '2018-05-21', 4.15, 'O', '', 'Need to get updated on Supervisory and Planning Skills.\n', 'W'),
(1433, 4, 183, '2018-01-19', 'Semestral', '2018-05-21', 4.05, 'O', '', 'Training in collection strategies.\n', 'W'),
(1434, 4, 1937, '2018-03-19', 'Semestral', '2018-05-21', 3.84, 'VS', '', 'Dedicated to work assignment.  Needs more training on procurement law.\n', 'W'),
(1435, 4, 576, '2018-01-15', 'Semestral', '2018-05-21', 4.65, 'O', '', 'Recommended to attend Records Management related seminar/workshop and trainings.\n', 'W'),
(1436, 4, 1260, '2018-03-05', 'Semestral', '2018-05-21', 4.36, 'O', '', '', 'W'),
(1437, 4, 1476, '2018-02-01', 'Semestral', '2018-05-21', 3.94, 'VS', '', 'Promotes teamwork among team members.\n', 'W'),
(1438, 4, 1605, '2018-02-01', 'Semestral', '2018-05-21', 4.24, 'O', '', 'Organized and efficient.\n', 'W'),
(1439, 4, 1543, '2018-01-15', 'Semestral', '2018-05-21', 4.21, 'O', '', 'Recommended to attend office and file management.\n\n', 'W'),
(1440, 4, 1557, '2018-02-21', 'Semestral', '2018-05-21', 3.89, 'VS', '', 'Development in training and seminar on Customer Service.\n', 'W'),
(1441, 4, 826, '2018-01-17', 'Semestral', '2018-05-21', 4.53, 'O', '', 'She\'s hardworking. I recommend her to attend seminars about legislative matters.\n', 'W'),
(1442, 4, 804, '2018-02-01', 'Semestral', '2018-05-21', 4.16, 'O', '', 'Employee communicates effectively with all individuals.  Time management should be observe.\n', 'W'),
(1443, 4, 23, '2018-01-17', 'Semestral', '2018-05-21', 4.55, 'O', '', 'Social Case Study Preparation; Technical Writing Trainings & Training related to improved coordination and linkages.\n', 'W'),
(1444, 4, 2114, '2018-01-17', 'Semestral', '2018-05-21', 3.69, 'VS', '', 'Can be depended upon on liason task and net working and linkaging with our clients and other stakeholders.\n', 'W'),
(1445, 4, 2290, '2018-01-17', 'Semestral', '2018-05-21', 4.32, 'O', '', 'More training on Data Banking / Programming & Team Building and other capability and self-enhancement activities.\n', 'W'),
(1446, 4, 656, '2018-02-01', 'Semestral', '2018-05-21', 3.95, 'VS', '', 'She does a good job always asking for immediate feedback to make sure she is doing her work / tasks properly.Try to notify to the office when problems arise as this may tend to create issues.\n', 'W'),
(1447, 4, 761, '2018-01-15', 'Semestral', '2018-05-21', 4.04, 'O', '', 'Very dependable in implementation of the office program assigned to her.\n', 'W'),
(1448, 4, 1562, '2018-01-15', 'Semestral', '2018-05-21', 4.53, 'O', '', 'Trying hard to come up for expectation; need more training.\n', 'W'),
(1449, 4, 22132, '2018-02-01', 'Semestral', '2018-05-21', 4.19, 'O', '', 'Consistently on time.  Organized and neat with the reports.\n', 'W'),
(1450, 4, 1555, '2018-01-17', 'Semestral', '2018-05-21', 4.22, 'O', '', 'Training on Handling Court related case management, social case study preparation & counseling\n', 'W'),
(1451, 4, 693, '2018-02-01', 'Semestral', '2018-05-21', 3.77, 'VS', '', 'Good & efficient.  Training & seminars needed for updates of Program Implementation.\n', 'W'),
(1452, 4, 22115, '0000-00-00', '', '0000-00-00', 0, '', '', '', 'C'),
(1453, 4, 1897, '2018-01-24', 'Semestral', '2018-05-21', 4.31, 'O', '', 'Believe in yourself.  Never say you can\'t do it if you still haven\'t tried doing it.\n', 'W'),
(1454, 4, 1126, '2018-01-17', 'Semestral', '2018-05-21', 4.27, 'O', '', 'Needs to know other office work aside from her job description and minimize your leave.\n', 'W'),
(1455, 4, 383, '2018-02-01', 'Semestral', '2018-05-21', 4.03, 'O', '', 'Can be trusted to all tasks given..Very diligent to her work.\n', 'W'),
(1456, 4, 86, '2018-01-24', 'Semestral', '2018-05-21', 4.19, 'O', '', 'Recommended for training regarding supplies and inventory.\n', 'W'),
(1457, 4, 2185, '2018-01-24', 'Semestral', '2018-05-21', 4.04, 'O', '', 'Able to establish good relationship with the whole staff of department and attentive to clients needs.\n', 'W'),
(1458, 4, 482, '2018-02-01', 'Semestral', '2018-05-21', 3.12, 'VS', '', 'With good leadership skills.  Follow-up OPD staff regularly.\n', 'W'),
(1459, 4, 272, '2018-02-01', 'Semestral', '2018-05-21', 3.9, 'VS', '', 'Trying her best to perform all tasks given.\n', 'W'),
(1460, 4, 2222, '2018-02-01', 'Semestral', '2018-05-21', 3.88, 'VS', '', 'Doing good in almost all parameters.  Keep it up except one, children given deworming.  Please intensify campaign on tis please. Thank you.\n', 'W'),
(1462, 4, 1718, '2018-05-21', 'Semestral', '2018-05-21', 3.84, 'VS', '', 'Has composure under dire circumstances; reliable\n', 'W'),
(1463, 4, 1565, '2018-02-15', 'Semestral', '2018-05-21', 3.91, 'VS', '', 'Seminar or Workshop on Values, Time Management and Work Engagement.\n', 'W'),
(1464, 4, 1201, '2018-01-17', 'Semestral', '2018-05-21', 4.53, 'O', '', 'Self - enhancement training /activities.\n', 'W'),
(1465, 4, 345, '2018-02-09', 'Semestral', '2018-05-21', 3.98, 'VS', '', 'Needs Training on Project Monitoring and Evaluation for Livelihood Projects.\n', 'W'),
(1466, 4, 957, '2018-01-24', 'Semestral', '2018-05-21', 4.97, 'O', '', '', 'W'),
(1467, 4, 539, '2018-05-10', 'Semestral', '2018-05-21', 4.08, 'O', '', '', 'W'),
(1468, 4, 1604, '2018-02-01', 'Semestral', '2018-05-21', 3.85, 'VS', '', 'Good leadership skills.\n', 'W'),
(1469, 4, 2224, '2018-01-16', 'Semestral', '2018-05-21', 4.52, 'O', '', 'Tessie has a great potential to take the lead, but seems to be a hesitant and reluctant leader.  More exporsure to develop her social skills would be of help.\n', 'W'),
(1470, 4, 949, '2018-02-20', 'Semestral', '2018-05-21', 3.8, 'VS', '', 'She focuses on her functions.\n', 'W'),
(1471, 4, 1445, '2018-03-05', 'Semestral', '2018-05-21', 4.15, 'O', '', 'Minimize your tardiness\n', 'W'),
(1472, 4, 1936, '2018-01-17', 'Semestral', '2018-05-21', 4.61, 'O', '', 'Check and review the Barangay Resolution and budget thoroughly.  Participation in LGU activities.\n', 'W'),
(1473, 4, 1413, '2018-01-17', 'Semestral', '2018-05-21', 4.37, 'O', '', '', 'W'),
(1474, 4, 427, '2018-02-01', 'Semestral', '2018-05-21', 4.28, 'O', '', 'Good worker, handles many situation with ease.\n', 'W'),
(1475, 4, 274, '2018-02-01', 'Semestral', '2018-05-21', 4.18, 'O', '', 'She takes initiative when difficult obstacles arise and finds solutions quickly.\n', 'W'),
(1476, 4, 1398, '2018-01-17', 'Semestral', '2018-05-21', 4.32, 'O', '', 'Ratee performed and accomplished given task ahead of times.  Can be trusted & deserves promotion.\n', 'W'),
(1477, 4, 1215, '2018-01-17', 'Semestral', '2018-05-21', 4.49, 'O', '', 'She takes initiative when difficult obstacles arise and finds solutions quickly. Try to assess the situation before taking an action.\n', 'W'),
(1478, 4, 1412, '2018-01-19', 'Semestral', '2018-05-21', 4.22, 'O', '', 'To attend training related to business assessment and records keeping.\n', 'W'),
(1479, 4, 1452, '2018-01-16', 'Semestral', '2018-05-21', 4.3, 'O', '', 'Janssen is doing well in developing her leadership skills. She needs to build-up her confidence though by boosting her decision - making abilities.\n', 'W'),
(1480, 4, 988, '2018-02-01', 'Semestral', '2018-05-21', 4.02, 'O', '', 'Very good at setting her goals and objectives and making sure they are obtained in a timely manner.  Always follows instructions in an accurate manner.  Improve communication skills.\n', 'W'),
(1481, 4, 357, '2018-02-05', 'Semestral', '2018-05-21', 4.41, 'O', '', 'More training on Assessment Skills Enhancement & update on new BLGF rulings.\n', 'W'),
(1482, 4, 2171, '2018-02-01', 'Semestral', '2018-05-21', 4.09, 'O', '', 'Good leardership skills.  With good follow up with her staff in monitoring & evaluation.\n', 'W'),
(1483, 4, 2164, '2018-02-13', 'Semestral', '2018-05-21', 4.43, 'O', '', 'Needs enhancement in minutes, computer literacy, records data base.\n', 'W'),
(1484, 4, 2327, '2018-01-15', 'Semestral', '2018-05-21', 4.57, 'O', '', 'Maintain good working performance.\n', 'W'),
(1485, 4, 380, '0000-00-00', '', '0000-00-00', 0, '', '', '', 'C'),
(1486, 4, 590, '2018-03-20', 'Semestral', '2018-05-21', 4.09, 'O', '', 'Recommended for training and seminar on treasury matters.\n', 'W'),
(1487, 4, 1474, '2018-01-16', 'Semestral', '2018-05-21', 4.49, 'O', '', 'Keep up good work. Continue constant follow-up of delinquents.\n', 'W'),
(1488, 4, 304, '2018-02-01', 'Semestral', '2018-05-21', 3.43, 'VS', '', 'Shows great team leadership.\n', 'W'),
(1490, 4, 144, '0000-00-00', '', '0000-00-00', 0, '', '', '', 'C'),
(1491, 4, 1253, '2018-02-01', 'Semestral', '2018-05-21', 4.22, 'O', '', 'Works in harmony with others, stays calm under high-pressure situation.\n', 'W'),
(1492, 4, 2343, '2018-01-24', 'Semestral', '2018-05-21', 4.35, 'O', '', 'Despite of the additional workload you still performed well in your job.  You accepted them without second thoughts. Keep it up.\n', 'W'),
(1493, 4, 2203, '2018-01-19', 'Semestral', '2018-05-21', 4.31, 'O', '', 'To attend training on business assessment.\n', 'W'),
(1494, 4, 819, '2018-01-15', 'Semestral', '2018-05-21', 4.49, 'O', '', 'Works well under pressure.  Recommended to attend training & seminars that will enhance knowledge on financial management.\n', 'W'),
(1495, 4, 1281, '2018-01-15', 'Semestral', '2018-05-21', 3.78, 'VS', '', 'An asset to the team. Can find means to solve problems along the program implementation. Further exposure and immersion can best improve personal development.\n', 'W'),
(1496, 4, 953, '2018-01-16', 'Semestral', '2018-05-21', 4.33, 'O', '', 'Please adhere to our collection strategies to adjust revenue generations.\n', 'W'),
(1497, 4, 1347, '2018-02-01', 'Semestral', '2018-05-21', 4.22, 'O', '', 'Can be relied on\n', 'W'),
(1498, 4, 1625, '0218-02-13', 'Semestral', '2018-05-21', 4.24, 'O', '', 'Enhancement in Computer Skills.\n', 'W'),
(1499, 4, 2307, '2018-01-17', 'Semestral', '2018-05-21', 4.28, 'O', '', 'Self-enhancement training & basic computer literacy\n', 'W'),
(1500, 4, 2275, '2018-02-01', 'Semestral', '2018-05-21', 4.04, 'O', '', 'Inspite of your experience,  I admire your willingness to learn and continually grow as a professional midwife but please improve your time management.\n', 'W'),
(1501, 4, 669, '2018-01-16', 'Semestral', '2018-05-21', 4.56, 'O', '', 'Continue in hitting targets for RPT section.\n', 'W'),
(1502, 4, 935, '2018-01-24', 'Semestral', '2018-05-21', 4.44, 'O', '', 'Very focused and particular with her targets and accomplishments.\n', 'W'),
(1503, 4, 1164, '2018-01-16', 'Semestral', '2018-05-21', 4.16, 'O', '', 'Manage time effectively in all tasks assigned..\n', 'W'),
(1504, 4, 102, '2018-01-17', 'Semestral', '2018-05-21', 4.51, 'O', '', 'Should attend trainings and seminar for the formulation of ordinances and resolution.\n', 'W'),
(1505, 4, 1207, '2018-02-01', 'Semestral', '2018-05-21', 4.03, 'O', '', 'Your passion in doing your work is greatly appreciated but hoping that you will improve your time management.\n', 'W'),
(1506, 4, 2054, '2018-02-21', 'Semestral', '2018-05-21', 4, 'VS', '', '', 'W'),
(1507, 4, 1488, '2018-01-19', 'Semestral', '2018-05-21', 3.42, 'VS', '', 'Needs training in financial management.\n', 'W'),
(1508, 4, 2055, '0000-00-00', '', '0000-00-00', 0, '', '', '', 'C'),
(1509, 4, 2197, '0000-00-00', '', '0000-00-00', 0, '', '', '', 'C'),
(1510, 4, 364, '0000-00-00', '', '0000-00-00', 0, '', '', '', 'C'),
(1511, 4, 1448, '0000-00-00', '', '0000-00-00', 0, '', '', '', 'C'),
(1512, 4, 2169, '0000-00-00', '', '0000-00-00', 0, '', '', '', 'C'),
(1513, 4, 1169, '0000-00-00', '', '0000-00-00', 0, '', '', '', 'C'),
(1514, 4, 1668, '0000-00-00', '', '0000-00-00', 0, '', '', '', 'C'),
(1515, 4, 873, '0000-00-00', '', '0000-00-00', 0, '', '', '', 'C'),
(1516, 4, 608, '0000-00-00', '', '0000-00-00', 0, '', '', '', 'C'),
(1517, 4, 1382, '0000-00-00', '', '0000-00-00', 0, '', '', '', 'C'),
(1518, 4, 546, '0000-00-00', '', '0000-00-00', 0, '', '', '', 'C'),
(1519, 4, 2252, '0000-00-00', '', '0000-00-00', 0, '', '', '', 'C'),
(1520, 4, 1603, '0000-00-00', '', '0000-00-00', 0, '', '', '', 'C'),
(1521, 4, 2289, '0000-00-00', '', '0000-00-00', 0, '', '', '', 'C'),
(1522, 4, 2134, '0000-00-00', '', '0000-00-00', 0, '', '', '', 'C'),
(1523, 4, 2184, '0000-00-00', '', '0000-00-00', 0, '', '', '', 'C'),
(1524, 4, 2253, '0000-00-00', '', '0000-00-00', 0, '', '', '', 'C'),
(1525, 4, 1478, '0000-00-00', '', '0000-00-00', 0, '', '', '', 'C'),
(1526, 4, 1764, '0000-00-00', '', '0000-00-00', 0, '', '', '', 'C'),
(1527, 4, 1216, '0000-00-00', '', '0000-00-00', 0, '', '', '', 'C'),
(1528, 4, 726, '0000-00-00', '', '0000-00-00', 0, '', '', '', 'C'),
(1529, 4, 1549, '0000-00-00', '', '0000-00-00', 0, '', '', '', 'C'),
(1530, 4, 1477, '0000-00-00', '', '0000-00-00', 0, '', '', '', 'C'),
(1531, 4, 1418, '0000-00-00', '', '0000-00-00', 0, '', '', '', 'C'),
(1532, 4, 664, '0000-00-00', '', '0000-00-00', 0, '', '', '', 'C'),
(1533, 4, 1451, '0000-00-00', '', '0000-00-00', 0, '', '', '', 'C'),
(1534, 4, 552, '0000-00-00', '', '0000-00-00', 0, '', '', '', 'C'),
(1535, 4, 1647, '0000-00-00', '', '0000-00-00', 0, '', '', '', 'C'),
(1536, 4, 1547, '0000-00-00', '', '0000-00-00', 0, '', '', '', 'C'),
(1537, 4, 1337, '0000-00-00', '', '0000-00-00', 0, '', '', '', 'C'),
(1538, 4, 271, '0000-00-00', '', '0000-00-00', 0, '', '', '', 'C'),
(1539, 4, 1162, '0000-00-00', '', '0000-00-00', 0, '', '', '', 'C'),
(1540, 4, 2294, '0000-00-00', '', '0000-00-00', 0, '', '', '', 'C'),
(1541, 4, 2279, '0000-00-00', '', '0000-00-00', 0, '', '', '', 'C'),
(1542, 4, 1318, '0000-00-00', '', '0000-00-00', 0, '', '', '', 'C'),
(1543, 4, 1690, '0000-00-00', '', '0000-00-00', 0, '', '', '', 'C'),
(1544, 4, 1404, '0000-00-00', '', '0000-00-00', 0, '', '', '', 'C'),
(1545, 4, 1439, '0000-00-00', '', '0000-00-00', 0, '', '', '', 'C'),
(1546, 4, 1231, '0000-00-00', '', '0000-00-00', 0, '', '', '', 'C'),
(1547, 4, 1292, '0000-00-00', '', '0000-00-00', 0, '', '', '', 'C'),
(1548, 4, 796, '0000-00-00', '', '0000-00-00', 0, '', '', '', 'C'),
(1549, 4, 97, '0000-00-00', '', '0000-00-00', 0, '', '', '', 'C'),
(1550, 4, 1471, '0000-00-00', '', '0000-00-00', 0, '', '', '', 'C'),
(1551, 4, 2178, '0000-00-00', '', '0000-00-00', 0, '', '', '', 'C'),
(1552, 4, 1501, '0000-00-00', '', '0000-00-00', 0, '', '', '', 'C'),
(1553, 4, 1698, '0000-00-00', '', '0000-00-00', 0, '', '', '', 'C'),
(1554, 4, 652, '0000-00-00', '', '0000-00-00', 0, '', '', '', 'C'),
(1555, 4, 1343, '0000-00-00', '', '0000-00-00', 0, '', '', '', 'C'),
(1556, 4, 1209, '0000-00-00', '', '0000-00-00', 0, '', '', '', 'C'),
(1557, 4, 782, '0000-00-00', '', '0000-00-00', 0, '', '', '', 'C'),
(1558, 4, 2166, '0000-00-00', '', '0000-00-00', 0, '', '', '', 'C'),
(1559, 4, 1702, '0000-00-00', '', '0000-00-00', 0, '', '', '', 'C'),
(1560, 4, 1545, '0000-00-00', '', '0000-00-00', 0, '', '', '', 'C'),
(1561, 4, 1738, '0000-00-00', '', '0000-00-00', 0, '', '', '', 'C'),
(1562, 4, 2288, '0000-00-00', '', '0000-00-00', 0, '', '', '', 'C'),
(1563, 4, 1025, '0000-00-00', '', '0000-00-00', 0, '', '', '', 'C'),
(1564, 4, 290, '0000-00-00', '', '0000-00-00', 0, '', '', '', 'C'),
(1565, 4, 1168, '0000-00-00', '', '0000-00-00', 0, '', '', '', 'C'),
(1566, 4, 1502, '0000-00-00', '', '0000-00-00', 0, '', '', '', 'C'),
(1567, 4, 2251, '0000-00-00', '', '0000-00-00', 0, '', '', '', 'C'),
(1568, 4, 348, '0000-00-00', '', '0000-00-00', 0, '', '', '', 'C'),
(1569, 4, 1094, '0000-00-00', '', '0000-00-00', 0, '', '', '', 'C'),
(1570, 4, 1360, '0000-00-00', '', '0000-00-00', 0, '', '', '', 'C'),
(1571, 4, 474, '0000-00-00', '', '0000-00-00', 0, '', '', '', 'C'),
(1572, 4, 1960, '0000-00-00', '', '0000-00-00', 0, '', '', '', 'C'),
(1573, 4, 377, '0000-00-00', '', '0000-00-00', 0, '', '', '', 'C'),
(1574, 4, 2175, '0000-00-00', '', '0000-00-00', 0, '', '', '', 'C'),
(1575, 4, 1391, '0000-00-00', '', '0000-00-00', 0, '', '', '', 'C'),
(1576, 4, 1704, '0000-00-00', '', '0000-00-00', 0, '', '', '', 'C'),
(1577, 4, 2115, '0000-00-00', '', '0000-00-00', 0, '', '', '', 'C'),
(1578, 4, 745, '0000-00-00', '', '0000-00-00', 0, '', '', '', 'C'),
(1579, 4, 2089, '0000-00-00', '', '0000-00-00', 0, '', '', '', 'C'),
(1580, 4, 1564, '0000-00-00', '', '0000-00-00', 0, '', '', '', 'C'),
(1581, 4, 1615, '0000-00-00', '', '0000-00-00', 0, '', '', '', 'C'),
(1582, 4, 1295, '0000-00-00', '', '0000-00-00', 0, '', '', '', 'C'),
(1583, 4, 868, '0000-00-00', '', '0000-00-00', 0, '', '', '', 'C'),
(1584, 4, 1349, '0000-00-00', '', '0000-00-00', 0, '', '', '', 'C'),
(1585, 4, 457, '0000-00-00', '', '0000-00-00', 0, '', '', '', 'C'),
(1586, 4, 959, '0000-00-00', '', '0000-00-00', 0, '', '', '', 'C'),
(1587, 4, 332, '0000-00-00', '', '0000-00-00', 0, '', '', '', 'C'),
(1588, 4, 607, '0000-00-00', '', '0000-00-00', 0, '', '', '', 'C'),
(1589, 4, 1411, '0000-00-00', '', '0000-00-00', 0, '', '', '', 'C'),
(1590, 4, 1308, '0000-00-00', '', '0000-00-00', 0, '', '', '', 'C'),
(1591, 4, 568, '0000-00-00', '', '0000-00-00', 0, '', '', '', 'C'),
(1592, 4, 818, '0000-00-00', '', '0000-00-00', 0, '', '', '', 'C'),
(1593, 4, 1609, '0000-00-00', '', '0000-00-00', 0, '', '', '', 'C'),
(1594, 4, 692, '0000-00-00', '', '0000-00-00', 0, '', '', '', 'C'),
(1595, 4, 2338, '0000-00-00', '', '0000-00-00', 0, '', '', '', 'C'),
(1596, 4, 1767, '0000-00-00', '', '0000-00-00', 0, '', '', '', 'C'),
(1597, 4, 1453, '0000-00-00', '', '0000-00-00', 0, '', '', '', 'C'),
(1598, 4, 1569, '0000-00-00', '', '0000-00-00', 0, '', '', '', 'C'),
(1599, 4, 1460, '0000-00-00', '', '0000-00-00', 0, '', '', '', 'C'),
(1600, 4, 227, '0000-00-00', '', '0000-00-00', 0, '', '', '', 'C'),
(1601, 4, 511, '0000-00-00', '', '0000-00-00', 0, '', '', '', 'C'),
(1602, 4, 1708, '0000-00-00', '', '0000-00-00', 0, '', '', '', 'C'),
(1603, 4, 1435, '0000-00-00', '', '0000-00-00', 0, '', '', '', 'C'),
(1604, 4, 741, '0000-00-00', '', '0000-00-00', 0, '', '', '', 'C'),
(1605, 4, 2221, '0000-00-00', '', '0000-00-00', 0, '', '', '', 'C'),
(1606, 4, 1246, '0000-00-00', '', '0000-00-00', 0, '', '', '', 'C'),
(1607, 4, 1568, '0000-00-00', '', '0000-00-00', 0, '', '', '', 'C'),
(1608, 4, 1330, '0000-00-00', '', '0000-00-00', 0, '', '', '', 'C'),
(1609, 4, 571, '0000-00-00', '', '0000-00-00', 0, '', '', '', 'C'),
(1610, 4, 1618, '0000-00-00', '', '0000-00-00', 0, '', '', '', 'C'),
(1611, 4, 2196, '0000-00-00', '', '0000-00-00', 0, '', '', '', 'C'),
(1612, 4, 1106, '0000-00-00', '', '0000-00-00', 0, '', '', '', 'C'),
(1613, 4, 1563, '0000-00-00', '', '0000-00-00', 0, '', '', '', 'C'),
(1614, 4, 22064, '0000-00-00', '', '0000-00-00', 0, '', '', '', 'C'),
(1615, 4, 2281, '0000-00-00', '', '0000-00-00', 0, '', '', '', 'C'),
(1616, 4, 472, '0000-00-00', '', '0000-00-00', 0, '', '', '', 'C'),
(1617, 4, 1184, '0000-00-00', '', '0000-00-00', 0, '', '', '', 'C'),
(1618, 4, 286, '0000-00-00', '', '0000-00-00', 0, '', '', '', 'C'),
(1619, 4, 1703, '0000-00-00', '', '0000-00-00', 0, '', '', '', 'C'),
(1620, 4, 133, '0000-00-00', '', '0000-00-00', 0, '', '', '', 'C'),
(1621, 4, 1403, '0000-00-00', '', '0000-00-00', 0, '', '', '', 'C'),
(1622, 4, 1363, '0000-00-00', '', '0000-00-00', 0, '', '', '', 'C'),
(1623, 4, 2158, '0000-00-00', '', '0000-00-00', 0, '', '', '', 'C'),
(1624, 4, 632, '0000-00-00', '', '0000-00-00', 0, '', '', '', 'C'),
(1625, 4, 922, '0000-00-00', '', '0000-00-00', 0, '', '', '', 'C'),
(1626, 4, 40, '0000-00-00', '', '0000-00-00', 0, '', '', '', 'C'),
(1627, 4, 231, '0000-00-00', '', '0000-00-00', 0, '', '', '', 'C'),
(1628, 4, 1048, '0000-00-00', '', '0000-00-00', 0, '', '', '', 'C'),
(1629, 4, 636, '0000-00-00', '', '0000-00-00', 0, '', '', '', 'C'),
(1630, 4, 182, '0000-00-00', '', '0000-00-00', 0, '', '', '', 'C'),
(1631, 4, 152, '0000-00-00', '', '0000-00-00', 0, '', '', '', 'C'),
(1632, 4, 212, '0000-00-00', '', '0000-00-00', 0, '', '', '', 'C'),
(1633, 4, 1009, '0000-00-00', '', '0000-00-00', 0, '', '', '', 'C'),
(1634, 4, 1416, '2018-02-01', '', '2018-05-21', 4.1, 'O', '', 'Shows responsibilities and commitment to her work.  Job well done.\n', 'W'),
(1635, 4, 2241, '0000-00-00', '', '0000-00-00', 0, '', '', '', 'C'),
(1636, 4, 495, '0000-00-00', '', '0000-00-00', 0, '', '', '', 'C'),
(1637, 4, 355, '0000-00-00', '', '0000-00-00', 0, '', '', '', 'C'),
(1638, 4, 124, '0000-00-00', '', '0000-00-00', 0, '', '', '', 'C'),
(1639, 4, 1417, '2018-02-01', '', '2018-05-21', 3.9, 'VS', '', 'Very dedicated towards work.\n', 'W'),
(1640, 4, 2299, '0000-00-00', '', '0000-00-00', 0, '', '', '', 'C'),
(1641, 4, 1630, '2018-02-21', '', '2018-05-21', 4.7, 'O', '', '', 'W'),
(1642, 4, 1136, '0000-00-00', '', '0000-00-00', 0, '', '', '', 'C'),
(1643, 4, 1267, '0000-00-00', '', '0000-00-00', 0, '', '', '', 'C'),
(1644, 4, 2157, '2018-01-16', '', '2018-05-21', 4.72, 'O', '', 'Recommended to attend treasury related seminar/workshop. Improve your attendance to LGU activities.\n', 'W'),
(1645, 4, 2336, '0000-00-00', '', '0000-00-00', 0, '', '', '', 'C'),
(1646, 4, 1513, '0000-00-00', '', '0000-00-00', 0, '', '', '', 'C'),
(1647, 4, 312, '0000-00-00', '', '0000-00-00', 0, '', '', '', 'C'),
(1648, 4, 1752, '0000-00-00', '', '0000-00-00', 0, '', '', '', 'C'),
(1649, 4, 1428, '0000-00-00', '', '0000-00-00', 0, '', '', '', 'C'),
(1650, 4, 1684, '0000-00-00', '', '0000-00-00', 0, '', '', '', 'C'),
(1651, 4, 2118, '0000-00-00', '', '0000-00-00', 0, '', '', '', 'C'),
(1652, 4, 1047, '0000-00-00', '', '0000-00-00', 0, '', '', '', 'C'),
(1653, 4, 1863, '0000-00-00', '', '0000-00-00', 0, '', '', '', 'C'),
(1654, 4, 1670, '0000-00-00', '', '0000-00-00', 0, '', '', '', 'C'),
(1655, 4, 1348, '0000-00-00', '', '0000-00-00', 0, '', '', '', 'C'),
(1656, 4, 894, '0000-00-00', '', '0000-00-00', 0, '', '', '', 'C'),
(1657, 4, 2213, '0000-00-00', '', '0000-00-00', 0, '', '', '', 'C'),
(1658, 4, 1462, '0000-00-00', '', '0000-00-00', 0, '', '', '', 'C'),
(1659, 4, 1380, '0000-00-00', '', '0000-00-00', 0, '', '', '', 'C'),
(1660, 4, 17, '0000-00-00', '', '0000-00-00', 0, '', '', '', 'C'),
(1661, 4, 1895, '0000-00-00', '', '0000-00-00', 0, '', '', '', 'C'),
(1662, 4, 1519, '0000-00-00', '', '0000-00-00', 0, '', '', '', 'C'),
(1663, 4, 153, '0000-00-00', '', '0000-00-00', 0, '', '', '', 'C'),
(1664, 4, 908, '0000-00-00', '', '0000-00-00', 0, '', '', '', 'C'),
(1665, 4, 1303, '0000-00-00', '', '0000-00-00', 0, '', '', '', 'C'),
(1666, 4, 872, '0000-00-00', '', '0000-00-00', 0, '', '', '', 'C'),
(1667, 4, 1145, '0000-00-00', '', '0000-00-00', 0, '', '', '', 'C'),
(1668, 4, 1114, '0000-00-00', '', '0000-00-00', 0, '', '', '', 'C'),
(1669, 4, 2123, '0000-00-00', '', '0000-00-00', 0, '', '', '', 'C'),
(1670, 4, 1915, '0000-00-00', '', '0000-00-00', 0, '', '', '', 'C'),
(1671, 4, 1045, '0000-00-00', '', '0000-00-00', 0, '', '', '', 'C'),
(1672, 4, 2034, '0000-00-00', '', '0000-00-00', 0, '', '', '', 'C'),
(1673, 4, 228, '0000-00-00', '', '0000-00-00', 0, '', '', '', 'C'),
(1674, 4, 207, '0000-00-00', '', '0000-00-00', 0, '', '', '', 'C'),
(1675, 4, 266, '0000-00-00', '', '0000-00-00', 0, '', '', '', 'C'),
(1676, 4, 497, '0000-00-00', '', '0000-00-00', 0, '', '', '', 'C'),
(1677, 4, 655, '0000-00-00', '', '0000-00-00', 0, '', '', '', 'C'),
(1678, 4, 496, '0000-00-00', '', '0000-00-00', 0, '', '', '', 'C'),
(1679, 4, 252, '0000-00-00', '', '0000-00-00', 0, '', '', '', 'C'),
(1680, 4, 85, '0000-00-00', '', '0000-00-00', 0, '', '', '', 'C'),
(1681, 4, 942, '0000-00-00', '', '0000-00-00', 0, '', '', '', 'C'),
(1682, 4, 1010, '0000-00-00', '', '0000-00-00', 0, '', '', '', 'C'),
(1683, 4, 1154, '0000-00-00', '', '0000-00-00', 0, '', '', '', 'C'),
(1684, 4, 1122, '0000-00-00', '', '0000-00-00', 0, '', '', '', 'C'),
(1685, 4, 1619, '0000-00-00', '', '0000-00-00', 0, '', '', '', 'C'),
(1686, 4, 1624, '0000-00-00', '', '0000-00-00', 0, '', '', '', 'C'),
(1687, 4, 1791, '0000-00-00', '', '0000-00-00', 0, '', '', '', 'C'),
(1688, 4, 1904, '0000-00-00', '', '0000-00-00', 0, '', '', '', 'C'),
(1689, 4, 836, '0000-00-00', '', '0000-00-00', 0, '', '', '', 'C'),
(1690, 4, 1620, '0000-00-00', '', '0000-00-00', 0, '', '', '', 'C'),
(1691, 4, 1263, '0000-00-00', '', '0000-00-00', 0, '', '', '', 'C'),
(1692, 4, 920, '0000-00-00', '', '0000-00-00', 0, '', '', '', 'C'),
(1693, 4, 2256, '0000-00-00', '', '0000-00-00', 0, '', '', '', 'C'),
(1694, 4, 861, '0000-00-00', '', '0000-00-00', 0, '', '', '', 'C'),
(1695, 4, 347, '0000-00-00', '', '0000-00-00', 0, '', '', '', 'C'),
(1696, 4, 2291, '0000-00-00', '', '0000-00-00', 0, '', '', '', 'C'),
(1697, 4, 1055, '0000-00-00', '', '0000-00-00', 0, '', '', '', 'C'),
(1698, 4, 1888, '0000-00-00', '', '0000-00-00', 0, '', '', '', 'C'),
(1699, 4, 279, '0000-00-00', '', '0000-00-00', 0, '', '', '', 'C'),
(1700, 4, 181, '0000-00-00', '', '0000-00-00', 0, '', '', '', 'C'),
(1701, 4, 1970, '0000-00-00', '', '0000-00-00', 0, '', '', '', 'C'),
(1702, 4, 143, '0000-00-00', '', '0000-00-00', 0, '', '', '', 'C'),
(1703, 4, 1, '0000-00-00', '', '0000-00-00', 0, '', '', '', 'C'),
(1704, 4, 1157, '0000-00-00', '', '0000-00-00', 0, '', '', '', 'C'),
(1705, 4, 2297, '0000-00-00', '', '0000-00-00', 0, '', '', '', 'C'),
(1706, 4, 1158, '0000-00-00', '', '0000-00-00', 0, '', '', '', 'C'),
(1707, 4, 22117, '0000-00-00', '', '0000-00-00', 0, '', '', '', 'C'),
(1708, 4, 1172, '0000-00-00', '', '0000-00-00', 0, '', '', '', 'C'),
(1709, 4, 1130, '0000-00-00', '', '0000-00-00', 0, '', '', '', 'C'),
(1710, 4, 631, '0000-00-00', '', '0000-00-00', 0, '', '', '', 'C'),
(1711, 4, 1193, '0000-00-00', '', '0000-00-00', 0, '', '', '', 'C'),
(1712, 4, 1849, '0000-00-00', '', '0000-00-00', 0, '', '', '', 'C'),
(1713, 4, 727, '0000-00-00', '', '0000-00-00', 0, '', '', '', 'C'),
(1714, 4, 1664, '0000-00-00', '', '0000-00-00', 0, '', '', '', 'C'),
(1715, 4, 1374, '0000-00-00', '', '0000-00-00', 0, '', '', '', 'C'),
(1716, 4, 2064, '0000-00-00', '', '0000-00-00', 0, '', '', '', 'C'),
(1717, 4, 284, '0000-00-00', '', '0000-00-00', 0, '', '', '', 'C'),
(1718, 4, 21, '0000-00-00', '', '0000-00-00', 0, '', '', '', 'C'),
(1719, 4, 928, '0000-00-00', '', '0000-00-00', 0, '', '', '', 'C'),
(1720, 4, 1520, '0000-00-00', '', '0000-00-00', 0, '', '', '', 'C'),
(1721, 4, 1652, '0000-00-00', '', '0000-00-00', 0, '', '', '', 'C'),
(1722, 4, 1223, '0000-00-00', '', '0000-00-00', 0, '', '', '', 'C'),
(1723, 4, 1495, '0000-00-00', '', '0000-00-00', 0, '', '', '', 'C'),
(1724, 4, 2319, '0000-00-00', '', '0000-00-00', 0, '', '', '', 'C'),
(1725, 4, 500, '0000-00-00', '', '0000-00-00', 0, '', '', '', 'C'),
(1726, 4, 386, '0000-00-00', '', '0000-00-00', 0, '', '', '', 'C'),
(1727, 4, 22130, '0000-00-00', '', '0000-00-00', 0, '', '', '', 'C'),
(1728, 4, 596, '0000-00-00', '', '0000-00-00', 0, '', '', '', 'C'),
(1729, 4, 491, '0000-00-00', '', '0000-00-00', 0, '', '', '', 'C'),
(1730, 4, 1812, '0000-00-00', '', '0000-00-00', 0, '', '', '', 'C'),
(1731, 4, 1305, '0000-00-00', '', '0000-00-00', 0, '', '', '', 'C'),
(1732, 4, 969, '0000-00-00', '', '0000-00-00', 0, '', '', '', 'C'),
(1733, 4, 1949, '0000-00-00', '', '0000-00-00', 0, '', '', '', 'C'),
(1734, 4, 994, '0000-00-00', '', '0000-00-00', 0, '', '', '', 'C'),
(1735, 4, 2207, '0000-00-00', '', '0000-00-00', 0, '', '', '', 'C'),
(1736, 4, 125, '0000-00-00', '', '0000-00-00', 0, '', '', '', 'C'),
(1737, 4, 647, '0000-00-00', '', '0000-00-00', 0, '', '', '', 'C'),
(1738, 4, 1423, '0000-00-00', '', '0000-00-00', 0, '', '', '', 'C'),
(1739, 4, 1112, '0000-00-00', '', '0000-00-00', 0, '', '', '', 'C'),
(1740, 4, 2205, '0000-00-00', '', '0000-00-00', 0, '', '', '', 'C'),
(1741, 4, 349, '0000-00-00', '', '0000-00-00', 0, '', '', '', 'C'),
(1742, 4, 1877, '0000-00-00', '', '0000-00-00', 0, '', '', '', 'C'),
(1743, 4, 187, '0000-00-00', '', '0000-00-00', 0, '', '', '', 'C'),
(1744, 4, 1792, '0000-00-00', '', '0000-00-00', 0, '', '', '', 'C'),
(1745, 4, 241, '0000-00-00', '', '0000-00-00', 0, '', '', '', 'C'),
(1746, 4, 1853, '0000-00-00', '', '0000-00-00', 0, '', '', '', 'C'),
(1747, 4, 1683, '0000-00-00', '', '0000-00-00', 0, '', '', '', 'C'),
(1748, 4, 840, '0000-00-00', '', '0000-00-00', 0, '', '', '', 'C'),
(1749, 4, 389, '0000-00-00', '', '0000-00-00', 0, '', '', '', 'C'),
(1750, 4, 199, '0000-00-00', '', '0000-00-00', 0, '', '', '', 'C'),
(1751, 4, 466, '0000-00-00', '', '0000-00-00', 0, '', '', '', 'C'),
(1752, 4, 2263, '0000-00-00', '', '0000-00-00', 0, '', '', '', 'C'),
(1753, 4, 2181, '0000-00-00', '', '0000-00-00', 0, '', '', '', 'C'),
(1754, 4, 1087, '0000-00-00', '', '0000-00-00', 0, '', '', '', 'C'),
(1755, 4, 444, '0000-00-00', '', '0000-00-00', 0, '', '', '', 'C'),
(1756, 4, 2165, '0000-00-00', '', '0000-00-00', 0, '', '', '', 'C'),
(1757, 4, 2272, '0000-00-00', '', '0000-00-00', 0, '', '', '', 'C'),
(1758, 4, 2036, '0000-00-00', '', '0000-00-00', 0, '', '', '', 'C'),
(1759, 4, 33, '0000-00-00', '', '0000-00-00', 0, '', '', '', 'C'),
(1760, 4, 400, '0000-00-00', '', '0000-00-00', 0, '', '', '', 'C'),
(1761, 4, 502, '0000-00-00', '', '0000-00-00', 0, '', '', '', 'C'),
(1762, 4, 2044, '0000-00-00', '', '0000-00-00', 0, '', '', '', 'C'),
(1763, 4, 1659, '0000-00-00', '', '0000-00-00', 0, '', '', '', 'C'),
(1764, 4, 1340, '0000-00-00', '', '0000-00-00', 0, '', '', '', 'C'),
(1765, 4, 1226, '0000-00-00', '', '0000-00-00', 0, '', '', '', 'C'),
(1766, 4, 1850, '0000-00-00', '', '0000-00-00', 0, '', '', '', 'C'),
(1767, 4, 1358, '0000-00-00', '', '0000-00-00', 0, '', '', '', 'C'),
(1768, 4, 2316, '0000-00-00', '', '0000-00-00', 0, '', '', '', 'C'),
(1769, 4, 1059, '0000-00-00', '', '0000-00-00', 0, '', '', '', 'C'),
(1770, 4, 616, '0000-00-00', '', '0000-00-00', 0, '', '', '', 'C'),
(1771, 4, 883, '0000-00-00', '', '0000-00-00', 0, '', '', '', 'C'),
(1772, 4, 1639, '0000-00-00', '', '0000-00-00', 0, '', '', '', 'C'),
(1773, 4, 802, '0000-00-00', '', '0000-00-00', 0, '', '', '', 'C'),
(1774, 4, 1657, '0000-00-00', '', '0000-00-00', 0, '', '', '', 'C'),
(1775, 4, 875, '0000-00-00', '', '0000-00-00', 0, '', '', '', 'C'),
(1776, 4, 705, '0000-00-00', '', '0000-00-00', 0, '', '', '', 'C'),
(1777, 4, 977, '0000-00-00', '', '0000-00-00', 0, '', '', '', 'C'),
(1778, 4, 1691, '0000-00-00', '', '0000-00-00', 0, '', '', '', 'C'),
(1779, 4, 703, '0000-00-00', '', '0000-00-00', 0, '', '', '', 'C'),
(1780, 4, 1809, '0000-00-00', '', '0000-00-00', 0, '', '', '', 'C'),
(1781, 4, 1935, '0000-00-00', '', '0000-00-00', 0, '', '', '', 'C'),
(1782, 4, 2311, '0000-00-00', '', '0000-00-00', 0, '', '', '', 'C'),
(1783, 4, 365, '0000-00-00', '', '0000-00-00', 0, '', '', '', 'C'),
(1784, 4, 2314, '0000-00-00', '', '0000-00-00', 0, '', '', '', 'C'),
(1785, 4, 2277, '0000-00-00', '', '0000-00-00', 0, '', '', '', 'C'),
(1786, 4, 469, '0000-00-00', '', '0000-00-00', 0, '', '', '', 'C'),
(1787, 4, 431, '0000-00-00', '', '0000-00-00', 0, '', '', '', 'C'),
(1788, 4, 67, '0000-00-00', '', '0000-00-00', 0, '', '', '', 'C'),
(1789, 4, 579, '0000-00-00', '', '0000-00-00', 0, '', '', '', 'C'),
(1790, 4, 1707, '0000-00-00', '', '0000-00-00', 0, '', '', '', 'C'),
(1791, 4, 1132, '0000-00-00', '', '0000-00-00', 0, '', '', '', 'C'),
(1792, 4, 588, '0000-00-00', '', '0000-00-00', 0, '', '', '', 'C'),
(1793, 4, 2339, '0000-00-00', '', '0000-00-00', 0, '', '', '', 'C'),
(1794, 4, 1264, '0000-00-00', '', '0000-00-00', 0, '', '', '', 'C'),
(1795, 4, 714, '0000-00-00', '', '0000-00-00', 0, '', '', '', 'C'),
(1796, 4, 2233, '0000-00-00', '', '0000-00-00', 0, '', '', '', 'C'),
(1797, 4, 15, '0000-00-00', '', '0000-00-00', 0, '', '', '', 'C'),
(1798, 4, 1012, '0000-00-00', '', '0000-00-00', 0, '', '', '', 'C'),
(1799, 4, 1594, '0000-00-00', '', '0000-00-00', 0, '', '', '', 'C'),
(1800, 4, 2301, '0000-00-00', '', '0000-00-00', 0, '', '', '', 'C'),
(1801, 4, 592, '0000-00-00', '', '0000-00-00', 0, '', '', '', 'C'),
(1802, 4, 1085, '0000-00-00', '', '0000-00-00', 0, '', '', '', 'C'),
(1803, 4, 1640, '0000-00-00', '', '0000-00-00', 0, '', '', '', 'C'),
(1804, 4, 1816, '0000-00-00', '', '0000-00-00', 0, '', '', '', 'C'),
(1805, 4, 370, '0000-00-00', '', '0000-00-00', 0, '', '', '', 'C'),
(1806, 4, 1494, '0000-00-00', '', '0000-00-00', 0, '', '', '', 'C'),
(1807, 4, 1929, '0000-00-00', '', '0000-00-00', 0, '', '', '', 'C'),
(1808, 4, 1675, '0000-00-00', '', '0000-00-00', 0, '', '', '', 'C'),
(1809, 4, 398, '0000-00-00', '', '0000-00-00', 0, '', '', '', 'C'),
(1810, 4, 166, '0000-00-00', '', '0000-00-00', 0, '', '', '', 'C'),
(1811, 4, 197, '0000-00-00', '', '0000-00-00', 0, '', '', '', 'C'),
(1812, 4, 2194, '0000-00-00', '', '0000-00-00', 0, '', '', '', 'C'),
(1813, 4, 240, '0000-00-00', '', '0000-00-00', 0, '', '', '', 'C'),
(1814, 4, 1865, '0000-00-00', '', '0000-00-00', 0, '', '', '', 'C'),
(1815, 4, 618, '0000-00-00', '', '0000-00-00', 0, '', '', '', 'C'),
(1816, 4, 1688, '0000-00-00', '', '0000-00-00', 0, '', '', '', 'C'),
(1817, 4, 189, '0000-00-00', '', '0000-00-00', 0, '', '', '', 'C'),
(1818, 4, 681, '0000-00-00', '', '0000-00-00', 0, '', '', '', 'C'),
(1819, 4, 1772, '0000-00-00', '', '0000-00-00', 0, '', '', '', 'C'),
(1820, 4, 1745, '0000-00-00', '', '0000-00-00', 0, '', '', '', 'C'),
(1821, 4, 2150, '0000-00-00', '', '0000-00-00', 0, '', '', '', 'C'),
(1822, 4, 2007, '0000-00-00', '', '0000-00-00', 0, '', '', '', 'C'),
(1823, 4, 2259, '0000-00-00', '', '0000-00-00', 0, '', '', '', 'C'),
(1824, 4, 1116, '0000-00-00', '', '0000-00-00', 0, '', '', '', 'C'),
(1825, 4, 860, '0000-00-00', '', '0000-00-00', 0, '', '', '', 'C'),
(1826, 4, 172, '0000-00-00', '', '0000-00-00', 0, '', '', '', 'C'),
(1827, 4, 2011, '0000-00-00', '', '0000-00-00', 0, '', '', '', 'C'),
(1828, 4, 645, '0000-00-00', '', '0000-00-00', 0, '', '', '', 'C'),
(1829, 4, 340, '0000-00-00', '', '0000-00-00', 0, '', '', '', 'C'),
(1830, 4, 1872, '0000-00-00', '', '0000-00-00', 0, '', '', '', 'C'),
(1831, 4, 1890, '0000-00-00', '', '0000-00-00', 0, '', '', '', 'C'),
(1832, 4, 893, '0000-00-00', '', '0000-00-00', 0, '', '', '', 'C'),
(1833, 4, 1981, '0000-00-00', '', '0000-00-00', 0, '', '', '', 'C'),
(1834, 4, 1275, '0000-00-00', '', '0000-00-00', 0, '', '', '', 'C'),
(1835, 4, 926, '0000-00-00', '', '0000-00-00', 0, '', '', '', 'C'),
(1836, 4, 1968, '0000-00-00', '', '0000-00-00', 0, '', '', '', 'C'),
(1837, 4, 1346, '0000-00-00', '', '0000-00-00', 0, '', '', '', 'C'),
(1838, 4, 492, '0000-00-00', '', '0000-00-00', 0, '', '', '', 'C'),
(1839, 4, 481, '0000-00-00', '', '0000-00-00', 0, '', '', '', 'C'),
(1840, 4, 1762, '0000-00-00', '', '0000-00-00', 0, '', '', '', 'C'),
(1841, 4, 1138, '0000-00-00', '', '0000-00-00', 0, '', '', '', 'C'),
(1842, 4, 2137, '0000-00-00', '', '0000-00-00', 0, '', '', '', 'C'),
(1843, 4, 619, '0000-00-00', '', '0000-00-00', 0, '', '', '', 'C'),
(1844, 4, 628, '0000-00-00', '', '0000-00-00', 0, '', '', '', 'C'),
(1845, 4, 476, '0000-00-00', '', '0000-00-00', 0, '', '', '', 'C'),
(1846, 4, 1057, '0000-00-00', '', '0000-00-00', 0, '', '', '', 'C'),
(1847, 4, 298, '0000-00-00', '', '0000-00-00', 0, '', '', '', 'C'),
(1848, 4, 2269, '0000-00-00', '', '0000-00-00', 0, '', '', '', 'C'),
(1849, 4, 866, '0000-00-00', '', '0000-00-00', 0, '', '', '', 'C'),
(1850, 4, 522, '0000-00-00', '', '0000-00-00', 0, '', '', '', 'C'),
(1851, 4, 2083, '0000-00-00', '', '0000-00-00', 0, '', '', '', 'C'),
(1852, 4, 64, '0000-00-00', '', '0000-00-00', 0, '', '', '', 'C'),
(1853, 4, 83, '0000-00-00', '', '0000-00-00', 0, '', '', '', 'C'),
(1854, 4, 1426, '0000-00-00', '', '0000-00-00', 0, '', '', '', 'C'),
(1855, 4, 2258, '0000-00-00', '', '0000-00-00', 0, '', '', '', 'C'),
(1856, 4, 757, '0000-00-00', '', '0000-00-00', 0, '', '', '', 'C'),
(1857, 4, 648, '0000-00-00', '', '0000-00-00', 0, '', '', '', 'C'),
(1858, 4, 195, '0000-00-00', '', '0000-00-00', 0, '', '', '', 'C'),
(1859, 4, 603, '0000-00-00', '', '0000-00-00', 0, '', '', '', 'C'),
(1860, 4, 2235, '0000-00-00', '', '0000-00-00', 0, '', '', '', 'C'),
(1861, 4, 2306, '0000-00-00', '', '0000-00-00', 0, '', '', '', 'C'),
(1862, 4, 527, '0000-00-00', '', '0000-00-00', 0, '', '', '', 'C'),
(1863, 4, 76, '0000-00-00', '', '0000-00-00', 0, '', '', '', 'C'),
(1864, 4, 627, '0000-00-00', '', '0000-00-00', 0, '', '', '', 'C'),
(1865, 4, 1396, '0000-00-00', '', '0000-00-00', 0, '', '', '', 'C'),
(1866, 4, 724, '0000-00-00', '', '0000-00-00', 0, '', '', '', 'C'),
(1867, 4, 1108, '0000-00-00', '', '0000-00-00', 0, '', '', '', 'C'),
(1868, 4, 2320, '0000-00-00', '', '0000-00-00', 0, '', '', '', 'C'),
(1869, 4, 735, '0000-00-00', '', '0000-00-00', 0, '', '', '', 'C'),
(1870, 4, 470, '0000-00-00', '', '0000-00-00', 0, '', '', '', 'C'),
(1871, 4, 2026, '0000-00-00', '', '0000-00-00', 0, '', '', '', 'C'),
(1872, 4, 535, '0000-00-00', '', '0000-00-00', 0, '', '', '', 'C'),
(1873, 4, 1378, '0000-00-00', '', '0000-00-00', 0, '', '', '', 'C'),
(1874, 4, 760, '0000-00-00', '', '0000-00-00', 0, '', '', '', 'C'),
(1875, 4, 2182, '0000-00-00', '', '0000-00-00', 0, '', '', '', 'C'),
(1876, 4, 2160, '0000-00-00', '', '0000-00-00', 0, '', '', '', 'C'),
(1877, 4, 835, '0000-00-00', '', '0000-00-00', 0, '', '', '', 'C'),
(1878, 4, 322, '0000-00-00', '', '0000-00-00', 0, '', '', '', 'C'),
(1879, 4, 1156, '0000-00-00', '', '0000-00-00', 0, '', '', '', 'C'),
(1880, 4, 1160, '0000-00-00', '', '0000-00-00', 0, '', '', '', 'C'),
(1881, 4, 630, '0000-00-00', '', '0000-00-00', 0, '', '', '', 'C'),
(1882, 4, 1626, '0000-00-00', '', '0000-00-00', 0, '', '', '', 'C'),
(1883, 4, 342, '0000-00-00', '', '0000-00-00', 0, '', '', '', 'C'),
(1884, 4, 528, '0000-00-00', '', '0000-00-00', 0, '', '', '', 'C'),
(2217, 6, 1060, '0000-00-00', '', '0000-00-00', 0, '', '', '', 'C'),
(2218, 6, 1459, '0000-00-00', '', '0000-00-00', 0, '', '', '', 'C'),
(2219, 6, 1392, '0000-00-00', '', '0000-00-00', 0, '', '', '', 'C'),
(2220, 6, 990, '0000-00-00', '', '0000-00-00', 0, '', '', '', 'C'),
(2221, 6, 666, '0000-00-00', '', '0000-00-00', 0, '', '', '', 'C'),
(2222, 6, 1548, '0000-00-00', '', '0000-00-00', 0, '', '', '', 'C'),
(2223, 6, 2230, '0000-00-00', '', '0000-00-00', 0, '', '', '', 'C'),
(2224, 6, 770, '0000-00-00', '', '0000-00-00', 0, '', '', '', 'C'),
(2225, 6, 2093, '0000-00-00', '', '0000-00-00', 0, '', '', '', 'C'),
(2226, 6, 2244, '0000-00-00', '', '0000-00-00', 0, '', '', '', 'C'),
(2227, 6, 1065, '0000-00-00', '', '0000-00-00', 0, '', '', '', 'C'),
(2228, 6, 426, '0000-00-00', '', '0000-00-00', 0, '', '', '', 'C'),
(2229, 6, 1607, '0000-00-00', '', '0000-00-00', 0, '', '', '', 'C'),
(2230, 6, 261, '0000-00-00', '', '0000-00-00', 0, '', '', '', 'C'),
(2231, 6, 1613, '0000-00-00', '', '0000-00-00', 0, '', '', '', 'C'),
(2232, 6, 278, '0000-00-00', '', '0000-00-00', 0, '', '', '', 'C'),
(2233, 6, 851, '0000-00-00', '', '0000-00-00', 0, '', '', '', 'C'),
(2234, 6, 1483, '0000-00-00', '', '0000-00-00', 0, '', '', '', 'C'),
(2235, 6, 1472, '0000-00-00', '', '0000-00-00', 0, '', '', '', 'C'),
(2236, 6, 1298, '0000-00-00', '', '0000-00-00', 0, '', '', '', 'C'),
(2237, 6, 1642, '0000-00-00', '', '0000-00-00', 0, '', '', '', 'C'),
(2238, 6, 888, '0000-00-00', '', '0000-00-00', 0, '', '', '', 'C'),
(2239, 6, 237, '0000-00-00', '', '0000-00-00', 0, '', '', '', 'C'),
(2240, 6, 1610, '0000-00-00', '', '0000-00-00', 0, '', '', '', 'C'),
(2241, 6, 1720, '0000-00-00', '', '0000-00-00', 0, '', '', '', 'C'),
(2242, 6, 2265, '0000-00-00', '', '0000-00-00', 0, '', '', '', 'C'),
(2243, 6, 1198, '0000-00-00', '', '0000-00-00', 0, '', '', '', 'C'),
(2244, 6, 2101, '0000-00-00', '', '0000-00-00', 0, '', '', '', 'C'),
(2245, 6, 1449, '0000-00-00', '', '0000-00-00', 0, '', '', '', 'C'),
(2246, 6, 319, '0000-00-00', '', '0000-00-00', 0, '', '', '', 'C'),
(2247, 6, 485, '0000-00-00', '', '0000-00-00', 0, '', '', '', 'C'),
(2248, 6, 1455, '0000-00-00', '', '0000-00-00', 0, '', '', '', 'C'),
(2249, 6, 1200, '0000-00-00', '', '0000-00-00', 0, '', '', '', 'C'),
(2250, 6, 869, '0000-00-00', '', '0000-00-00', 0, '', '', '', 'C'),
(2251, 6, 1166, '0000-00-00', '', '0000-00-00', 0, '', '', '', 'C'),
(2252, 6, 1407, '0000-00-00', '', '0000-00-00', 0, '', '', '', 'C'),
(2253, 6, 2125, '0000-00-00', '', '0000-00-00', 0, '', '', '', 'C'),
(2254, 6, 361, '0000-00-00', '', '0000-00-00', 0, '', '', '', 'C'),
(2255, 6, 1499, '0000-00-00', '', '0000-00-00', 0, '', '', '', 'C'),
(2256, 6, 1898, '0000-00-00', '', '0000-00-00', 0, '', '', '', 'C'),
(2257, 6, 1017, '0000-00-00', '', '0000-00-00', 0, '', '', '', 'C'),
(2258, 6, 1861, '0000-00-00', '', '0000-00-00', 0, '', '', '', 'C'),
(2259, 6, 306, '0000-00-00', '', '0000-00-00', 0, '', '', '', 'C'),
(2260, 6, 1020, '0000-00-00', '', '0000-00-00', 0, '', '', '', 'C'),
(2261, 6, 2053, '0000-00-00', '', '0000-00-00', 0, '', '', '', 'C'),
(2262, 6, 1596, '0000-00-00', '', '0000-00-00', 0, '', '', '', 'C'),
(2263, 6, 1580, '0000-00-00', '', '0000-00-00', 0, '', '', '', 'C'),
(2264, 6, 1399, '0000-00-00', '', '0000-00-00', 0, '', '', '', 'C'),
(2265, 6, 1322, '0000-00-00', '', '0000-00-00', 0, '', '', '', 'C'),
(2266, 6, 1579, '0000-00-00', '', '0000-00-00', 0, '', '', '', 'C'),
(2267, 6, 2214, '0000-00-00', '', '0000-00-00', 0, '', '', '', 'C'),
(2268, 6, 2163, '0000-00-00', '', '0000-00-00', 0, '', '', '', 'C'),
(2269, 6, 1357, '0000-00-00', '', '0000-00-00', 0, '', '', '', 'C'),
(2270, 6, 1541, '0000-00-00', '', '0000-00-00', 0, '', '', '', 'C'),
(2271, 6, 1199, '0000-00-00', '', '0000-00-00', 0, '', '', '', 'C'),
(2272, 6, 548, '0000-00-00', '', '0000-00-00', 0, '', '', '', 'C'),
(2273, 6, 1556, '0000-00-00', '', '0000-00-00', 0, '', '', '', 'C'),
(2274, 6, 331, '0000-00-00', '', '0000-00-00', 0, '', '', '', 'C'),
(2275, 6, 24, '0000-00-00', '', '0000-00-00', 0, '', '', '', 'C'),
(2276, 6, 1117, '0000-00-00', '', '0000-00-00', 0, '', '', '', 'C'),
(2277, 6, 554, '0000-00-00', '', '0000-00-00', 0, '', '', '', 'C'),
(2278, 6, 156, '0000-00-00', '', '0000-00-00', 0, '', '', '', 'C'),
(2279, 6, 128, '0000-00-00', '', '0000-00-00', 0, '', '', '', 'C'),
(2280, 6, 1770, '0000-00-00', '', '0000-00-00', 0, '', '', '', 'C'),
(2281, 6, 1188, '0000-00-00', '', '0000-00-00', 0, '', '', '', 'C'),
(2282, 6, 2236, '0000-00-00', '', '0000-00-00', 0, '', '', '', 'C'),
(2283, 6, 154, '0000-00-00', '', '0000-00-00', 0, '', '', '', 'C'),
(2284, 6, 1443, '0000-00-00', '', '0000-00-00', 0, '', '', '', 'C'),
(2285, 6, 1461, '0000-00-00', '', '0000-00-00', 0, '', '', '', 'C'),
(2286, 6, 378, '0000-00-00', '', '0000-00-00', 0, '', '', '', 'C'),
(2287, 6, 1446, '0000-00-00', '', '0000-00-00', 0, '', '', '', 'C'),
(2288, 6, 1732, '0000-00-00', '', '0000-00-00', 0, '', '', '', 'C'),
(2289, 6, 2276, '0000-00-00', '', '0000-00-00', 0, '', '', '', 'C'),
(2290, 6, 26, '0000-00-00', '', '0000-00-00', 0, '', '', '', 'C'),
(2291, 6, 637, '0000-00-00', '', '0000-00-00', 0, '', '', '', 'C'),
(2292, 6, 1341, '0000-00-00', '', '0000-00-00', 0, '', '', '', 'C'),
(2293, 6, 118, '0000-00-00', '', '0000-00-00', 0, '', '', '', 'C'),
(2294, 6, 1617, '0000-00-00', '', '0000-00-00', 0, '', '', '', 'C'),
(2295, 6, 1331, '0000-00-00', '', '0000-00-00', 0, '', '', '', 'C'),
(2296, 6, 1666, '0000-00-00', '', '0000-00-00', 0, '', '', '', 'C'),
(2297, 6, 22120, '0000-00-00', '', '0000-00-00', 0, '', '', '', 'C'),
(2298, 6, 545, '0000-00-00', '', '0000-00-00', 0, '', '', '', 'C'),
(2299, 6, 22128, '0000-00-00', '', '0000-00-00', 0, '', '', '', 'C'),
(2300, 6, 2328, '0000-00-00', '', '0000-00-00', 0, '', '', '', 'C'),
(2301, 6, 743, '0000-00-00', '', '0000-00-00', 0, '', '', '', 'C'),
(2302, 6, 1196, '0000-00-00', '', '0000-00-00', 0, '', '', '', 'C'),
(2303, 6, 1296, '0000-00-00', '', '0000-00-00', 0, '', '', '', 'C'),
(2304, 6, 852, '0000-00-00', '', '0000-00-00', 0, '', '', '', 'C'),
(2305, 6, 475, '0000-00-00', '', '0000-00-00', 0, '', '', '', 'C'),
(2306, 6, 1369, '0000-00-00', '', '0000-00-00', 0, '', '', '', 'C'),
(2307, 6, 2310, '0000-00-00', '', '0000-00-00', 0, '', '', '', 'C'),
(2308, 6, 1174, '0000-00-00', '', '0000-00-00', 0, '', '', '', 'C'),
(2309, 6, 1447, '0000-00-00', '', '0000-00-00', 0, '', '', '', 'C'),
(2310, 6, 2345, '0000-00-00', '', '0000-00-00', 0, '', '', '', 'C'),
(2311, 6, 1606, '0000-00-00', '', '0000-00-00', 0, '', '', '', 'C'),
(2312, 6, 1300, '0000-00-00', '', '0000-00-00', 0, '', '', '', 'C'),
(2313, 6, 1602, '0000-00-00', '', '0000-00-00', 0, '', '', '', 'C'),
(2314, 6, 1013, '0000-00-00', '', '0000-00-00', 0, '', '', '', 'C'),
(2315, 6, 425, '0000-00-00', '', '0000-00-00', 0, '', '', '', 'C'),
(2316, 6, 1922, '0000-00-00', '', '0000-00-00', 0, '', '', '', 'C'),
(2317, 6, 516, '0000-00-00', '', '0000-00-00', 0, '', '', '', 'C'),
(2318, 6, 341, '0000-00-00', '', '0000-00-00', 0, '', '', '', 'C'),
(2319, 6, 22121, '0000-00-00', '', '0000-00-00', 0, '', '', '', 'C'),
(2321, 6, 1517, '0000-00-00', '', '0000-00-00', 0, '', '', '', 'C'),
(2322, 6, 1320, '0000-00-00', '', '0000-00-00', 0, '', '', '', 'C'),
(2323, 6, 1301, '0000-00-00', '', '0000-00-00', 0, '', '', '', 'C'),
(2324, 6, 943, '0000-00-00', '', '0000-00-00', 0, '', '', '', 'C'),
(2325, 6, 1327, '0000-00-00', '', '0000-00-00', 0, '', '', '', 'C'),
(2326, 6, 1658, '0000-00-00', '', '0000-00-00', 0, '', '', '', 'C'),
(2327, 6, 1492, '0000-00-00', '', '0000-00-00', 0, '', '', '', 'C'),
(2328, 6, 2021, '0000-00-00', '', '0000-00-00', 0, '', '', '', 'C'),
(2329, 6, 2028, '0000-00-00', '', '0000-00-00', 0, '', '', '', 'C'),
(2330, 6, 165, '0000-00-00', '', '0000-00-00', 0, '', '', '', 'C'),
(2331, 6, 2227, '0000-00-00', '', '0000-00-00', 0, '', '', '', 'C'),
(2332, 6, 1324, '0000-00-00', '', '0000-00-00', 0, '', '', '', 'C'),
(2333, 6, 20, '0000-00-00', '', '0000-00-00', 0, '', '', '', 'C'),
(2334, 6, 80, '0000-00-00', '', '0000-00-00', 0, '', '', '', 'C'),
(2335, 6, 92, '0000-00-00', '', '0000-00-00', 0, '', '', '', 'C'),
(2336, 6, 698, '0000-00-00', '', '0000-00-00', 0, '', '', '', 'C'),
(2337, 6, 2180, '0000-00-00', '', '0000-00-00', 0, '', '', '', 'C'),
(2338, 6, 91, '0000-00-00', '', '0000-00-00', 0, '', '', '', 'C'),
(2339, 6, 1438, '0000-00-00', '', '0000-00-00', 0, '', '', '', 'C'),
(2340, 6, 7, '0000-00-00', '', '0000-00-00', 0, '', '', '', 'C'),
(2341, 6, 602, '0000-00-00', '', '0000-00-00', 0, '', '', '', 'C'),
(2342, 6, 2148, '0000-00-00', '', '0000-00-00', 0, '', '', '', 'C'),
(2343, 6, 2012, '0000-00-00', '', '0000-00-00', 0, '', '', '', 'C'),
(2344, 6, 235, '0000-00-00', '', '0000-00-00', 0, '', '', '', 'C'),
(2345, 6, 2010, '0000-00-00', '', '0000-00-00', 0, '', '', '', 'C'),
(2346, 6, 1914, '0000-00-00', '', '0000-00-00', 0, '', '', '', 'C'),
(2347, 6, 1566, '0000-00-00', '', '0000-00-00', 0, '', '', '', 'C'),
(2348, 6, 1527, '0000-00-00', '', '0000-00-00', 0, '', '', '', 'C'),
(2349, 6, 1022, '0000-00-00', '', '0000-00-00', 0, '', '', '', 'C'),
(2350, 6, 50, '0000-00-00', '', '0000-00-00', 0, '', '', '', 'C'),
(2351, 6, 1729, '0000-00-00', '', '0000-00-00', 0, '', '', '', 'C'),
(2352, 6, 1761, '0000-00-00', '', '0000-00-00', 0, '', '', '', 'C'),
(2353, 6, 2246, '0000-00-00', '', '0000-00-00', 0, '', '', '', 'C'),
(2354, 6, 1811, '0000-00-00', '', '0000-00-00', 0, '', '', '', 'C'),
(2355, 6, 320, '0000-00-00', '', '0000-00-00', 0, '', '', '', 'C'),
(2356, 6, 1611, '0000-00-00', '', '0000-00-00', 0, '', '', '', 'C'),
(2357, 6, 752, '0000-00-00', '', '0000-00-00', 0, '', '', '', 'C'),
(2358, 6, 1794, '0000-00-00', '', '0000-00-00', 0, '', '', '', 'C'),
(2359, 6, 1805, '0000-00-00', '', '0000-00-00', 0, '', '', '', 'C'),
(2360, 6, 490, '0000-00-00', '', '0000-00-00', 0, '', '', '', 'C'),
(2361, 6, 879, '0000-00-00', '', '0000-00-00', 0, '', '', '', 'C'),
(2362, 6, 1844, '0000-00-00', '', '0000-00-00', 0, '', '', '', 'C'),
(2363, 6, 450, '0000-00-00', '', '0000-00-00', 0, '', '', '', 'C'),
(2364, 6, 1654, '0000-00-00', '', '0000-00-00', 0, '', '', '', 'C'),
(2365, 6, 1326, '0000-00-00', '', '0000-00-00', 0, '', '', '', 'C'),
(2366, 6, 2162, '0000-00-00', '', '0000-00-00', 0, '', '', '', 'C'),
(2367, 6, 1778, '0000-00-00', '', '0000-00-00', 0, '', '', '', 'C'),
(2368, 6, 1376, '0000-00-00', '', '0000-00-00', 0, '', '', '', 'C'),
(2369, 6, 1807, '0000-00-00', '', '0000-00-00', 0, '', '', '', 'C'),
(2370, 6, 2077, '0000-00-00', '', '0000-00-00', 0, '', '', '', 'C'),
(2371, 6, 1648, '0000-00-00', '', '0000-00-00', 0, '', '', '', 'C'),
(2372, 6, 1845, '0000-00-00', '', '0000-00-00', 0, '', '', '', 'C'),
(2373, 6, 1161, '0000-00-00', '', '0000-00-00', 0, '', '', '', 'C'),
(2374, 6, 1431, '0000-00-00', '', '0000-00-00', 0, '', '', '', 'C'),
(2375, 6, 22116, '0000-00-00', '', '0000-00-00', 0, '', '', '', 'C'),
(2376, 6, 1942, '0000-00-00', '', '0000-00-00', 0, '', '', '', 'C'),
(2377, 6, 1144, '0000-00-00', '', '0000-00-00', 0, '', '', '', 'C'),
(2378, 6, 326, '0000-00-00', '', '0000-00-00', 0, '', '', '', 'C'),
(2379, 6, 22126, '0000-00-00', '', '0000-00-00', 0, '', '', '', 'C');
INSERT INTO `prrlist` (`prrlist_id`, `prr_id`, `employees_id`, `date_submitted`, `appraisal_type`, `date_appraised`, `numerical`, `adjectival`, `remarks`, `comments`, `stages`) VALUES
(2380, 6, 1222, '0000-00-00', '', '0000-00-00', 0, '', '', '', 'C'),
(2381, 6, 1875, '0000-00-00', '', '0000-00-00', 0, '', '', '', 'C'),
(2382, 6, 1355, '0000-00-00', '', '0000-00-00', 0, '', '', '', 'C'),
(2383, 6, 673, '0000-00-00', '', '0000-00-00', 0, '', '', '', 'C'),
(2384, 6, 778, '0000-00-00', '', '0000-00-00', 0, '', '', '', 'C'),
(2385, 6, 267, '0000-00-00', '', '0000-00-00', 0, '', '', '', 'C'),
(2386, 6, 2124, '0000-00-00', '', '0000-00-00', 0, '', '', '', 'C'),
(2387, 6, 1314, '0000-00-00', '', '0000-00-00', 0, '', '', '', 'C'),
(2388, 6, 465, '0000-00-00', '', '0000-00-00', 0, '', '', '', 'C'),
(2389, 6, 22127, '0000-00-00', '', '0000-00-00', 0, '', '', '', 'C'),
(2390, 6, 1689, '0000-00-00', '', '0000-00-00', 0, '', '', '', 'C'),
(2391, 6, 1906, '0000-00-00', '', '0000-00-00', 0, '', '', '', 'C'),
(2392, 6, 1966, '0000-00-00', '', '0000-00-00', 0, '', '', '', 'C'),
(2393, 6, 1526, '0000-00-00', '', '0000-00-00', 0, '', '', '', 'C'),
(2394, 6, 762, '0000-00-00', '', '0000-00-00', 0, '', '', '', 'C'),
(2395, 6, 646, '0000-00-00', '', '0000-00-00', 0, '', '', '', 'C'),
(2396, 6, 1712, '0000-00-00', '', '0000-00-00', 0, '', '', '', 'C'),
(2397, 6, 68, '0000-00-00', '', '0000-00-00', 0, '', '', '', 'C'),
(2398, 6, 2348, '0000-00-00', '', '0000-00-00', 0, '', '', '', 'C'),
(2399, 6, 1054, '0000-00-00', '', '0000-00-00', 0, '', '', '', 'C'),
(2400, 6, 1621, '0000-00-00', '', '0000-00-00', 0, '', '', '', 'C'),
(2401, 6, 399, '0000-00-00', '', '0000-00-00', 0, '', '', '', 'C'),
(2402, 6, 1916, '0000-00-00', '', '0000-00-00', 0, '', '', '', 'C'),
(2403, 6, 1233, '0000-00-00', '', '0000-00-00', 0, '', '', '', 'C'),
(2404, 6, 1131, '0000-00-00', '', '0000-00-00', 0, '', '', '', 'C'),
(2405, 6, 1629, '0000-00-00', '', '0000-00-00', 0, '', '', '', 'C'),
(2406, 6, 1686, '0000-00-00', '', '0000-00-00', 0, '', '', '', 'C'),
(2407, 6, 2049, '0000-00-00', '', '0000-00-00', 0, '', '', '', 'C'),
(2408, 6, 1796, '0000-00-00', '', '0000-00-00', 0, '', '', '', 'C'),
(2409, 6, 2172, '0000-00-00', '', '0000-00-00', 0, '', '', '', 'C'),
(2410, 6, 2025, '0000-00-00', '', '0000-00-00', 0, '', '', '', 'C'),
(2411, 6, 2035, '0000-00-00', '', '0000-00-00', 0, '', '', '', 'C'),
(2412, 6, 37, '0000-00-00', '', '0000-00-00', 0, '', '', '', 'C'),
(2413, 6, 221, '0000-00-00', '', '0000-00-00', 0, '', '', '', 'C'),
(2414, 6, 2313, '0000-00-00', '', '0000-00-00', 0, '', '', '', 'C'),
(2415, 6, 2145, '0000-00-00', '', '0000-00-00', 0, '', '', '', 'C'),
(2416, 6, 634, '0000-00-00', '', '0000-00-00', 0, '', '', '', 'C'),
(2417, 6, 1980, '0000-00-00', '', '0000-00-00', 0, '', '', '', 'C'),
(2418, 6, 47, '0000-00-00', '', '0000-00-00', 0, '', '', '', 'C'),
(2419, 6, 972, '0000-00-00', '', '0000-00-00', 0, '', '', '', 'C'),
(2420, 6, 1091, '0000-00-00', '', '0000-00-00', 0, '', '', '', 'C'),
(2421, 6, 737, '0000-00-00', '', '0000-00-00', 0, '', '', '', 'C'),
(2422, 6, 22124, '0000-00-00', '', '0000-00-00', 0, '', '', '', 'C'),
(2423, 6, 768, '0000-00-00', '', '0000-00-00', 0, '', '', '', 'C'),
(2424, 6, 895, '0000-00-00', '', '0000-00-00', 0, '', '', '', 'C'),
(2425, 6, 269, '0000-00-00', '', '0000-00-00', 0, '', '', '', 'C'),
(2426, 6, 1781, '0000-00-00', '', '0000-00-00', 0, '', '', '', 'C'),
(2427, 6, 22123, '0000-00-00', '', '0000-00-00', 0, '', '', '', 'C'),
(2428, 6, 1800, '0000-00-00', '', '0000-00-00', 0, '', '', '', 'C'),
(2429, 6, 604, '0000-00-00', '', '0000-00-00', 0, '', '', '', 'C'),
(2430, 6, 531, '0000-00-00', '', '0000-00-00', 0, '', '', '', 'C'),
(2431, 6, 90, '0000-00-00', '', '0000-00-00', 0, '', '', '', 'C'),
(2432, 6, 766, '0000-00-00', '', '0000-00-00', 0, '', '', '', 'C'),
(2433, 6, 74, '0000-00-00', '', '0000-00-00', 0, '', '', '', 'C'),
(2434, 6, 1434, '0000-00-00', '', '0000-00-00', 0, '', '', '', 'C'),
(2435, 6, 715, '0000-00-00', '', '0000-00-00', 0, '', '', '', 'C'),
(2436, 6, 202, '0000-00-00', '', '0000-00-00', 0, '', '', '', 'C'),
(2437, 6, 1857, '0000-00-00', '', '0000-00-00', 0, '', '', '', 'C'),
(2438, 6, 467, '0000-00-00', '', '0000-00-00', 0, '', '', '', 'C'),
(2439, 6, 1991, '0000-00-00', '', '0000-00-00', 0, '', '', '', 'C'),
(2440, 6, 1967, '0000-00-00', '', '0000-00-00', 0, '', '', '', 'C'),
(2441, 6, 1978, '0000-00-00', '', '0000-00-00', 0, '', '', '', 'C'),
(2442, 6, 864, '0000-00-00', '', '0000-00-00', 0, '', '', '', 'C'),
(2443, 6, 1990, '0000-00-00', '', '0000-00-00', 0, '', '', '', 'C'),
(2444, 6, 2135, '0000-00-00', '', '0000-00-00', 0, '', '', '', 'C'),
(2445, 6, 498, '0000-00-00', '', '0000-00-00', 0, '', '', '', 'C'),
(2446, 6, 1952, '0000-00-00', '', '0000-00-00', 0, '', '', '', 'C'),
(2447, 6, 22119, '0000-00-00', '', '0000-00-00', 0, '', '', '', 'C'),
(2448, 6, 834, '0000-00-00', '', '0000-00-00', 0, '', '', '', 'C'),
(2449, 6, 2067, '0000-00-00', '', '0000-00-00', 0, '', '', '', 'C'),
(2450, 6, 1044, '0000-00-00', '', '0000-00-00', 0, '', '', '', 'C'),
(2451, 6, 536, '0000-00-00', '', '0000-00-00', 0, '', '', '', 'C'),
(2452, 6, 1271, '0000-00-00', '', '0000-00-00', 0, '', '', '', 'C'),
(2453, 6, 587, '0000-00-00', '', '0000-00-00', 0, '', '', '', 'C'),
(2454, 6, 1899, '0000-00-00', '', '0000-00-00', 0, '', '', '', 'C'),
(2455, 6, 75, '0000-00-00', '', '0000-00-00', 0, '', '', '', 'C'),
(2456, 6, 995, '0000-00-00', '', '0000-00-00', 0, '', '', '', 'C'),
(2457, 6, 437, '0000-00-00', '', '0000-00-00', 0, '', '', '', 'C'),
(2458, 6, 1089, '0000-00-00', '', '0000-00-00', 0, '', '', '', 'C'),
(2459, 6, 1180, '0000-00-00', '', '0000-00-00', 0, '', '', '', 'C'),
(2460, 6, 69, '0000-00-00', '', '0000-00-00', 0, '', '', '', 'C'),
(2461, 6, 456, '0000-00-00', '', '0000-00-00', 0, '', '', '', 'C'),
(2462, 6, 2304, '0000-00-00', '', '0000-00-00', 0, '', '', '', 'C'),
(2463, 6, 2206, '0000-00-00', '', '0000-00-00', 0, '', '', '', 'C'),
(2464, 6, 1963, '0000-00-00', '', '0000-00-00', 0, '', '', '', 'C'),
(2465, 6, 593, '0000-00-00', '', '0000-00-00', 0, '', '', '', 'C'),
(2466, 6, 1315, '0000-00-00', '', '0000-00-00', 0, '', '', '', 'C'),
(2467, 6, 1113, '0000-00-00', '', '0000-00-00', 0, '', '', '', 'C'),
(2468, 6, 1672, '0000-00-00', '', '0000-00-00', 0, '', '', '', 'C'),
(2469, 6, 99, '0000-00-00', '', '0000-00-00', 0, '', '', '', 'C'),
(2470, 6, 2282, '0000-00-00', '', '0000-00-00', 0, '', '', '', 'C'),
(2471, 6, 419, '0000-00-00', '', '0000-00-00', 0, '', '', '', 'C'),
(2472, 6, 728, '0000-00-00', '', '0000-00-00', 0, '', '', '', 'C'),
(2473, 6, 1058, '0000-00-00', '', '0000-00-00', 0, '', '', '', 'C'),
(2474, 6, 151, '0000-00-00', '', '0000-00-00', 0, '', '', '', 'C'),
(2475, 6, 110, '0000-00-00', '', '0000-00-00', 0, '', '', '', 'C'),
(2476, 6, 847, '0000-00-00', '', '0000-00-00', 0, '', '', '', 'C'),
(2477, 6, 1852, '0000-00-00', '', '0000-00-00', 0, '', '', '', 'C'),
(2478, 6, 694, '0000-00-00', '', '0000-00-00', 0, '', '', '', 'C'),
(2479, 6, 460, '0000-00-00', '', '0000-00-00', 0, '', '', '', 'C'),
(2480, 6, 2155, '0000-00-00', '', '0000-00-00', 0, '', '', '', 'C'),
(2481, 6, 424, '0000-00-00', '', '0000-00-00', 0, '', '', '', 'C'),
(2482, 6, 1345, '0000-00-00', '', '0000-00-00', 0, '', '', '', 'C'),
(2483, 6, 184, '0000-00-00', '', '0000-00-00', 0, '', '', '', 'C'),
(2484, 6, 292, '0000-00-00', '', '0000-00-00', 0, '', '', '', 'C'),
(2485, 6, 2232, '0000-00-00', '', '0000-00-00', 0, '', '', '', 'C'),
(2486, 6, 1717, '0000-00-00', '', '0000-00-00', 0, '', '', '', 'C'),
(2487, 6, 996, '0000-00-00', '', '0000-00-00', 0, '', '', '', 'C'),
(2488, 6, 767, '0000-00-00', '', '0000-00-00', 0, '', '', '', 'C'),
(2489, 6, 2079, '0000-00-00', '', '0000-00-00', 0, '', '', '', 'C'),
(2490, 6, 2234, '0000-00-00', '', '0000-00-00', 0, '', '', '', 'C'),
(2491, 6, 982, '0000-00-00', '', '0000-00-00', 0, '', '', '', 'C'),
(2492, 6, 1833, '0000-00-00', '', '0000-00-00', 0, '', '', '', 'C'),
(2493, 6, 1141, '0000-00-00', '', '0000-00-00', 0, '', '', '', 'C'),
(2494, 6, 2295, '0000-00-00', '', '0000-00-00', 0, '', '', '', 'C'),
(2495, 6, 1137, '0000-00-00', '', '0000-00-00', 0, '', '', '', 'C'),
(2496, 6, 173, '0000-00-00', '', '0000-00-00', 0, '', '', '', 'C'),
(2497, 6, 1641, '0000-00-00', '', '0000-00-00', 0, '', '', '', 'C'),
(2498, 6, 1143, '0000-00-00', '', '0000-00-00', 0, '', '', '', 'C'),
(2499, 6, 2068, '0000-00-00', '', '0000-00-00', 0, '', '', '', 'C'),
(2500, 6, 2309, '0000-00-00', '', '0000-00-00', 0, '', '', '', 'C'),
(2501, 6, 1842, '0000-00-00', '', '0000-00-00', 0, '', '', '', 'C'),
(2502, 6, 249, '0000-00-00', '', '0000-00-00', 0, '', '', '', 'C'),
(2503, 6, 1496, '0000-00-00', '', '0000-00-00', 0, '', '', '', 'C'),
(2504, 6, 529, '0000-00-00', '', '0000-00-00', 0, '', '', '', 'C'),
(2505, 6, 198, '0000-00-00', '', '0000-00-00', 0, '', '', '', 'C'),
(2506, 6, 2264, '0000-00-00', '', '0000-00-00', 0, '', '', '', 'C'),
(2507, 6, 1695, '0000-00-00', '', '0000-00-00', 0, '', '', '', 'C'),
(2508, 6, 22125, '0000-00-00', '', '0000-00-00', 0, '', '', '', 'C'),
(2509, 6, 22131, '0000-00-00', '', '0000-00-00', 0, '', '', '', 'C'),
(2510, 6, 1941, '0000-00-00', '', '0000-00-00', 0, '', '', '', 'C'),
(2511, 6, 731, '0000-00-00', '', '0000-00-00', 0, '', '', '', 'C'),
(2512, 6, 1073, '0000-00-00', '', '0000-00-00', 0, '', '', '', 'C'),
(2513, 6, 2223, '0000-00-00', '', '0000-00-00', 0, '', '', '', 'C'),
(2514, 6, 1924, '0000-00-00', '', '0000-00-00', 0, '', '', '', 'C'),
(2515, 6, 1746, '0000-00-00', '', '0000-00-00', 0, '', '', '', 'C'),
(2516, 6, 993, '0000-00-00', '', '0000-00-00', 0, '', '', '', 'C'),
(2517, 6, 755, '0000-00-00', '', '0000-00-00', 0, '', '', '', 'C'),
(2518, 6, 353, '0000-00-00', '', '0000-00-00', 0, '', '', '', 'C'),
(2519, 6, 22122, '0000-00-00', '', '0000-00-00', 0, '', '', '', 'C'),
(2520, 6, 814, '0000-00-00', '', '0000-00-00', 0, '', '', '', 'C'),
(2521, 6, 164, '0000-00-00', '', '0000-00-00', 0, '', '', '', 'C'),
(2522, 6, 1493, '0000-00-00', '', '0000-00-00', 0, '', '', '', 'C'),
(2523, 6, 253, '0000-00-00', '', '0000-00-00', 0, '', '', '', 'C'),
(2524, 6, 22118, '0000-00-00', '', '0000-00-00', 0, '', '', '', 'C'),
(2525, 6, 1685, '0000-00-00', '', '0000-00-00', 0, '', '', '', 'C'),
(2526, 6, 1291, '0000-00-00', '', '0000-00-00', 0, '', '', '', 'C'),
(2527, 6, 256, '0000-00-00', '', '0000-00-00', 0, '', '', '', 'C'),
(2528, 6, 1859, '0000-00-00', '', '0000-00-00', 0, '', '', '', 'C'),
(2529, 6, 1788, '0000-00-00', '', '0000-00-00', 0, '', '', '', 'C'),
(2530, 6, 1997, '0000-00-00', '', '0000-00-00', 0, '', '', '', 'C'),
(2531, 6, 838, '0000-00-00', '', '0000-00-00', 0, '', '', '', 'C'),
(2532, 6, 1822, '0000-00-00', '', '0000-00-00', 0, '', '', '', 'C'),
(2533, 6, 530, '0000-00-00', '', '0000-00-00', 0, '', '', '', 'C'),
(2534, 6, 1115, '0000-00-00', '', '0000-00-00', 0, '', '', '', 'C'),
(2535, 6, 2065, '0000-00-00', '', '0000-00-00', 0, '', '', '', 'C'),
(2536, 6, 898, '0000-00-00', '', '0000-00-00', 0, '', '', '', 'C'),
(2537, 6, 402, '0000-00-00', '', '0000-00-00', 0, '', '', '', 'C'),
(2538, 6, 38, '0000-00-00', '', '0000-00-00', 0, '', '', '', 'C'),
(2539, 6, 2136, '0000-00-00', '', '0000-00-00', 0, '', '', '', 'C'),
(2540, 6, 1422, '0000-00-00', '', '0000-00-00', 0, '', '', '', 'C'),
(2541, 6, 965, '0000-00-00', '', '0000-00-00', 0, '', '', '', 'C'),
(2542, 6, 706, '0000-00-00', '', '0000-00-00', 0, '', '', '', 'C'),
(2543, 6, 774, '0000-00-00', '', '0000-00-00', 0, '', '', '', 'C'),
(2544, 6, 1994, '0000-00-00', '', '0000-00-00', 0, '', '', '', 'C'),
(2545, 6, 1892, '0000-00-00', '', '0000-00-00', 0, '', '', '', 'C'),
(2546, 6, 519, '0000-00-00', '', '0000-00-00', 0, '', '', '', 'C'),
(2547, 6, 716, '0000-00-00', '', '0000-00-00', 0, '', '', '', 'C'),
(2548, 6, 12, '0000-00-00', '', '0000-00-00', 0, '', '', '', 'C'),
(2549, 6, 1, '0000-00-00', '', '0000-00-00', 0, '', '', '', 'C'),
(2550, 7, 21828, '2019-07-18', '', '0000-00-00', 0, '', '', 'Needs to familiarize more on reviewing barangay budget.  Training and seminars is recommended for the said matter.', 'Y'),
(2551, 7, 1414, '0000-00-00', '', '0000-00-00', 0, '', '', '', 'C'),
(2552, 7, 2174, '0000-00-00', '', '0000-00-00', 0, '', '', '', 'C'),
(2553, 7, 702, '0000-00-00', '', '0000-00-00', 0, '', '', '', 'C'),
(2554, 7, 882, '0000-00-00', '', '0000-00-00', 0, '', '', '', 'C'),
(2555, 7, 2177, '0000-00-00', '', '0000-00-00', 0, '', '', '', 'C'),
(2556, 7, 1359, '2019-07-22', '', '0000-00-00', 0, '', '', 'Dependable as always.', 'Y'),
(2557, 7, 1416, '0000-00-00', '', '0000-00-00', 0, '', '', '', 'C'),
(2558, 7, 790, '2019-07-22', '', '0000-00-00', 0, '', '', 'You have been consistent in accomplishing your functions every semester.  Job well done and keep it up.', 'Y'),
(2559, 7, 2168, '2019-07-22', '', '0000-00-00', 0, '', '', 'Recommended for training regarding supplies and inventory.', 'Y'),
(2560, 7, 2110, '0000-00-00', '', '0000-00-00', 0, '', '', '', 'C'),
(2561, 7, 324, '2019-07-22', '', '0000-00-00', 0, '', '', '', 'C'),
(2562, 7, 1458, '2019-07-19', '', '0000-00-00', 0, '', '', 'More training on Assessment Skills Enhancement and update on new BLGF rulings.', 'Y'),
(2563, 7, 2094, '0000-00-00', '', '0000-00-00', 0, '', '', '', 'C'),
(2564, 7, 1417, '0000-00-00', '', '0000-00-00', 0, '', '', '', 'C'),
(2565, 7, 1630, '2019-07-19', '', '0000-00-00', 0, '', '', 'Development training programs relative to each employees work assignment is necessary and highly recommended especially on supply and property management as well as service training skills that will enhance services.', 'C'),
(2566, 7, 2157, '0000-00-00', '', '0000-00-00', 0, '', '', '', 'C'),
(2567, 7, 2198, '0000-00-00', '', '0000-00-00', 0, '', '', '', 'C'),
(2568, 7, 1410, '2019-07-19', '', '0000-00-00', 0, '', '', 'Reliable on the job assigned.  Recommended to attend trainings on financial management.', 'Y'),
(2569, 7, 1402, '0000-00-00', '', '0000-00-00', 0, '', '', '', 'C'),
(2570, 7, 1163, '0000-00-00', '', '0000-00-00', 0, '', '', '', 'C'),
(2571, 7, 1665, '2019-07-26', '', '0000-00-00', 0, '', '', '', 'Y'),
(2572, 7, 183, '0000-00-00', '', '0000-00-00', 0, '', '', '', 'C'),
(2573, 7, 1937, '0000-00-00', '', '0000-00-00', 0, '', '', '', 'C'),
(2574, 7, 576, '0000-00-00', '', '0000-00-00', 0, '', '', '', 'C'),
(2575, 7, 1462, '0000-00-00', '', '0000-00-00', 0, '', '', '', 'C'),
(2576, 7, 1260, '0000-00-00', '', '0000-00-00', 0, '', '', '', 'C'),
(2577, 7, 1605, '0000-00-00', '', '0000-00-00', 0, '', '', '', 'C'),
(2578, 7, 1543, '2019-07-19', '', '0000-00-00', 0, '', '', 'A well organized person.  Recommended to attend trainings on Enhanced Records Management.', 'Y'),
(2579, 7, 1557, '0000-00-00', '', '0000-00-00', 0, '', '', '', 'C'),
(2580, 7, 804, '0000-00-00', '', '0000-00-00', 0, '', '', '', 'C'),
(2581, 7, 23, '2019-07-29', '', '0000-00-00', 0, '', '', '', 'C'),
(2582, 7, 2290, '2019-07-29', '', '0000-00-00', 0, '', '', '', 'C'),
(2583, 7, 656, '0000-00-00', '', '0000-00-00', 0, '', '', '', 'C'),
(2584, 7, 761, '2019-07-19', '', '0000-00-00', 0, '', '', 'Timely and relevant support and cooperation of all stakeholders made the assigned task accomplished with dispatch for clients entire satisfaction.', 'Y'),
(2585, 7, 1562, '2019-07-19', '', '0000-00-00', 0, '', '', 'More commitment and focus.', 'Y'),
(2586, 7, 22132, '0000-00-00', '', '0000-00-00', 0, '', '', '', 'C'),
(2587, 7, 1555, '0000-00-00', '', '0000-00-00', 0, '', '', '', 'C'),
(2588, 7, 693, '0000-00-00', '', '0000-00-00', 0, '', '', '', 'C'),
(2589, 7, 22115, '2019-07-22', '', '0000-00-00', 0, '', '', 'Has improved in her performance and always willing to accept additional work anytime.', 'Y'),
(2590, 7, 1897, '2019-07-22', '', '0000-00-00', 0, '', '', 'Despite of you heavy work load you still accomplished you job accurately and on time.  You have taken your job seriously and passionately.  Congratulations.', 'Y'),
(2591, 7, 1126, '2019-07-18', '', '0000-00-00', 0, '', '', 'Needs to familiarize on other office related work.  Minimize leave and tardiness.', 'Y'),
(2592, 7, 383, '0000-00-00', '', '0000-00-00', 0, '', '', '', 'C'),
(2593, 7, 86, '2019-07-22', '', '0000-00-00', 0, '', '', 'Recommended for training regarding supplies and inventory.', 'Y'),
(2594, 7, 2185, '2019-07-22', '', '0000-00-00', 0, '', '', 'Able to establish good relationship with the whole staff of department and attentive to clients needs.', 'Y'),
(2595, 7, 482, '0000-00-00', '', '0000-00-00', 0, '', '', '', 'C'),
(2596, 7, 272, '0000-00-00', '', '0000-00-00', 0, '', '', '', 'C'),
(2597, 7, 2222, '0000-00-00', '', '0000-00-00', 0, '', '', '', 'C'),
(2598, 7, 1608, '0000-00-00', '', '0000-00-00', 0, '', '', '', 'C'),
(2599, 7, 1718, '0000-00-00', '', '0000-00-00', 0, '', '', '', 'C'),
(2600, 7, 1565, '0000-00-00', '', '0000-00-00', 0, '', '', '', 'C'),
(2601, 7, 1201, '2019-07-29', '', '0000-00-00', 0, '', '', '', 'C'),
(2602, 7, 345, '0000-00-00', '', '0000-00-00', 0, '', '', '', 'C'),
(2603, 7, 957, '0000-00-00', '', '0000-00-00', 0, '', '', '', 'C'),
(2604, 7, 539, '0000-00-00', '', '0000-00-00', 0, '', '', '', 'C'),
(2605, 7, 1604, '0000-00-00', '', '0000-00-00', 0, '', '', '', 'C'),
(2606, 7, 2224, '0000-00-00', '', '0000-00-00', 0, '', '', '', 'C'),
(2607, 7, 949, '0000-00-00', '', '0000-00-00', 0, '', '', '', 'C'),
(2608, 7, 1445, '0000-00-00', '', '0000-00-00', 0, '', '', '', 'C'),
(2609, 7, 1936, '2019-07-18', '', '0000-00-00', 0, '', '', 'Check and Review the Barangay Resolution and budget thoroughly.', 'Y'),
(2610, 7, 1413, '2019-07-22', '', '0000-00-00', 0, '', '', '', 'C'),
(2611, 7, 427, '0000-00-00', '', '0000-00-00', 0, '', '', '', 'C'),
(2612, 7, 274, '0000-00-00', '', '0000-00-00', 0, '', '', '', 'C'),
(2613, 7, 1398, '0219-07-23', '', '0000-00-00', 0, '', '', 'The employee is capable of doing her task with less supervision.  She can handle taxpayers well.', 'Y'),
(2614, 7, 1215, '2019-07-22', '', '0000-00-00', 0, '', '', 'Related training/seminars is recommended.', 'C'),
(2615, 7, 1412, '0000-00-00', '', '0000-00-00', 0, '', '', '', 'C'),
(2616, 7, 1452, '0000-00-00', '', '0000-00-00', 0, '', '', '', 'C'),
(2617, 7, 988, '0000-00-00', '', '0000-00-00', 0, '', '', '', 'C'),
(2618, 7, 357, '2019-07-19', '', '0000-00-00', 0, '', '', 'More trainings on Assessment Skills Enhancement and update on new BLGF rulings.', 'Y'),
(2619, 7, 2171, '0000-00-00', '', '0000-00-00', 0, '', '', '', 'C'),
(2620, 7, 2164, '2019-07-19', '', '0000-00-00', 0, '', '', 'Training to enhance computer literacy', 'Y'),
(2621, 7, 2327, '0000-00-00', '', '0000-00-00', 0, '', '', '', 'C'),
(2622, 7, 590, '0000-00-00', '', '0000-00-00', 0, '', '', '', 'C'),
(2623, 7, 1474, '0000-00-00', '', '0000-00-00', 0, '', '', '', 'C'),
(2624, 7, 304, '0000-00-00', '', '0000-00-00', 0, '', '', '', 'C'),
(2625, 7, 1577, '0000-00-00', '', '0000-00-00', 0, '', '', '', 'C'),
(2626, 7, 144, '0000-00-00', '', '0000-00-00', 0, '', '', '', 'C'),
(2627, 7, 1253, '0000-00-00', '', '0000-00-00', 0, '', '', '', 'C'),
(2628, 7, 2343, '2019-07-22', '', '0000-00-00', 0, '', '', 'To attend trainings on supervisory skills.', 'Y'),
(2629, 7, 2203, '0000-00-00', '', '0000-00-00', 0, '', '', '', 'C'),
(2630, 7, 819, '2019-07-19', '', '0000-00-00', 0, '', '', 'Dependable.  Works with accuracy and less supervision.  Recommended to attend training on update of government budgeting.', 'Y'),
(2631, 7, 1281, '2019-07-19', '', '0000-00-00', 0, '', '', 'Further immersions and involvement can enhance productivity and clients satisfaction.', 'Y'),
(2632, 7, 953, '0000-00-00', '', '0000-00-00', 0, '', '', '', 'C'),
(2633, 7, 1347, '0000-00-00', '', '0000-00-00', 0, '', '', '', 'C'),
(2634, 7, 1625, '0000-00-00', '', '0000-00-00', 0, '', '', '', 'C'),
(2635, 7, 2307, '2019-07-29', '', '0000-00-00', 0, '', '', '', 'C'),
(2636, 7, 2275, '0000-00-00', '', '0000-00-00', 0, '', '', '', 'C'),
(2637, 7, 669, '0000-00-00', '', '0000-00-00', 0, '', '', '', 'C'),
(2638, 7, 935, '2019-07-22', '', '0000-00-00', 0, '', '', 'Very focused and particular with her targets and accomplishments.', 'Y'),
(2639, 7, 1164, '0000-00-00', '', '0000-00-00', 0, '', '', '', 'C'),
(2640, 7, 1207, '0000-00-00', '', '0000-00-00', 0, '', '', '', 'C'),
(2641, 7, 2054, '0000-00-00', '', '0000-00-00', 0, '', '', '', 'C'),
(2642, 7, 1488, '0000-00-00', '', '0000-00-00', 0, '', '', '', 'C'),
(2643, 7, 2197, '0000-00-00', '', '0000-00-00', 0, '', '', '', 'C'),
(2644, 7, 364, '2019-07-29', '', '0000-00-00', 0, '', '', '', 'C'),
(2645, 7, 1448, '0000-00-00', '', '0000-00-00', 0, '', '', '', 'C'),
(2646, 7, 2169, '0000-00-00', '', '0000-00-00', 0, '', '', '', 'C'),
(2647, 7, 1169, '0000-00-00', '', '0000-00-00', 0, '', '', '', 'C'),
(2648, 7, 1668, '2019-07-19', '', '0000-00-00', 0, '', '', 'More training on Assessment Skills Enhancement & Update on new BLGF rulings.', 'C'),
(2649, 7, 873, '2019-07-19', '', '0000-00-00', 0, '', '', '*  Attend more LGU activities\n*  Minimize use of social media for promotion and community engagement\n*  Closely monitor tourism enterprise', 'Y'),
(2650, 7, 608, '2019-07-22', '', '0000-00-00', 0, '', '', 'You are doing well in accomplishing your job.  However this one major function, sorting of vouchers, seems not favorable to you ever since.  I recommend you read articles about \"enjoying a job through you don\'t like it\" to improve this and somehow give you interest in accomplishing the said task.  Please also attend programs and activities conducted by the LGU to show support to the city.', 'Y'),
(2651, 7, 1382, '0000-00-00', '', '0000-00-00', 0, '', '', '', 'C'),
(2652, 7, 546, '0000-00-00', '', '0000-00-00', 0, '', '', '', 'C'),
(2653, 7, 2252, '2019-07-19', '', '0000-00-00', 0, '', '', 'Development in Training and Seminar on Customer Service.', 'C'),
(2654, 7, 1603, '2019-08-01', '', '0000-00-00', 0, '', '', 'Recommended to attend legislative training and seminar for the formulation of ordinances and resolution.', 'Y'),
(2655, 7, 2134, '0000-00-00', '', '0000-00-00', 0, '', '', '', 'C'),
(2656, 7, 2184, '2019-07-19', '', '0000-00-00', 0, '', '', '', 'C'),
(2657, 7, 2253, '0000-00-00', '', '0000-00-00', 0, '', '', '', 'C'),
(2658, 7, 1478, '2019-07-18', '', '0000-00-00', 0, '', '', 'Recommended to attend  training and seminar related to personal development.', 'Y'),
(2659, 7, 1764, '0000-00-00', '', '0000-00-00', 0, '', '', '', 'C'),
(2660, 7, 1216, '0000-00-00', '', '0000-00-00', 0, '', '', '', 'C'),
(2661, 7, 726, '2019-07-18', '', '0000-00-00', 0, '', '', 'Familiarize on the preparation and issuance of MTOP and Order for Dropping.  Minimize leave and tardiness.', 'Y'),
(2662, 7, 1549, '2019-07-29', '', '0000-00-00', 0, '', '', '', 'C'),
(2663, 7, 1477, '0000-00-00', '', '0000-00-00', 0, '', '', '', 'C'),
(2664, 7, 1418, '2019-07-29', '', '0000-00-00', 0, '', '', '', 'C'),
(2665, 7, 664, '0000-00-00', '', '0000-00-00', 0, '', '', '', 'C'),
(2666, 7, 1451, '0000-00-00', '', '0000-00-00', 0, '', '', '', 'C'),
(2667, 7, 552, '2019-07-19', '', '0000-00-00', 0, '', '', '', 'Y'),
(2668, 7, 1647, '2019-07-29', '', '0000-00-00', 0, '', '', '', 'C'),
(2669, 7, 1547, '2019-07-19', '', '0000-00-00', 0, '', '', 'Done the assigned task with dispatch and with accuracy.  Leadership potentials can be enhanced with all out support.', 'Y'),
(2670, 7, 1337, '2019-07-19', '', '0000-00-00', 0, '', '', 'Development in Training and Seminar on Customer Service.', 'C'),
(2671, 7, 271, '0000-00-00', '', '0000-00-00', 0, '', '', '', 'C'),
(2672, 7, 1162, '0000-00-00', '', '0000-00-00', 0, '', '', '', 'C'),
(2673, 7, 2294, '0000-00-00', '', '0000-00-00', 0, '', '', '', 'C'),
(2674, 7, 2279, '0000-00-00', '', '0000-00-00', 0, '', '', '', 'C'),
(2675, 7, 1318, '2019-07-29', '', '0000-00-00', 0, '', '', '', 'C'),
(2676, 7, 1690, '2019-07-23', '', '0000-00-00', 0, '', '', '', 'C'),
(2677, 7, 1404, '0000-00-00', '', '0000-00-00', 0, '', '', '', 'C'),
(2678, 7, 1439, '0000-00-00', '', '0000-00-00', 0, '', '', '', 'C'),
(2679, 7, 1231, '0000-00-00', '', '0000-00-00', 0, '', '', '', 'C'),
(2680, 7, 1292, '2019-07-19', '', '0000-00-00', 0, '', '', '', 'Y'),
(2681, 7, 796, '0000-00-00', '', '0000-00-00', 0, '', '', '', 'C'),
(2682, 7, 97, '2019-07-22', '', '0000-00-00', 0, '', '', 'Has improved in her performance and becoming knowledgeable with some new tasks assigned.', 'Y'),
(2683, 7, 1471, '2019-07-22', '', '0000-00-00', 0, '', '', 'Ready to take on management role, leadership training will enhance her capacity better.', 'Y'),
(2684, 7, 2178, '2019-07-19', '', '0000-00-00', 0, '', '', '', 'C'),
(2685, 7, 1501, '2019-07-22', '', '0000-00-00', 0, '', '', 'In this semester I noticed that most of your functions were accomplished beyond target date.  Please manage your work and time accordingly to avoid these to happen again.  Nevertheless you still got a high rating due to the completeness and accuracy of your work.  Congratulation.', 'Y'),
(2686, 7, 1698, '0000-00-00', '', '0000-00-00', 0, '', '', '', 'C'),
(2687, 7, 652, '0000-00-00', '', '0000-00-00', 0, '', '', '', 'C'),
(2688, 7, 1343, '0000-00-00', '', '0000-00-00', 0, '', '', '', 'C'),
(2689, 7, 1209, '0000-00-00', '', '0000-00-00', 0, '', '', '', 'C'),
(2690, 7, 782, '2019-07-29', '', '0000-00-00', 0, '', '', '', 'C'),
(2691, 7, 2166, '0000-00-00', '', '0000-00-00', 0, '', '', '', 'C'),
(2692, 7, 1702, '0000-00-00', '', '0000-00-00', 0, '', '', '', 'C'),
(2693, 7, 1545, '2019-07-22', '', '0000-00-00', 0, '', '', '', 'Y'),
(2694, 7, 1738, '2019-07-22', '', '0000-00-00', 0, '', '', 'As supervisor, should be a model to attendance in LGU activities & Monday Morning Program.  Needs to improve on supervising qualities which is demanded by this job.', 'Y'),
(2695, 7, 2288, '0000-00-00', '', '0000-00-00', 0, '', '', '', 'C'),
(2696, 7, 1025, '0000-00-00', '', '0000-00-00', 0, '', '', '', 'C'),
(2697, 7, 290, '2019-07-19', '', '0000-00-00', 0, '', '', 'Given full support on the task assigned to her could greatly improve the delivery of the project and services of the office.', 'Y'),
(2698, 7, 1168, '2019-07-18', '', '0000-00-00', 0, '', '', 'Needs to be knowledgeable  on Barangay Annual Budget and Supplemental Budget.  Minimize late and tardiness.', 'Y'),
(2699, 7, 1502, '0000-00-00', '', '0000-00-00', 0, '', '', '', 'C'),
(2700, 7, 348, '2019-07-30', '', '0000-00-00', 0, '', '', '', 'C'),
(2701, 7, 1094, '2019-07-18', '', '0000-00-00', 0, '', '', 'Recommended for training and seminar related to personnel development', 'Y'),
(2702, 7, 1360, '2019-07-19', '', '0000-00-00', 0, '', '', 'Recommended to attend trainings on financial management and technical writing.', 'Y'),
(2703, 7, 474, '0000-00-00', '', '0000-00-00', 0, '', '', '', 'C'),
(2704, 7, 1960, '0000-00-00', '', '0000-00-00', 0, '', '', '', 'C'),
(2705, 7, 377, '2019-07-22', '', '0000-00-00', 0, '', '', 'Very attentive to her targets and due dates.', 'Y'),
(2706, 7, 2175, '2019-07-19', '', '0000-00-00', 0, '', '', 'Focus and dedication could lead to more productivity.  Further immersions and further appreciation of the assigned task.', 'Y'),
(2707, 7, 1391, '0000-00-00', '', '0000-00-00', 0, '', '', '', 'C'),
(2708, 7, 1704, '2019-07-29', '', '0000-00-00', 0, '', '', '', 'C'),
(2709, 7, 745, '2019-07-19', '', '0000-00-00', 0, '', '', '', 'C'),
(2710, 7, 2089, '0000-00-00', '', '0000-00-00', 0, '', '', '', 'C'),
(2711, 7, 1564, '0000-00-00', '', '0000-00-00', 0, '', '', '', 'C'),
(2712, 7, 1615, '0000-00-00', '', '0000-00-00', 0, '', '', '', 'C'),
(2713, 7, 1295, '2019-07-19', '', '0000-00-00', 0, '', '', 'Task done with accuracy and dispatch with all the support and cooperation of everyone.', 'Y'),
(2714, 7, 868, '2019-07-23', '', '0000-00-00', 0, '', '', '', 'Y'),
(2715, 7, 1349, '0000-00-00', '', '0000-00-00', 0, '', '', '', 'C'),
(2716, 7, 457, '0000-00-00', '', '0000-00-00', 0, '', '', '', 'C'),
(2717, 7, 959, '0000-00-00', '', '0000-00-00', 0, '', '', '', 'C'),
(2718, 7, 332, '2019-07-29', '', '0000-00-00', 0, '', '', '', 'C'),
(2719, 7, 607, '0000-00-00', '', '0000-00-00', 0, '', '', '', 'C'),
(2720, 7, 568, '0000-00-00', '', '0000-00-00', 0, '', '', '', 'C'),
(2721, 7, 818, '2019-07-18', '', '0000-00-00', 0, '', '', 'Needs to familiarize with the formulation of ordinances and resolutions.  Training and seminars is advised.  Minimize tardiness.', 'Y'),
(2722, 7, 1609, '2019-07-22', '', '0000-00-00', 0, '', '', 'Kindly include Mrs. Tijing in the future seminars and trainings.', 'Y'),
(2723, 7, 692, '2019-07-19', '', '0000-00-00', 0, '', '', 'Open to suggestion and corrections.', 'Y'),
(2724, 7, 2338, '2019-07-19', '', '0000-00-00', 0, '', '', 'Needs more dedication.', 'C'),
(2725, 7, 1767, '2019-07-09', '', '0000-00-00', 0, '', '', 'Not applicable.  She will retiring soon.', 'Y'),
(2726, 7, 1453, '0000-00-00', '', '0000-00-00', 0, '', '', '', 'C'),
(2727, 7, 1569, '0000-00-00', '', '0000-00-00', 0, '', '', '', 'C'),
(2728, 7, 1460, '0000-00-00', '', '0000-00-00', 0, '', '', '', 'C'),
(2729, 7, 227, '2019-07-22', '', '0000-00-00', 0, '', '', 'Very reliable.  Attentive to deadlines and responsive to tasks given without delay and with high tolerance.  Keep up the good work.', 'Y'),
(2730, 7, 511, '2019-07-19', '', '0000-00-00', 0, '', '', '', 'C'),
(2731, 7, 1708, '2019-07-19', '', '0000-00-00', 0, '', '', 'Trustworthy.  Recommended to attend training on financial management.', 'Y'),
(2732, 7, 1435, '0000-00-00', '', '0000-00-00', 0, '', '', '', 'C'),
(2733, 7, 741, '2019-07-30', '', '0000-00-00', 0, '', '', '', 'C'),
(2734, 7, 2221, '2019-07-22', '', '0000-00-00', 0, '', '', 'Very good performer, supervises and coach people well.', 'Y'),
(2735, 7, 1246, '0000-00-00', '', '0000-00-00', 0, '', '', '', 'C'),
(2736, 7, 1568, '0000-00-00', '', '0000-00-00', 0, '', '', '', 'C'),
(2737, 7, 1330, '0000-00-00', '', '0000-00-00', 0, '', '', '', 'C'),
(2738, 7, 571, '2019-07-29', '', '0000-00-00', 0, '', '', '', 'C'),
(2739, 7, 1618, '2019-07-19', '', '0000-00-00', 0, '', '', 'More trainings on appraisal and assessment updates.', 'C'),
(2740, 7, 2196, '2019-07-22', '', '0000-00-00', 0, '', '', 'As usual your major functions are done accurately and on time.  Your support functions have improved also.  Keep it up.', 'Y'),
(2741, 7, 1106, '0000-00-00', '', '0000-00-00', 0, '', '', '', 'C'),
(2742, 7, 22064, '2019-07-22', '', '0000-00-00', 0, '', '', 'Recommended to attend Archival / Recordkeeping trainings.', 'Y'),
(2743, 7, 2281, '2019-07-19', '', '0000-00-00', 0, '', '', '', 'C'),
(2744, 7, 472, '2019-07-19', '', '0000-00-00', 0, '', '', 'Continue to hone skills on data collection and processing for investment portfolio management.', 'Y'),
(2745, 7, 286, '2019-07-19', '', '0000-00-00', 0, '', '', 'Development in Training and Seminar on Customer Service.', 'C'),
(2746, 7, 1703, '2019-07-19', '', '0000-00-00', 0, '', '', 'Need enhancement on personnel matters and a communication skills.', 'C'),
(2747, 7, 133, '0000-00-00', '', '0000-00-00', 0, '', '', '', 'C'),
(2748, 7, 1403, '2019-07-29', '', '0000-00-00', 0, '', '', '', 'C'),
(2749, 7, 1363, '0000-00-00', '', '0000-00-00', 0, '', '', '', 'C'),
(2750, 7, 2158, '0000-00-00', '', '0000-00-00', 0, '', '', '', 'C'),
(2751, 7, 632, '2019-07-19', '', '0000-00-00', 0, '', '', 'Enhance skills in GIS integration.', 'C'),
(2752, 7, 922, '0000-00-00', '', '0000-00-00', 0, '', '', '', 'C'),
(2753, 7, 40, '0000-00-00', '', '0000-00-00', 0, '', '', '', 'C'),
(2754, 7, 231, '0000-00-00', '', '0000-00-00', 0, '', '', '', 'C'),
(2755, 7, 1048, '0000-00-00', '', '0000-00-00', 0, '', '', '', 'C'),
(2756, 7, 636, '0000-00-00', '', '0000-00-00', 0, '', '', '', 'C'),
(2757, 7, 182, '0000-00-00', '', '0000-00-00', 0, '', '', '', 'C'),
(2758, 7, 152, '0000-00-00', '', '0000-00-00', 0, '', '', '', 'C'),
(2759, 7, 212, '2019-07-19', '', '0000-00-00', 0, '', '', 'Excellent performance.  Very reliable on the assigned tasks.\n', 'Y'),
(2760, 7, 1009, '0000-00-00', '', '0000-00-00', 0, '', '', '', 'C'),
(2761, 7, 598, '0000-00-00', '', '0000-00-00', 0, '', '', '', 'C'),
(2762, 7, 2241, '2019-07-23', '', '0000-00-00', 0, '', '', '', 'Y'),
(2763, 7, 495, '0000-00-00', '', '0000-00-00', 0, '', '', '', 'C'),
(2764, 7, 355, '2019-07-18', '', '0000-00-00', 0, '', '', 'Recommended for further training and seminars on livestock and poultry production.', 'Y'),
(2765, 7, 124, '0000-00-00', '', '0000-00-00', 0, '', '', '', 'C'),
(2766, 7, 2299, '2019-07-22', '', '0000-00-00', 0, '', '', 'Work ethics is above par, sufficient knowledge in trade payable accounts but longevity of the specific job makes complacency.  Congrats for having a good job, improve it by making a review of your bible, the R. A. 9184.', 'Y'),
(2767, 7, 1136, '0000-00-00', '', '0000-00-00', 0, '', '', '', 'C'),
(2768, 7, 1267, '0000-00-00', '', '0000-00-00', 0, '', '', '', 'C'),
(2769, 7, 2336, '0000-00-00', '', '0000-00-00', 0, '', '', '', 'C'),
(2770, 7, 312, '2019-07-19', '', '0000-00-00', 0, '', '', '', 'C'),
(2771, 7, 1752, '0000-00-00', '', '0000-00-00', 0, '', '', '', 'C'),
(2772, 7, 1684, '0000-00-00', '', '0000-00-00', 0, '', '', '', 'C'),
(2773, 7, 2118, '2019-07-30', '', '0000-00-00', 0, '', '', '', 'C'),
(2774, 7, 1047, '2019-09-27', '', '0000-00-00', 0, '', '', '', 'Y'),
(2775, 7, 1863, '0000-00-00', '', '0000-00-00', 0, '', '', '', 'C'),
(2776, 7, 1670, '0000-00-00', '', '0000-00-00', 0, '', '', '', 'C'),
(2777, 7, 1348, '0000-00-00', '', '0000-00-00', 0, '', '', '', 'C'),
(2778, 7, 894, '0000-00-00', '', '0000-00-00', 0, '', '', '', 'C'),
(2779, 7, 2213, '0000-00-00', '', '0000-00-00', 0, '', '', '', 'C'),
(2780, 7, 1380, '0000-00-00', '', '0000-00-00', 0, '', '', '', 'C'),
(2781, 7, 17, '0000-00-00', '', '0000-00-00', 0, '', '', '', 'C'),
(2782, 7, 1895, '2019-07-25', '', '0000-00-00', 0, '', '', '', 'Y'),
(2783, 7, 1519, '0000-00-00', '', '0000-00-00', 0, '', '', '', 'C'),
(2784, 7, 908, '0000-00-00', '', '0000-00-00', 0, '', '', '', 'C'),
(2785, 7, 1303, '2019-07-22', '', '0000-00-00', 0, '', '', 'Recommended to avail leadership training to take on bigger tasks.', 'Y'),
(2786, 7, 872, '0000-00-00', '', '0000-00-00', 0, '', '', '', 'C'),
(2787, 7, 1145, '0000-00-00', '', '0000-00-00', 0, '', '', '', 'C'),
(2788, 7, 1114, '0000-00-00', '', '0000-00-00', 0, '', '', '', 'C'),
(2789, 7, 2123, '2019-07-18', '', '0000-00-00', 0, '', '', 'To undergo further attendance on training in relation to his work.', 'Y'),
(2790, 7, 1915, '2019-07-19', '', '0000-00-00', 0, '', '', 'Training to enhance computer literacy', 'Y'),
(2791, 7, 1045, '0000-00-00', '', '0000-00-00', 0, '', '', '', 'C'),
(2792, 7, 2034, '2019-07-22', '', '0000-00-00', 0, '', '', 'Technical trainings are recommended for him.', 'Y'),
(2793, 7, 228, '0000-00-00', '', '0000-00-00', 0, '', '', '', 'C'),
(2794, 7, 207, '2019-07-19', '', '0000-00-00', 0, '', '', 'Seminar on Catipo admister-a way of preserving local heritage, promote tourism and instilling pride as bayawanon.', 'Y'),
(2795, 7, 266, '0000-00-00', '', '0000-00-00', 0, '', '', '', 'C'),
(2796, 7, 497, '2019-07-19', '', '0000-00-00', 0, '', '', 'Training to enhance computer literacy.', 'Y'),
(2797, 7, 655, '2019-07-29', '', '0000-00-00', 0, '', '', '', 'C'),
(2798, 7, 496, '0000-00-00', '', '0000-00-00', 0, '', '', '', 'C'),
(2799, 7, 252, '2019-07-19', '', '0000-00-00', 0, '', '', 'Undergoing firefighting refresher training course is beneficial to both employee and station.', 'Y'),
(2800, 7, 85, '0000-00-00', '', '0000-00-00', 0, '', '', '', 'C'),
(2801, 7, 942, '2019-07-19', '', '0000-00-00', 0, '', '', 'Further immersion and capacitation to maximize skills potentials for development and enhanced clients services and satisfaction.', 'Y'),
(2802, 7, 1010, '0000-00-00', '', '0000-00-00', 0, '', '', '', 'C'),
(2803, 7, 1154, '0000-00-00', '', '0000-00-00', 0, '', '', '', 'C'),
(2804, 7, 1122, '0000-00-00', '', '0000-00-00', 0, '', '', '', 'C'),
(2805, 7, 1619, '0000-00-00', '', '0000-00-00', 0, '', '', '', 'C'),
(2806, 7, 1791, '0000-00-00', '', '0000-00-00', 0, '', '', '', 'C'),
(2807, 7, 1904, '0000-00-00', '', '0000-00-00', 0, '', '', '', 'C'),
(2808, 7, 836, '0000-00-00', '', '0000-00-00', 0, '', '', '', 'C'),
(2809, 7, 1620, '0000-00-00', '', '0000-00-00', 0, '', '', '', 'C'),
(2810, 7, 1263, '0000-00-00', '', '0000-00-00', 0, '', '', '', 'C'),
(2811, 7, 920, '2019-07-19', '', '0000-00-00', 0, '', '', '', 'C'),
(2812, 7, 861, '0000-00-00', '', '0000-00-00', 0, '', '', '', 'C'),
(2813, 7, 347, '0000-00-00', '', '0000-00-00', 0, '', '', '', 'C'),
(2814, 7, 2291, '0000-00-00', '', '0000-00-00', 0, '', '', '', 'C'),
(2815, 7, 1055, '0000-00-00', '', '0000-00-00', 0, '', '', '', 'C'),
(2816, 7, 1888, '2019-07-22', '', '0000-00-00', 0, '', '', 'Leadership training for him because he is ready to handle management roles.', 'Y'),
(2817, 7, 279, '0000-00-00', '', '0000-00-00', 0, '', '', '', 'C'),
(2818, 7, 181, '2019-07-23', '', '0000-00-00', 0, '', '', '', 'C'),
(2819, 7, 1970, '0000-00-00', '', '0000-00-00', 0, '', '', '', 'C'),
(2820, 7, 143, '0000-00-00', '', '0000-00-00', 0, '', '', '', 'C'),
(2821, 7, 1, '0000-00-00', '', '0000-00-00', 0, '', '', '', 'C'),
(2822, 7, 1157, '0000-00-00', '', '0000-00-00', 0, '', '', '', 'C'),
(2823, 7, 2297, '0000-00-00', '', '0000-00-00', 0, '', '', '', 'C'),
(2824, 7, 1158, '0000-00-00', '', '0000-00-00', 0, '', '', '', 'C'),
(2825, 7, 22117, '0000-00-00', '', '0000-00-00', 0, '', '', '', 'C'),
(2826, 7, 1172, '0000-00-00', '', '0000-00-00', 0, '', '', '', 'C'),
(2827, 7, 1130, '2019-07-18', '', '0000-00-00', 0, '', '', 'To maximize the participation of all programs and activities of the city government.', 'Y'),
(2828, 7, 631, '0000-00-00', '', '0000-00-00', 0, '', '', '', 'C'),
(2829, 7, 1193, '0000-00-00', '', '0000-00-00', 0, '', '', '', 'C'),
(2830, 7, 1849, '2019-07-19', '', '0000-00-00', 0, '', '', 'Focus more.', 'Y'),
(2831, 7, 727, '0000-00-00', '', '0000-00-00', 0, '', '', '', 'C'),
(2832, 7, 1664, '0000-00-00', '', '0000-00-00', 0, '', '', '', 'C'),
(2833, 7, 1374, '0000-00-00', '', '0000-00-00', 0, '', '', '', 'C'),
(2834, 7, 2064, '0000-00-00', '', '0000-00-00', 0, '', '', '', 'C'),
(2835, 7, 284, '0000-00-00', '', '0000-00-00', 0, '', '', '', 'C'),
(2836, 7, 21, '0000-00-00', '', '0000-00-00', 0, '', '', '', 'C'),
(2837, 7, 928, '2019-07-29', '', '0000-00-00', 0, '', '', '', 'C'),
(2838, 7, 1520, '0000-00-00', '', '0000-00-00', 0, '', '', '', 'C'),
(2839, 7, 1652, '0000-00-00', '', '0000-00-00', 0, '', '', '', 'C'),
(2840, 7, 1223, '2019-07-18', '', '0000-00-00', 0, '', '', 'Further update related to work to enhance competencies.', 'Y'),
(2841, 7, 1495, '0000-00-00', '', '0000-00-00', 0, '', '', '', 'C'),
(2842, 7, 2319, '0000-00-00', '', '0000-00-00', 0, '', '', '', 'C'),
(2843, 7, 500, '0000-00-00', '', '0000-00-00', 0, '', '', '', 'C'),
(2844, 7, 386, '0000-00-00', '', '0000-00-00', 0, '', '', '', 'C'),
(2845, 7, 22130, '0000-00-00', '', '0000-00-00', 0, '', '', '', 'C'),
(2846, 7, 596, '2019-07-18', '', '0000-00-00', 0, '', '', 'Recommended for training on Meat Inspection and other related to his job performance.', 'Y'),
(2847, 7, 491, '0000-00-00', '', '0000-00-00', 0, '', '', '', 'C'),
(2848, 7, 1812, '0000-00-00', '', '0000-00-00', 0, '', '', '', 'C'),
(2849, 7, 1305, '2019-07-19', '', '0000-00-00', 0, '', '', 'Enhancement thru training / workshop and seminar and close monitoring of work loads.', 'Y'),
(2850, 7, 969, '2019-07-25', '', '0000-00-00', 0, '', '', 'Capability Enhancement on Personnel', 'C'),
(2851, 7, 1949, '0000-00-00', '', '0000-00-00', 0, '', '', '', 'C'),
(2852, 7, 994, '0000-00-00', '', '0000-00-00', 0, '', '', '', 'C'),
(2853, 7, 125, '2019-07-19', '', '0000-00-00', 0, '', '', '', 'C'),
(2854, 7, 647, '0000-00-00', '', '0000-00-00', 0, '', '', '', 'C'),
(2855, 7, 1423, '0000-00-00', '', '0000-00-00', 0, '', '', '', 'C'),
(2856, 7, 1112, '0000-00-00', '', '0000-00-00', 0, '', '', '', 'C'),
(2857, 7, 2205, '0000-00-00', '', '0000-00-00', 0, '', '', '', 'C'),
(2858, 7, 349, '0000-00-00', '', '0000-00-00', 0, '', '', '', 'C'),
(2859, 7, 1877, '2019-07-19', '', '0000-00-00', 0, '', '', 'Responsible.  Recommended to attend trainings on government budgeting (updates) & financial management.', 'Y'),
(2860, 7, 187, '0000-00-00', '', '0000-00-00', 0, '', '', '', 'C'),
(2861, 7, 1792, '0000-00-00', '', '0000-00-00', 0, '', '', '', 'C'),
(2862, 7, 241, '0000-00-00', '', '0000-00-00', 0, '', '', '', 'C'),
(2863, 7, 1853, '0000-00-00', '', '0000-00-00', 0, '', '', '', 'C'),
(2864, 7, 1683, '0000-00-00', '', '0000-00-00', 0, '', '', '', 'C'),
(2865, 7, 840, '2019-07-23', '', '0000-00-00', 0, '', '', '', 'C'),
(2866, 7, 389, '2019-07-29', '', '0000-00-00', 0, '', '', '', 'C'),
(2867, 7, 199, '0000-00-00', '', '0000-00-00', 0, '', '', '', 'C'),
(2868, 7, 466, '2019-07-19', '', '0000-00-00', 0, '', '', 'Training to enhance computer literacy (for payroll preparation, monitoring of construction materials status).', 'Y'),
(2869, 7, 2263, '0000-00-00', '', '0000-00-00', 0, '', '', '', 'C'),
(2870, 7, 2181, '2019-07-29', '', '0000-00-00', 0, '', '', '', 'C'),
(2871, 7, 1087, '0000-00-00', '', '0000-00-00', 0, '', '', '', 'C'),
(2872, 7, 444, '2019-07-22', '', '0000-00-00', 0, '', '', 'Almost every month your function was accomplished beyond due date.  It may be because of the additional days for posting JEV assigned to you and the increasing number of disbursements each day.  I suggest you read about time and work management so you could adjust easily on the changes made, though it\'s just temporary while waiting for other positions in the department to be filled up.', 'Y'),
(2873, 7, 2272, '0000-00-00', '', '0000-00-00', 0, '', '', '', 'C'),
(2874, 7, 2036, '0000-00-00', '', '0000-00-00', 0, '', '', '', 'C'),
(2875, 7, 33, '0000-00-00', '', '0000-00-00', 0, '', '', '', 'C'),
(2876, 7, 502, '0000-00-00', '', '0000-00-00', 0, '', '', '', 'C'),
(2877, 7, 2044, '0000-00-00', '', '0000-00-00', 0, '', '', '', 'C'),
(2878, 7, 1659, '0000-00-00', '', '0000-00-00', 0, '', '', '', 'C'),
(2879, 7, 1340, '2019-07-23', '', '0000-00-00', 0, '', '', '', 'C'),
(2880, 7, 1226, '2019-07-22', '', '0000-00-00', 0, '', '', 'Enhancement thru training / workshop and seminar and close monitoring of work loads.', 'C'),
(2881, 7, 1850, '0000-00-00', '', '0000-00-00', 0, '', '', '', 'C'),
(2882, 7, 1358, '0000-00-00', '', '0000-00-00', 0, '', '', '', 'C'),
(2883, 7, 2316, '0000-00-00', '', '0000-00-00', 0, '', '', '', 'C'),
(2884, 7, 1059, '2019-07-19', '', '0000-00-00', 0, '', '', '', 'C'),
(2885, 7, 616, '2019-07-19', '', '0000-00-00', 0, '', '', 'More commitment and focus.', 'Y'),
(2886, 7, 883, '0000-00-00', '', '0000-00-00', 0, '', '', '', 'C'),
(2887, 7, 1639, '0000-00-00', '', '0000-00-00', 0, '', '', '', 'C'),
(2888, 7, 802, '2019-07-19', '', '0000-00-00', 0, '', '', 'Further appreciation and immersion on the various programs and project could lead to a meaningful public service.', 'Y'),
(2889, 7, 1657, '0000-00-00', '', '0000-00-00', 0, '', '', '', 'C'),
(2890, 7, 875, '2019-07-19', '', '0000-00-00', 0, '', '', '', 'C'),
(2891, 7, 705, '0000-00-00', '', '0000-00-00', 0, '', '', '', 'C'),
(2892, 7, 977, '0000-00-00', '', '0000-00-00', 0, '', '', '', 'C'),
(2893, 7, 1691, '0000-00-00', '', '0000-00-00', 0, '', '', '', 'C'),
(2894, 7, 703, '0000-00-00', '', '0000-00-00', 0, '', '', '', 'C'),
(2895, 7, 1809, '0000-00-00', '', '0000-00-00', 0, '', '', '', 'C'),
(2896, 7, 1935, '2019-07-19', '', '0000-00-00', 0, '', '', 'Capability Building Seminar.', 'Y'),
(2897, 7, 2311, '0000-00-00', '', '0000-00-00', 0, '', '', '', 'C'),
(2898, 7, 2314, '0000-00-00', '', '0000-00-00', 0, '', '', '', 'C'),
(2899, 7, 2277, '0000-00-00', '', '0000-00-00', 0, '', '', '', 'C'),
(2900, 7, 469, '0000-00-00', '', '0000-00-00', 0, '', '', '', 'C'),
(2901, 7, 431, '0000-00-00', '', '0000-00-00', 0, '', '', '', 'C'),
(2902, 7, 67, '2019-07-19', '', '0000-00-00', 0, '', '', 'Enhancement thru training/workshop and seminar and close monitoring of work loads.', 'Y'),
(2903, 7, 579, '0000-00-00', '', '0000-00-00', 0, '', '', '', 'C'),
(2904, 7, 1707, '0000-00-00', '', '0000-00-00', 0, '', '', '', 'C'),
(2905, 7, 1132, '0000-00-00', '', '0000-00-00', 0, '', '', '', 'C'),
(2906, 7, 588, '0000-00-00', '', '0000-00-00', 0, '', '', '', 'C'),
(2907, 7, 1264, '0000-00-00', '', '0000-00-00', 0, '', '', '', 'C'),
(2908, 7, 714, '2019-07-22', '', '0000-00-00', 0, '', '', 'Needed up-dated information / guidelines from time to time.  Can work with less supervision.', 'Y'),
(2909, 7, 2233, '0000-00-00', '', '0000-00-00', 0, '', '', '', 'C'),
(2910, 7, 15, '0000-00-00', '', '0000-00-00', 0, '', '', '', 'C'),
(2911, 7, 1012, '0000-00-00', '', '0000-00-00', 0, '', '', '', 'C'),
(2912, 7, 1594, '2019-07-18', '', '0000-00-00', 0, '', '', 'Improve record keeping and AI services in lunge and small and ruminants.', 'Y'),
(2913, 7, 2301, '0000-00-00', '', '0000-00-00', 0, '', '', '', 'C'),
(2914, 7, 592, '0000-00-00', '', '0000-00-00', 0, '', '', '', 'C'),
(2915, 7, 1085, '0000-00-00', '', '0000-00-00', 0, '', '', '', 'C'),
(2916, 7, 1640, '0000-00-00', '', '0000-00-00', 0, '', '', '', 'C'),
(2917, 7, 1816, '2019-07-19', '', '0000-00-00', 0, '', '', '', 'C'),
(2918, 7, 370, '0000-00-00', '', '0000-00-00', 0, '', '', '', 'C'),
(2919, 7, 1494, '0000-00-00', '', '0000-00-00', 0, '', '', '', 'C'),
(2920, 7, 1929, '0000-00-00', '', '0000-00-00', 0, '', '', '', 'C'),
(2921, 7, 1675, '0000-00-00', '', '0000-00-00', 0, '', '', '', 'C'),
(2922, 7, 398, '0000-00-00', '', '0000-00-00', 0, '', '', '', 'C'),
(2923, 7, 166, '0000-00-00', '', '0000-00-00', 0, '', '', '', 'C'),
(2924, 7, 197, '0000-00-00', '', '0000-00-00', 0, '', '', '', 'C'),
(2925, 7, 2194, '0000-00-00', '', '0000-00-00', 0, '', '', '', 'C'),
(2926, 7, 240, '0000-00-00', '', '0000-00-00', 0, '', '', '', 'C'),
(2927, 7, 1865, '0000-00-00', '', '0000-00-00', 0, '', '', '', 'C'),
(2928, 7, 618, '0000-00-00', '', '0000-00-00', 0, '', '', '', 'C'),
(2929, 7, 1688, '0000-00-00', '', '0000-00-00', 0, '', '', '', 'C'),
(2930, 7, 189, '0000-00-00', '', '0000-00-00', 0, '', '', '', 'C'),
(2931, 7, 681, '0000-00-00', '', '0000-00-00', 0, '', '', '', 'C'),
(2932, 7, 1772, '0000-00-00', '', '0000-00-00', 0, '', '', '', 'C'),
(2933, 7, 2150, '2019-07-19', '', '0000-00-00', 0, '', '', 'Development trainings relative to work assignment is highly recommended more particularly on  personnel management.', 'C'),
(2934, 7, 2007, '0000-00-00', '', '0000-00-00', 0, '', '', '', 'C'),
(2935, 7, 2259, '0000-00-00', '', '0000-00-00', 0, '', '', '', 'C'),
(2936, 7, 1116, '0000-00-00', '', '0000-00-00', 0, '', '', '', 'C'),
(2937, 7, 860, '0000-00-00', '', '0000-00-00', 0, '', '', '', 'C'),
(2938, 7, 172, '2019-07-22', '', '0000-00-00', 0, '', '', 'The transition of work ran smoothly due to your initiative and willingness to accept changes.  Keep it up.', 'Y'),
(2939, 7, 2011, '0000-00-00', '', '0000-00-00', 0, '', '', '', 'C'),
(2940, 7, 645, '2019-07-22', '', '0000-00-00', 0, '', '', 'Recommended for Archival Trainings', 'Y'),
(2941, 7, 340, '0000-00-00', '', '0000-00-00', 0, '', '', '', 'C'),
(2942, 7, 1872, '0000-00-00', '', '0000-00-00', 0, '', '', '', 'C'),
(2943, 7, 1890, '2019-07-18', '', '0000-00-00', 0, '', '', '', 'Y'),
(2944, 7, 893, '0000-00-00', '', '0000-00-00', 0, '', '', '', 'C'),
(2945, 7, 1981, '0000-00-00', '', '0000-00-00', 0, '', '', '', 'C'),
(2946, 7, 1275, '0000-00-00', '', '0000-00-00', 0, '', '', '', 'C'),
(2947, 7, 926, '0000-00-00', '', '0000-00-00', 0, '', '', '', 'C'),
(2948, 7, 1968, '0000-00-00', '', '0000-00-00', 0, '', '', '', 'C'),
(2949, 7, 1346, '0000-00-00', '', '0000-00-00', 0, '', '', '', 'C'),
(2950, 7, 492, '0000-00-00', '', '0000-00-00', 0, '', '', '', 'C'),
(2951, 7, 481, '0000-00-00', '', '0000-00-00', 0, '', '', '', 'C'),
(2952, 7, 1762, '0000-00-00', '', '0000-00-00', 0, '', '', '', 'C'),
(2953, 7, 1138, '2019-07-22', '', '0000-00-00', 0, '', '', 'Need to improve 1) Punctuality 2) Attendance and compliance to wearing of uniform.', 'Y'),
(2954, 7, 2137, '2019-07-19', '', '0000-00-00', 0, '', '', 'Development in training and seminar on customer service.', 'C'),
(2955, 7, 628, '0000-00-00', '', '0000-00-00', 0, '', '', '', 'C'),
(2956, 7, 476, '0000-00-00', '', '0000-00-00', 0, '', '', '', 'C'),
(2957, 7, 1057, '2019-07-19', '', '0000-00-00', 0, '', '', 'More advance development training on the latest GIS (Geographical Information System) technology.', 'Y'),
(2958, 7, 2269, '0000-00-00', '', '0000-00-00', 0, '', '', '', 'Y'),
(2959, 7, 866, '2019-07-22', '', '0000-00-00', 0, '', '', 'Recommended for training regarding supplies and inventory', 'Y'),
(2960, 7, 522, '2019-07-22', '', '0000-00-00', 0, '', '', '', 'Y'),
(2961, 7, 64, '0000-00-00', '', '0000-00-00', 0, '', '', '', 'C'),
(2962, 7, 83, '0000-00-00', '', '0000-00-00', 0, '', '', '', 'C'),
(2963, 7, 1426, '0000-00-00', '', '0000-00-00', 0, '', '', '', 'C'),
(2964, 7, 2258, '0000-00-00', '', '0000-00-00', 0, '', '', '', 'C'),
(2965, 7, 757, '0000-00-00', '', '0000-00-00', 0, '', '', '', 'C'),
(2966, 7, 648, '0000-00-00', '', '0000-00-00', 0, '', '', '', 'C'),
(2967, 7, 195, '2019-07-19', '', '0000-00-00', 0, '', '', '', 'C'),
(2968, 7, 603, '0000-00-00', '', '0000-00-00', 0, '', '', '', 'C'),
(2969, 7, 2235, '0000-00-00', '', '0000-00-00', 0, '', '', '', 'C'),
(2970, 7, 2306, '0000-00-00', '', '0000-00-00', 0, '', '', '', 'C'),
(2971, 7, 527, '0000-00-00', '', '0000-00-00', 0, '', '', '', 'C'),
(2972, 7, 627, '0000-00-00', '', '0000-00-00', 0, '', '', '', 'C'),
(2973, 7, 724, '2019-07-19', '', '0000-00-00', 0, '', '', '', 'Y'),
(2974, 7, 1108, '0000-00-00', '', '0000-00-00', 0, '', '', '', 'C'),
(2975, 7, 2320, '0000-00-00', '', '0000-00-00', 0, '', '', '', 'C'),
(2976, 7, 735, '0000-00-00', '', '0000-00-00', 0, '', '', '', 'C'),
(2977, 7, 470, '2019-07-22', '', '0000-00-00', 0, '', '', 'Dependable and can be relied upon.  Need to improved on punctuality in reporting to work.', 'Y'),
(2978, 7, 2026, '0000-00-00', '', '0000-00-00', 0, '', '', '', 'C'),
(2979, 7, 535, '2019-07-19', '', '0000-00-00', 0, '', '', '', 'Y'),
(2980, 7, 1378, '0000-00-00', '', '0000-00-00', 0, '', '', '', 'C'),
(2981, 7, 760, '0000-00-00', '', '0000-00-00', 0, '', '', '', 'C'),
(2982, 7, 2182, '2019-07-22', '', '0000-00-00', 0, '', '', 'Training on hazard assessment best suits him.', 'Y'),
(2983, 7, 835, '0000-00-00', '', '0000-00-00', 0, '', '', '', 'C'),
(2984, 7, 322, '2019-07-19', '', '0000-00-00', 0, '', '', 'Shall stay on his post at all times (refrain from roaming around).', 'C'),
(2985, 7, 1156, '2019-07-19', '', '0000-00-00', 0, '', '', 'Enhancement thru training / workshop and seminar and close monitoring of work loads.', 'C'),
(2986, 7, 1160, '0000-00-00', '', '0000-00-00', 0, '', '', '', 'C'),
(2987, 7, 630, '0000-00-00', '', '0000-00-00', 0, '', '', '', 'C'),
(2988, 7, 1626, '2019-07-22', '', '0000-00-00', 0, '', '', '', 'Y'),
(2989, 7, 342, '0000-00-00', '', '0000-00-00', 0, '', '', '', 'C'),
(2990, 7, 528, '0000-00-00', '', '0000-00-00', 0, '', '', '', 'C'),
(2991, 8, 1060, '0000-00-00', '', '0000-00-00', 0, '', '', '', 'C'),
(2992, 8, 1459, '0000-00-00', '', '0000-00-00', 0, '', '', '', 'C'),
(2993, 8, 1392, '0000-00-00', '', '0000-00-00', 0, '', '', '', 'C'),
(2994, 8, 990, '2019-07-22', '', '0000-00-00', 0, '', '', 'Technical trainings are recommended for him.', 'C'),
(2995, 8, 666, '2019-07-29', '', '0000-00-00', 0, '', '', '', 'C');
INSERT INTO `prrlist` (`prrlist_id`, `prr_id`, `employees_id`, `date_submitted`, `appraisal_type`, `date_appraised`, `numerical`, `adjectival`, `remarks`, `comments`, `stages`) VALUES
(2996, 8, 1548, '2019-07-19', '', '0000-00-00', 0, '', '', '', 'C'),
(2997, 8, 2230, '0000-00-00', '', '0000-00-00', 0, '', '', '', 'C'),
(2998, 8, 770, '0000-00-00', '', '0000-00-00', 0, '', '', '', 'C'),
(2999, 8, 2093, '0000-00-00', '', '0000-00-00', 0, '', '', '', 'C'),
(3000, 8, 2244, '2019-07-18', '', '0000-00-00', 0, '', '', 'Recommended for further training and seminar on livestock and poultry production.', 'Y'),
(3001, 8, 1065, '0000-00-00', '', '0000-00-00', 0, '', '', '', 'C'),
(3002, 8, 426, '0000-00-00', '', '0000-00-00', 0, '', '', '', 'C'),
(3003, 8, 1607, '2019-07-22', '', '0000-00-00', 0, '', '', 'You have accomplished your job accurately and on time despite of the additional workload.  Congratulations.', 'Y'),
(3004, 8, 261, '0000-00-00', '', '0000-00-00', 0, '', '', '', 'C'),
(3005, 8, 1613, '0000-00-00', '', '0000-00-00', 0, '', '', '', 'C'),
(3006, 8, 278, '2019-07-09', '', '0000-00-00', 0, '', '', 'Needs to attend seminar on computer literacy or any available seminars for career advancement.]', 'Y'),
(3007, 8, 851, '2019-07-22', '', '0000-00-00', 0, '', '', 'I will recommend Hollyn to participate to any traffic modules offered by the LGU - Bayawan if any.', 'Y'),
(3008, 8, 1483, '0000-00-00', '', '0000-00-00', 0, '', '', '', 'C'),
(3009, 8, 1472, '2019-07-10', '', '0000-00-00', 0, '', '', 'She needs to update training on computer operations and trouble shooting.', 'Y'),
(3010, 8, 1298, '0000-00-00', '', '0000-00-00', 0, '', '', '', 'C'),
(3011, 8, 1642, '0000-00-00', '', '0000-00-00', 0, '', '', '', 'C'),
(3012, 8, 888, '0000-00-00', '', '0000-00-00', 0, '', '', '', 'C'),
(3013, 8, 237, '0000-00-00', '', '0000-00-00', 0, '', '', '', 'C'),
(3014, 8, 1610, '2019-07-18', '', '0000-00-00', 0, '', '', 'Start processing collected cattle semen into extended fresh semen production.', 'Y'),
(3015, 8, 1720, '2019-07-19', '', '0000-00-00', 0, '', '', '', 'Y'),
(3016, 8, 2265, '2019-07-29', '', '0000-00-00', 0, '', '', '', 'C'),
(3017, 8, 1198, '0000-00-00', '', '0000-00-00', 0, '', '', '', 'C'),
(3018, 8, 2101, '0000-00-00', '', '0000-00-00', 0, '', '', '', 'C'),
(3019, 8, 1449, '0000-00-00', '', '0000-00-00', 0, '', '', '', 'C'),
(3020, 8, 319, '2019-07-22', '', '0000-00-00', 0, '', '', 'Recommended for Archival trainings.', 'Y'),
(3021, 8, 485, '0000-00-00', '', '0000-00-00', 0, '', '', '', 'C'),
(3022, 8, 1455, '0000-00-00', '', '0000-00-00', 0, '', '', '', 'C'),
(3023, 8, 1200, '2019-07-22', '', '0000-00-00', 0, '', '', 'Enhancement thru training/workshop and seminar and close monitoring of work loads.', 'C'),
(3024, 8, 869, '0000-00-00', '', '0000-00-00', 0, '', '', '', 'C'),
(3025, 8, 1166, '0000-00-00', '', '0000-00-00', 0, '', '', '', 'C'),
(3026, 8, 1407, '0000-00-00', '', '0000-00-00', 0, '', '', '', 'C'),
(3027, 8, 2125, '2019-07-19', '', '0000-00-00', 0, '', '', 'Skills Development trainings.', 'Y'),
(3028, 8, 361, '2019-07-19', '', '0000-00-00', 0, '', '', '', 'Y'),
(3029, 8, 1499, '2019-07-19', '', '0000-00-00', 0, '', '', 'Excellent job for this semester.  Recommended for training on budgeting.', 'Y'),
(3030, 8, 1898, '0000-00-00', '', '0000-00-00', 0, '', '', '', 'C'),
(3031, 8, 1017, '0000-00-00', '', '0000-00-00', 0, '', '', '', 'C'),
(3032, 8, 1861, '0000-00-00', '', '0000-00-00', 0, '', '', '', 'C'),
(3033, 8, 306, '2019-07-23', '', '0000-00-00', 0, '', '', 'The employee is capable of doing her job well.  She is polite in dealing with our taxpayers.', 'Y'),
(3034, 8, 1020, '0000-00-00', '', '0000-00-00', 0, '', '', '', 'C'),
(3035, 8, 2053, '0000-00-00', '', '0000-00-00', 0, '', '', '', 'C'),
(3036, 8, 1596, '2019-07-19', '', '0000-00-00', 0, '', '', 'Development in Training and Seminar on Customer Service.\n', 'C'),
(3037, 8, 1580, '2019-07-29', '', '0000-00-00', 0, '', '', '', 'C'),
(3038, 8, 1399, '2019-07-22', '', '0000-00-00', 0, '', '', 'Let her attend seminars to update of whatever the latest development to our work.', 'Y'),
(3039, 8, 1322, '0000-00-00', '', '0000-00-00', 0, '', '', '', 'C'),
(3040, 8, 1579, '2019-07-22', '', '0000-00-00', 0, '', '', 'Recommended for further training on Housekeeping and SWM seminars.', 'Y'),
(3041, 8, 2163, '0000-00-00', '', '0000-00-00', 0, '', '', '', 'C'),
(3042, 8, 1357, '2019-07-19', '', '0000-00-00', 0, '', '', '', 'C'),
(3043, 8, 1541, '2019-07-17', '', '0000-00-00', 0, '', '', 'To attend frontline service seminar / trainings.', 'Y'),
(3044, 8, 1199, '0000-00-00', '', '0000-00-00', 0, '', '', '', 'C'),
(3045, 8, 548, '0000-00-00', '', '0000-00-00', 0, '', '', '', 'C'),
(3046, 8, 1556, '0000-00-00', '', '0000-00-00', 0, '', '', '', 'C'),
(3047, 8, 331, '0000-00-00', '', '0000-00-00', 0, '', '', '', 'C'),
(3048, 8, 24, '0000-00-00', '', '0000-00-00', 0, '', '', '', 'C'),
(3049, 8, 1117, '0000-00-00', '', '0000-00-00', 0, '', '', '', 'C'),
(3050, 8, 554, '0000-00-00', '', '0000-00-00', 0, '', '', '', 'C'),
(3051, 8, 156, '0000-00-00', '', '0000-00-00', 0, '', '', '', 'C'),
(3052, 8, 128, '2019-07-19', '', '0000-00-00', 0, '', '', 'Needs trainings on frontline services and customer service.', 'Y'),
(3053, 8, 1770, '0000-00-00', '', '0000-00-00', 0, '', '', '', 'C'),
(3054, 8, 1188, '0000-00-00', '', '0000-00-00', 0, '', '', '', 'C'),
(3055, 8, 2236, '0000-00-00', '', '0000-00-00', 0, '', '', '', 'C'),
(3056, 8, 154, '2019-07-19', '', '0000-00-00', 0, '', '', '', 'Y'),
(3057, 8, 1443, '2019-07-19', '', '0000-00-00', 0, '', '', 'Development in Training and Seminar on Customer Service.', 'C'),
(3058, 8, 1461, '2019-07-19', '', '0000-00-00', 0, '', '', 'Needs training on frontline services and customer service.', 'C'),
(3059, 8, 378, '0000-00-00', '', '0000-00-00', 0, '', '', '', 'C'),
(3060, 8, 1446, '2019-07-19', '', '0000-00-00', 0, '', '', 'She needs training and seminars for career growth and development.', 'Y'),
(3061, 8, 1732, '0000-00-00', '', '0000-00-00', 0, '', '', '', 'C'),
(3062, 8, 2276, '0000-00-00', '', '0000-00-00', 0, '', '', '', 'C'),
(3063, 8, 26, '0000-00-00', '', '0000-00-00', 0, '', '', '', 'C'),
(3064, 8, 637, '2019-07-23', '', '0000-00-00', 0, '', '', 'Very efficient, competent, tactful and attended workshop on catherization last February 2019.', 'Y'),
(3065, 8, 1341, '0000-00-00', '', '0000-00-00', 0, '', '', '', 'C'),
(3066, 8, 118, '0000-00-00', '', '0000-00-00', 0, '', '', '', 'C'),
(3067, 8, 1617, '0000-00-00', '', '0000-00-00', 0, '', '', '', 'C'),
(3068, 8, 1331, '2019-07-19', '', '0000-00-00', 0, '', '', 'Productivity can be further enhanced with all out support of CCMDO staff and stakeholders.', 'Y'),
(3069, 8, 1666, '2019-07-22', '', '0000-00-00', 0, '', '', '', 'C'),
(3070, 8, 22120, '0000-00-00', '', '0000-00-00', 0, '', '', '', 'C'),
(3071, 8, 545, '0000-00-00', '', '0000-00-00', 0, '', '', '', 'C'),
(3072, 8, 22128, '0000-00-00', '', '0000-00-00', 0, '', '', '', 'C'),
(3073, 8, 2328, '2019-07-19', '', '0000-00-00', 0, '', '', 'More things on Assessment Skills Enhancement & Update of new BLGF rulings.', 'C'),
(3074, 8, 743, '0000-00-00', '', '0000-00-00', 0, '', '', '', 'C'),
(3075, 8, 1196, '2019-07-19', '', '0000-00-00', 0, '', '', '', 'C'),
(3076, 8, 1296, '0000-00-00', '', '0000-00-00', 0, '', '', '', 'C'),
(3077, 8, 852, '2019-07-18', '', '0000-00-00', 0, '', '', 'Recommended for further training and seminar on personnel development.', 'Y'),
(3078, 8, 475, '0000-00-00', '', '0000-00-00', 0, '', '', '', 'C'),
(3079, 8, 1369, '2019-07-19', '', '0000-00-00', 0, '', '', 'Padayon sa pagbaid sa kahanas sa pagsulat ug paghan-ay sa mga reports.', 'Y'),
(3080, 8, 2310, '0000-00-00', '', '0000-00-00', 0, '', '', '', 'C'),
(3081, 8, 1174, '0000-00-00', '', '0000-00-00', 0, '', '', '', 'C'),
(3082, 8, 1447, '2019-07-19', '', '0000-00-00', 0, '', '', 'More commitment and focus.', 'Y'),
(3083, 8, 2345, '2019-07-22', '', '0000-00-00', 0, '', '', 'Recommended for training regarding supplies and inventory.', 'Y'),
(3084, 8, 1606, '0000-00-00', '', '0000-00-00', 0, '', '', '', 'C'),
(3085, 8, 1300, '0000-00-00', '', '0000-00-00', 0, '', '', '', 'C'),
(3086, 8, 1602, '2019-07-22', '', '0000-00-00', 0, '', '', 'Enhancement thru training/workshop and seminar and close monitoring of work loads.', 'C'),
(3087, 8, 1013, '2019-07-29', '', '0000-00-00', 0, '', '', '', 'C'),
(3088, 8, 425, '0000-00-00', '', '0000-00-00', 0, '', '', '', 'C'),
(3089, 8, 1922, '0000-00-00', '', '0000-00-00', 0, '', '', '', 'C'),
(3090, 8, 516, '2019-07-19', '', '0000-00-00', 0, '', '', 'Enhancement training on Manifold Geographical Information System (GIS). Note: GIS operator should be given a regular position (Tax Mapping Aide.)', 'Y'),
(3091, 8, 341, '2019-07-30', '', '0000-00-00', 0, '', '', 'Security-related training/seminars is recommended.', 'C'),
(3092, 8, 22121, '2019-07-29', '', '0000-00-00', 0, '', '', '', 'C'),
(3093, 8, 1517, '2019-07-18', '', '0000-00-00', 0, '', '', 'Must have a monthly accomplishment record book presentation to the section and meet AI targets in large ruminants.', 'Y'),
(3094, 8, 1320, '2019-09-22', '', '0000-00-00', 0, '', '', 'Recommended for further training on Housekeeping and SWM seminars.', 'Y'),
(3095, 8, 1301, '2019-07-29', '', '0000-00-00', 0, '', '', '', 'C'),
(3096, 8, 943, '2019-07-19', '', '0000-00-00', 0, '', '', '', 'C'),
(3097, 8, 1327, '2019-07-18', '', '0000-00-00', 0, '', '', 'Recommended for further training on meat inspection.', 'Y'),
(3098, 8, 1658, '0000-00-00', '', '0000-00-00', 0, '', '', '', 'C'),
(3099, 8, 1492, '0000-00-00', '', '0000-00-00', 0, '', '', '', 'C'),
(3100, 8, 2021, '0000-00-00', '', '0000-00-00', 0, '', '', '', 'C'),
(3101, 8, 2028, '0000-00-00', '', '0000-00-00', 0, '', '', '', 'C'),
(3102, 8, 165, '0000-00-00', '', '0000-00-00', 0, '', '', '', 'C'),
(3103, 8, 2227, '0000-00-00', '', '0000-00-00', 0, '', '', '', 'C'),
(3104, 8, 1324, '2019-07-29', '', '0000-00-00', 0, '', '', '', 'C'),
(3105, 8, 20, '2019-07-19', '', '0000-00-00', 0, '', '', 'There\'s room for improvement.', 'Y'),
(3106, 8, 80, '0000-00-00', '', '0000-00-00', 0, '', '', '', 'C'),
(3107, 8, 92, '0000-00-00', '', '0000-00-00', 0, '', '', '', 'C'),
(3108, 8, 698, '2019-07-22', '', '0000-00-00', 0, '', '', 'Technical and related training ideal for him.', 'Y'),
(3109, 8, 2180, '2019-07-22', '', '0000-00-00', 0, '', '', '', 'C'),
(3110, 8, 91, '0000-00-00', '', '0000-00-00', 0, '', '', '', 'C'),
(3111, 8, 1438, '0000-00-00', '', '0000-00-00', 0, '', '', '', 'C'),
(3112, 8, 7, '0000-00-00', '', '0000-00-00', 0, '', '', '', 'C'),
(3113, 8, 602, '0000-00-00', '', '0000-00-00', 0, '', '', '', 'C'),
(3114, 8, 2148, '0000-00-00', '', '0000-00-00', 0, '', '', '', 'C'),
(3115, 8, 2012, '0000-00-00', '', '0000-00-00', 0, '', '', '', 'C'),
(3116, 8, 2010, '0000-00-00', '', '0000-00-00', 0, '', '', '', 'C'),
(3117, 8, 1914, '2019-07-22', '', '0000-00-00', 0, '', '', 'Technical training are recommended for him.', 'Y'),
(3118, 8, 1566, '2019-07-19', '', '0000-00-00', 0, '', '', 'Undergoing firefighting refresher training course is beneficial to both employee and the station.', 'Y'),
(3119, 8, 1527, '0000-00-00', '', '0000-00-00', 0, '', '', '', 'C'),
(3120, 8, 1022, '0000-00-00', '', '0000-00-00', 0, '', '', '', 'C'),
(3121, 8, 50, '0000-00-00', '', '0000-00-00', 0, '', '', '', 'C'),
(3122, 8, 1729, '0000-00-00', '', '0000-00-00', 0, '', '', '', 'C'),
(3123, 8, 1761, '0000-00-00', '', '0000-00-00', 0, '', '', '', 'C'),
(3124, 8, 2246, '0000-00-00', '', '0000-00-00', 0, '', '', '', 'C'),
(3125, 8, 1811, '0000-00-00', '', '0000-00-00', 0, '', '', '', 'C'),
(3126, 8, 320, '0000-00-00', '', '0000-00-00', 0, '', '', '', 'C'),
(3127, 8, 1611, '0000-00-00', '', '0000-00-00', 0, '', '', '', 'C'),
(3128, 8, 752, '0000-00-00', '', '0000-00-00', 0, '', '', '', 'C'),
(3129, 8, 1794, '2019-07-22', '', '0000-00-00', 0, '', '', 'Security-related training/seminars is recommended.', 'C'),
(3130, 8, 1805, '2019-07-19', '', '0000-00-00', 0, '', '', 'Open to suggestion and corrections', 'Y'),
(3131, 8, 490, '2019-07-22', '', '0000-00-00', 0, '', '', 'Enhancement thru training/workshop and seminar and close monitoring of work loads.', 'C'),
(3132, 8, 879, '2019-07-22', '', '0000-00-00', 0, '', '', 'Technical trainings are recommended for him.', 'Y'),
(3133, 8, 1844, '2019-07-22', '', '0000-00-00', 0, '', '', 'Security-related training/seminars is recommended.', 'C'),
(3134, 8, 450, '0000-00-00', '', '0000-00-00', 0, '', '', '', 'C'),
(3135, 8, 1654, '2019-07-22', '', '0000-00-00', 0, '', '', 'Always double check in preparing tax certificate and accountant\'s advice to avoid revisions.  But overall you\'ve done well in your job.', 'Y'),
(3137, 8, 2162, '0000-00-00', '', '0000-00-00', 0, '', '', '', 'C'),
(3138, 8, 1778, '0000-00-00', '', '0000-00-00', 0, '', '', '', 'C'),
(3139, 8, 1376, '0000-00-00', '', '0000-00-00', 0, '', '', '', 'C'),
(3140, 8, 1807, '2019-07-22', '', '0000-00-00', 0, '', '', 'Enhancement thru training / workshop and seminar and close monitoring of work loads.', 'C'),
(3141, 8, 2077, '2019-07-22', '', '0000-00-00', 0, '', '', 'Technical trainings are recommended for him.', 'Y'),
(3142, 8, 1648, '0000-00-00', '', '0000-00-00', 0, '', '', '', 'C'),
(3143, 8, 1845, '2019-07-18', '', '0000-00-00', 0, '', '', 'Needs to be knowledgeable on the letters/communications to be deliver.', 'Y'),
(3144, 8, 1161, '0000-00-00', '', '0000-00-00', 0, '', '', '', 'C'),
(3145, 8, 1431, '0000-00-00', '', '0000-00-00', 0, '', '', '', 'C'),
(3146, 8, 22116, '2019-07-18', '', '0000-00-00', 0, '', '', 'Increase in the conduct of artificial insemination in carabao.', 'Y'),
(3147, 8, 1942, '0000-00-00', '', '0000-00-00', 0, '', '', '', 'C'),
(3148, 8, 1144, '0000-00-00', '', '0000-00-00', 0, '', '', '', 'C'),
(3151, 8, 1222, '0000-00-00', '', '0000-00-00', 0, '', '', '', 'C'),
(3152, 8, 1875, '0000-00-00', '', '0000-00-00', 0, '', '', '', 'C'),
(3153, 8, 1355, '0000-00-00', '', '0000-00-00', 0, '', '', '', 'C'),
(3154, 8, 673, '0000-00-00', '', '0000-00-00', 0, '', '', '', 'C'),
(3155, 8, 778, '0000-00-00', '', '0000-00-00', 0, '', '', '', 'C'),
(3156, 8, 267, '0000-00-00', '', '0000-00-00', 0, '', '', '', 'C'),
(3157, 8, 2124, '0000-00-00', '', '0000-00-00', 0, '', '', '', 'Y'),
(3158, 8, 1314, '2019-07-22', '', '0000-00-00', 0, '', '', 'Recommended for further training on Housekeeping and SWM seminars', 'Y'),
(3159, 8, 465, '0000-00-00', '', '0000-00-00', 0, '', '', '', 'C'),
(3160, 8, 22127, '0000-00-00', '', '0000-00-00', 0, '', '', '', 'C'),
(3161, 8, 1689, '0000-00-00', '', '0000-00-00', 0, '', '', '', 'C'),
(3162, 8, 1906, '0000-00-00', '', '0000-00-00', 0, '', '', '', 'C'),
(3163, 8, 1966, '2019-07-22', '', '0000-00-00', 0, '', '', 'Security-related training/seminars is recommended.', 'C'),
(3164, 8, 1526, '2019-07-18', '', '0000-00-00', 0, '', '', 'Recommended for training and seminars related to poultry and livestock production.', 'Y'),
(3165, 8, 762, '0000-00-00', '', '0000-00-00', 0, '', '', '', 'C'),
(3166, 8, 646, '0000-00-00', '', '0000-00-00', 0, '', '', '', 'C'),
(3167, 8, 1712, '2019-07-22', '', '0000-00-00', 0, '', '', 'Recommended to attend any public relation seminar.', 'Y'),
(3168, 8, 68, '2019-07-19', '', '0000-00-00', 0, '', '', '', 'Y'),
(3169, 8, 2348, '2019-07-22', '', '0000-00-00', 0, '', '', 'Security-related training/seminars is recommended.', 'Y'),
(3170, 8, 1054, '0000-00-00', '', '0000-00-00', 0, '', '', '', 'C'),
(3171, 8, 1621, '0000-00-00', '', '0000-00-00', 0, '', '', '', 'C'),
(3172, 8, 399, '0000-00-00', '', '0000-00-00', 0, '', '', '', 'C'),
(3173, 8, 1916, '2019-07-22', '', '0000-00-00', 0, '', '', 'Security-related training/seminars is recommended.', 'C'),
(3174, 8, 1233, '0000-00-00', '', '0000-00-00', 0, '', '', '', 'C'),
(3175, 8, 1131, '0000-00-00', '', '0000-00-00', 0, '', '', '', 'C'),
(3176, 8, 1629, '0000-00-00', '', '0000-00-00', 0, '', '', '', 'C'),
(3177, 8, 1686, '0000-00-00', '', '0000-00-00', 0, '', '', '', 'C'),
(3178, 8, 2049, '0000-00-00', '', '0000-00-00', 0, '', '', '', 'C'),
(3179, 8, 1796, '2019-07-29', '', '0000-00-00', 0, '', '', 'Needs training on skills in driving and dealing with passengers.', 'C'),
(3180, 8, 2172, '0000-00-00', '', '0000-00-00', 0, '', '', '', 'C'),
(3181, 8, 2025, '0000-00-00', '', '0000-00-00', 0, '', '', '', 'C'),
(3182, 8, 2035, '0000-00-00', '', '0000-00-00', 0, '', '', '', 'C'),
(3183, 8, 37, '2019-07-29', '', '0000-00-00', 0, '', '', '', 'C'),
(3184, 8, 221, '2019-07-19', '', '0000-00-00', 0, '', '', 'Undergoing firefighting training course is beneficial to both employee and station.', 'Y'),
(3185, 8, 2313, '0000-00-00', '', '0000-00-00', 0, '', '', '', 'C'),
(3186, 8, 2145, '0000-00-00', '', '0000-00-00', 0, '', '', '', 'C'),
(3187, 8, 634, '0000-00-00', '', '0000-00-00', 0, '', '', '', 'C'),
(3188, 8, 1980, '0000-00-00', '', '0000-00-00', 0, '', '', '', 'C'),
(3189, 8, 972, '0000-00-00', '', '0000-00-00', 0, '', '', '', 'C'),
(3190, 8, 1091, '0000-00-00', '', '0000-00-00', 0, '', '', '', 'C'),
(3191, 8, 737, '0000-00-00', '', '0000-00-00', 0, '', '', '', 'C'),
(3192, 8, 22124, '2019-07-22', '', '0000-00-00', 0, '', '', 'Skills and technical training recommended for him.', 'Y'),
(3193, 8, 768, '0000-00-00', '', '0000-00-00', 0, '', '', '', 'C'),
(3194, 8, 895, '0000-00-00', '', '0000-00-00', 0, '', '', '', 'C'),
(3195, 8, 1781, '0000-00-00', '', '0000-00-00', 0, '', '', '', 'C'),
(3196, 8, 22123, '0000-00-00', '', '0000-00-00', 0, '', '', '', 'C'),
(3197, 8, 1800, '0000-00-00', '', '0000-00-00', 0, '', '', '', 'C'),
(3198, 8, 604, '2019-07-19', '', '0000-00-00', 0, '', '', 'Undergoing firefighting refresher training course is beneficial to both employee and station.', 'Y'),
(3199, 8, 531, '0000-00-00', '', '0000-00-00', 0, '', '', '', 'C'),
(3200, 8, 90, '0000-00-00', '', '0000-00-00', 0, '', '', '', 'C'),
(3201, 8, 766, '2019-07-18', '', '0000-00-00', 0, '', '', 'Give attention on IEC anti-rabies act.', 'Y'),
(3202, 8, 74, '0000-00-00', '', '0000-00-00', 0, '', '', '', 'C'),
(3203, 8, 1434, '0000-00-00', '', '0000-00-00', 0, '', '', '', 'C'),
(3204, 8, 715, '0000-00-00', '', '0000-00-00', 0, '', '', '', 'C'),
(3205, 8, 202, '0000-00-00', '', '0000-00-00', 0, '', '', '', 'C'),
(3206, 8, 1857, '0000-00-00', '', '0000-00-00', 0, '', '', '', 'C'),
(3207, 8, 467, '0000-00-00', '', '0000-00-00', 0, '', '', '', 'C'),
(3208, 8, 1991, '2019-07-19', '', '0000-00-00', 0, '', '', 'Needs to undergo refresher training course on firefighting.', 'Y'),
(3209, 8, 1967, '2019-07-22', '', '0000-00-00', 0, '', '', 'Leadership training is best for him to effective handle teams.', 'Y'),
(3210, 8, 1978, '2019-07-19', '', '0000-00-00', 0, '', '', 'Attend seminars and trainings that pertains to tax mapping and real property appraisal and assessment.', 'C'),
(3211, 8, 864, '0000-00-00', '', '0000-00-00', 0, '', '', '', 'C'),
(3212, 8, 1990, '0000-00-00', '', '0000-00-00', 0, '', '', '', 'C'),
(3213, 8, 2135, '0000-00-00', '', '0000-00-00', 0, '', '', '', 'C'),
(3214, 8, 498, '0000-00-00', '', '0000-00-00', 0, '', '', '', 'C'),
(3215, 8, 1952, '2019-07-22', '', '0000-00-00', 0, '', '', 'Security-related training/seminars is recommended.', 'C'),
(3216, 8, 22119, '2019-07-18', '', '0000-00-00', 0, '', '', 'Increase in the conduct of artificial insemination in goat. ', 'Y'),
(3217, 8, 834, '0000-00-00', '', '0000-00-00', 0, '', '', '', 'C'),
(3218, 8, 2067, '0000-00-00', '', '0000-00-00', 0, '', '', '', 'C'),
(3219, 8, 1044, '0000-00-00', '', '0000-00-00', 0, '', '', '', 'C'),
(3220, 8, 536, '0000-00-00', '', '0000-00-00', 0, '', '', '', 'C'),
(3221, 8, 1271, '0000-00-00', '', '0000-00-00', 0, '', '', '', 'C'),
(3222, 8, 587, '0000-00-00', '', '0000-00-00', 0, '', '', '', 'C'),
(3223, 8, 1899, '0000-00-00', '', '0000-00-00', 0, '', '', '', 'C'),
(3224, 8, 75, '2019-07-22', '', '0000-00-00', 0, '', '', 'Security-related training/seminars is recommended.', 'C'),
(3225, 8, 995, '2019-07-22', '', '0000-00-00', 0, '', '', '', 'Y'),
(3226, 8, 437, '2019-07-19', '', '0000-00-00', 0, '', '', 'Development in Training and Seminar on Customer Service.', 'C'),
(3227, 8, 1089, '2019-07-19', '', '0000-00-00', 0, '', '', 'Need to undergo some trainings and seminars for hotel services and office systems management.', 'Y'),
(3228, 8, 1180, '0000-00-00', '', '0000-00-00', 0, '', '', '', 'C'),
(3229, 8, 69, '0000-00-00', '', '0000-00-00', 0, '', '', '', 'C'),
(3230, 8, 456, '2019-07-19', '', '0000-00-00', 0, '', '', 'Training to upgrade computer literacy (inventory, payroll).', 'Y'),
(3231, 8, 2304, '0000-00-00', '', '0000-00-00', 0, '', '', '', 'C'),
(3232, 8, 2206, '2019-07-22', '', '0000-00-00', 0, '', '', 'Technical training are recommended for him.', 'Y'),
(3234, 8, 593, '0000-00-00', '', '0000-00-00', 0, '', '', '', 'C'),
(3235, 8, 1315, '0000-00-00', '', '0000-00-00', 0, '', '', '', 'C'),
(3236, 8, 1113, '2019-07-18', '', '0000-00-00', 0, '', '', 'Give BADAFCO attention especially on their dairy animals.', 'Y'),
(3237, 8, 1672, '0000-00-00', '', '0000-00-00', 0, '', '', '', 'C'),
(3238, 8, 99, '0000-00-00', '', '0000-00-00', 0, '', '', '', 'C'),
(3239, 8, 2282, '0000-00-00', '', '0000-00-00', 0, '', '', '', 'C'),
(3240, 8, 419, '0000-00-00', '', '0000-00-00', 0, '', '', '', 'C'),
(3241, 8, 728, '0000-00-00', '', '0000-00-00', 0, '', '', '', 'C'),
(3242, 8, 1058, '2019-07-22', '', '0000-00-00', 0, '', '', 'Security-related training/seminars is recommended.', 'C'),
(3243, 8, 151, '0000-00-00', '', '0000-00-00', 0, '', '', '', 'C'),
(3244, 8, 110, '0000-00-00', '', '0000-00-00', 0, '', '', '', 'C'),
(3245, 8, 847, '0000-00-00', '', '0000-00-00', 0, '', '', '', 'C'),
(3246, 8, 1852, '0000-00-00', '', '0000-00-00', 0, '', '', '', 'C'),
(3247, 8, 694, '0000-00-00', '', '0000-00-00', 0, '', '', '', 'C'),
(3248, 8, 460, '2019-07-19', '', '0000-00-00', 0, '', '', 'Always ready to work beyond the regular working hours and does it with cheerful heart / likewise furthermore human resource training.', 'Y'),
(3249, 8, 2155, '0000-00-00', '', '0000-00-00', 0, '', '', '', 'C'),
(3250, 8, 424, '0000-00-00', '', '0000-00-00', 0, '', '', '', 'C'),
(3251, 8, 1345, '2019-07-22', '', '0000-00-00', 0, '', '', 'Technical trainings are recommended for him.', 'Y'),
(3252, 8, 184, '0000-00-00', '', '0000-00-00', 0, '', '', '', 'C'),
(3253, 8, 292, '0000-00-00', '', '0000-00-00', 0, '', '', '', 'C'),
(3254, 8, 2232, '0000-00-00', '', '0000-00-00', 0, '', '', '', 'C'),
(3255, 8, 1717, '2019-07-18', '', '0000-00-00', 0, '', '', 'Recommended for the training and seminar on livestock and poultry production.', 'Y'),
(3256, 8, 996, '0000-00-00', '', '0000-00-00', 0, '', '', '', 'C'),
(3258, 8, 2079, '2019-07-22', '', '0000-00-00', 0, '', '', 'Kindly include Mr. Rabanes in the future seminars / trainings.', 'Y'),
(3259, 8, 2234, '0000-00-00', '', '0000-00-00', 0, '', '', '', 'C'),
(3260, 8, 982, '0000-00-00', '', '0000-00-00', 0, '', '', '', 'C'),
(3261, 8, 1833, '2019-07-22', '', '0000-00-00', 0, '', '', 'Trainer\'s training are ideal for him.', 'Y'),
(3262, 8, 1141, '0000-00-00', '', '0000-00-00', 0, '', '', '', 'C'),
(3263, 8, 2295, '0000-00-00', '', '0000-00-00', 0, '', '', '', 'C'),
(3264, 8, 1137, '2019-07-22', '', '0000-00-00', 0, '', '', 'Security-related training/seminars is recommended.', 'C'),
(3265, 8, 173, '2019-07-22', '', '0000-00-00', 0, '', '', 'Recommended for further training on Housekeeping and SWM seminars', 'Y'),
(3266, 8, 1641, '0000-00-00', '', '0000-00-00', 0, '', '', '', 'C'),
(3267, 8, 1143, '0000-00-00', '', '0000-00-00', 0, '', '', '', 'C'),
(3268, 8, 2068, '0000-00-00', '', '0000-00-00', 0, '', '', '', 'C'),
(3269, 8, 2309, '0000-00-00', '', '0000-00-00', 0, '', '', '', 'C'),
(3270, 8, 1842, '2019-07-22', '', '0000-00-00', 0, '', '', 'Recommended to attend more carpentry trainings.', 'Y'),
(3271, 8, 249, '0000-00-00', '', '0000-00-00', 0, '', '', '', 'C'),
(3272, 8, 1496, '2019-07-18', '', '0000-00-00', 0, '', '', 'Recommended for further training on livestock and poultry production.', 'Y'),
(3273, 8, 529, '2019-07-19', '', '0000-00-00', 0, '', '', 'Undergoing firefighting refresher training course is beneficial to both employee and station.', 'Y'),
(3274, 8, 2264, '0000-00-00', '', '0000-00-00', 0, '', '', '', 'C'),
(3275, 8, 1695, '0000-00-00', '', '0000-00-00', 0, '', '', '', 'C'),
(3276, 8, 22125, '0000-00-00', '', '0000-00-00', 0, '', '', '', 'C'),
(3277, 8, 22131, '2019-07-18', '', '0000-00-00', 0, '', '', 'Have an investigation in insemination rate in swine artificial insemination. ', 'Y'),
(3278, 8, 1941, '0000-00-00', '', '0000-00-00', 0, '', '', '', 'C'),
(3279, 8, 731, '0000-00-00', '', '0000-00-00', 0, '', '', '', 'C'),
(3280, 8, 1073, '0000-00-00', '', '0000-00-00', 0, '', '', '', 'C'),
(3281, 8, 2223, '0000-00-00', '', '0000-00-00', 0, '', '', '', 'C'),
(3282, 8, 1924, '2019-07-22', '', '0000-00-00', 0, '', '', 'Recommended for further training on Housekeeping and SWM seminars.', 'Y'),
(3283, 8, 993, '2019-07-22', '', '0000-00-00', 0, '', '', 'Security-related training/seminars is recommended.', 'C'),
(3284, 8, 755, '2019-07-30', '', '0000-00-00', 0, '', '', 'Security-related training/seminars is recommended.', 'Y'),
(3285, 8, 353, '2019-07-22', '', '0000-00-00', 0, '', '', 'Technical trainings are recommended for him.', 'Y'),
(3286, 8, 22122, '2019-07-19', '', '0000-00-00', 0, '', '', 'Further exposure trainings to enhance and maximize skills potentials for customer satisfaction.', 'Y'),
(3287, 8, 814, '0000-00-00', '', '0000-00-00', 0, '', '', '', 'C'),
(3288, 8, 164, '2019-07-22', '', '0000-00-00', 0, '', '', 'Keep up the good work, but you have to improve your support functions.', 'Y'),
(3289, 8, 1493, '0000-00-00', '', '0000-00-00', 0, '', '', '', 'C'),
(3290, 8, 253, '2019-07-22', '', '0000-00-00', 0, '', '', 'Recommended to attend CSC seminars.', 'Y'),
(3291, 8, 22118, '0000-00-00', '', '0000-00-00', 0, '', '', '', 'C'),
(3292, 8, 1685, '2019-07-22', '', '0000-00-00', 0, '', '', 'Technical training are recommended.', 'Y'),
(3293, 8, 1291, '0000-00-00', '', '0000-00-00', 0, '', '', '', 'C'),
(3294, 8, 256, '0000-00-00', '', '0000-00-00', 0, '', '', '', 'C'),
(3295, 8, 1859, '2019-07-22', '', '0000-00-00', 0, '', '', 'Technical trainings are recommended for him.', 'Y'),
(3296, 8, 1788, '0000-00-00', '', '0000-00-00', 0, '', '', '', 'C'),
(3297, 8, 1997, '2019-07-22', '', '0000-00-00', 0, '', '', 'Enhancement thru training/workshop and seminar and close monitoring of work loads.', 'C'),
(3298, 8, 838, '2019-07-22', '', '0000-00-00', 0, '', '', 'Recommended for further training on Housekeeping and SWM seminars.\n', 'Y'),
(3299, 8, 1822, '2019-07-19', '', '0000-00-00', 0, '', '', 'Very helpful, his skills in tracebacking  and filing was improved.', 'C'),
(3300, 8, 530, '2019-07-22', '', '0000-00-00', 0, '', '', 'Technical trainings are recommended.', 'Y'),
(3301, 8, 2065, '0000-00-00', '', '0000-00-00', 0, '', '', '', 'C'),
(3302, 8, 898, '0000-00-00', '', '0000-00-00', 0, '', '', '', 'C'),
(3303, 8, 402, '2019-07-22', '', '0000-00-00', 0, '', '', 'Security-related training/seminar is recommended.', 'C'),
(3304, 8, 38, '0000-00-00', '', '0000-00-00', 0, '', '', '', 'C'),
(3305, 8, 2136, '0000-00-00', '', '0000-00-00', 0, '', '', '', 'C'),
(3306, 8, 1422, '2019-07-22', '', '0000-00-00', 0, '', '', 'Undergoing firefighting refresher training course is beneficial to both employee and station.', 'Y'),
(3307, 8, 965, '0000-00-00', '', '0000-00-00', 0, '', '', '', 'C'),
(3308, 8, 706, '0000-00-00', '', '0000-00-00', 0, '', '', '', 'C'),
(3309, 8, 774, '0000-00-00', '', '0000-00-00', 0, '', '', '', 'C'),
(3310, 8, 1994, '2019-07-22', '', '0000-00-00', 0, '', '', 'Security-related training/seminars is recommended.', 'C'),
(3311, 8, 1892, '2019-07-19', '', '0000-00-00', 0, '', '', 'Needs to focus.', 'Y'),
(3312, 8, 519, '0000-00-00', '', '0000-00-00', 0, '', '', '', 'C'),
(3313, 8, 716, '0000-00-00', '', '0000-00-00', 0, '', '', '', 'C'),
(3314, 8, 12, '0000-00-00', '', '0000-00-00', 0, '', '', '', 'C'),
(3315, 7, 2289, '2019-07-19', '', '0000-00-00', 0, '', '', 'Should attend trainings and Seminar for the formulation of Ordinances and Resolutions.', 'Y'),
(3316, 7, 102, '2019-07-19', '', '0000-00-00', 0, '', '', 'Should attend trainings and seminar fro the formulation of Ordinance and Resolution.', 'Y'),
(3317, 7, 298, '2019-07-19', '', '0000-00-00', 0, '', '', 'Should attend trainings and seminar for the formulation of Ordinances and Resolutions.', 'Y'),
(3318, 7, 2055, '2019-07-19', '', '0000-00-00', 0, '', '', 'Need to attend employee training and development seminar.', 'Y'),
(3319, 7, 1184, '2019-07-19', '', '0000-00-00', 0, '', '', 'Needs to undergo trainings on legislation.', 'Y'),
(3320, 7, 1326, '2019-07-22', '', '0000-00-00', 0, '', '', 'Recommended to avail leadership training to take on supervisory / management roles.', 'Y'),
(3324, 8, 326, '2019-07-29', '', '0000-00-00', 0, '', '', '', 'C'),
(3325, 7, 767, '2019-07-22', '', '0000-00-00', 0, '', '', 'Leadership trainings are recommended for him to take on more bigger roles.', 'Y'),
(3326, 7, 1963, '2019-07-22', '', '0000-00-00', 0, '', '', 'Security-related training/seminars is recommended', 'C'),
(3327, 8, 22134, '2019-07-30', '', '0000-00-00', 0, '', '', 'Security-related training/seminars is recommended', 'C'),
(3974, 7, 2115, '2019-07-19', '', '0000-00-00', 0, '', '', 'There\'s room for improvement.', 'Y'),
(3975, 8, 1453, '2019-07-29', '', '0000-00-00', 0, '', '', '', 'C'),
(3976, 7, 1563, '2019-08-27', '', '0000-00-00', 0, '', '', '', 'Y');

-- --------------------------------------------------------

--
-- Table structure for table `requestandcoms`
--

CREATE TABLE `requestandcoms` (
  `controlNumber` bigint(20) NOT NULL,
  `dateReceived` datetime DEFAULT NULL,
  `source` text,
  `subject` text,
  `fromDate` date DEFAULT NULL,
  `toDate` date DEFAULT NULL,
  `venue` text,
  `remarks` text,
  `carriedBy` tinytext,
  `date` date DEFAULT NULL,
  `isMeeting` tinytext
) ENGINE=InnoDB DEFAULT CHARSET=latin1;

--
-- Dumping data for table `requestandcoms`
--

INSERT INTO `requestandcoms` (`controlNumber`, `dateReceived`, `source`, `subject`, `fromDate`, `toDate`, `venue`, `remarks`, `carriedBy`, `date`, `isMeeting`) VALUES
(1, '2018-10-30 09:49:58', '', 'Enterprise Development Training for the Value Adding of Cacao', '2018-11-08', '2018-11-08', 'Plaza Maria Luisa Suites Inn Dumaguete City', '', '', '0000-00-00', 'no'),
(2, '2018-10-30 10:07:34', '', 'Regionwide Measles and Polio Supplemental Immmunization Activity', '2018-11-05', '2018-11-05', 'Plaza Mari luisa Inn, Dumaguete City, Neg. Or.', '', '', '0000-00-00', NULL),
(3, '2018-10-30 10:23:34', '', 'Regional Health Summit and Awarding Ceremony', '2018-11-15', '2018-11-15', 'Grand Convention Center of Cebu, Archibishop Reyes Avenue, Cebu City', '', 'Freddie', '2018-11-07', NULL),
(4, '2018-10-30 10:27:14', '', 'Program Implementation Review of the Vector-borne Diseases Program', '2018-11-13', '2018-11-14', 'Sarrosa Int&#039;l. Hotel and Res. Suites, F. Cabahug St., Kasambagan, Cebu City', '', '', '0000-00-00', NULL),
(5, '2018-10-30 10:48:22', '', '14th National Convention and Annual Seminar on Real Property and Assessment', '2019-01-29', '2019-02-01', 'SMX Convention Center, Lanang, Davao City', '', 'Fredie', '2018-10-30', 'no'),
(6, '2018-10-30 11:48:37', '', 'ACREPONO', '2018-01-12', '2018-01-12', 'Dumaguete City', '', '', '0000-00-00', 'yes'),
(7, '2018-10-30 11:56:50', '', 'SAAD', '2018-01-29', '2018-01-29', 'Dumaguete City', '', '', '0000-00-00', NULL),
(8, '2018-10-30 11:59:12', '', 'Break the Silence National Network Buklod Trng. Sigaw 2018', '2018-02-12', '2018-02-13', 'Bacolod City', 'FILE 01/28/19', '', '0000-00-00', 'no'),
(9, '2018-10-30 13:10:14', '', 'DOHRO 4th Quarter Workshop', '2018-01-10', '2018-01-10', 'Bohol', '', '', '0000-00-00', 'no'),
(10, '2018-10-30 13:21:37', '', 'Farm Tourism 101 Course with Farm Guiding Workshop', '2018-01-30', '2018-02-01', 'Zambales', '', '', '0000-00-00', 'no'),
(11, '2018-10-30 13:26:36', '', 'Excellence in Costumer Service', '2018-02-04', '2018-02-04', 'Dumaguete City', '', '', '0000-00-00', 'no'),
(12, '2018-10-30 13:29:02', '', '4th Phil. Eco Tourism 101', '2018-03-21', '2018-03-23', 'Palo, Leyte', '', '', '0000-00-00', NULL),
(13, '2018-10-30 13:31:08', '', 'Nationwide Info. Caravan', '2018-02-13', '2018-02-13', '', '', '', '0000-00-00', NULL),
(14, '2018-10-30 13:33:05', '', 'PMDT', '2018-01-24', '2018-01-26', 'Bohol', '', '', '0000-00-00', NULL),
(15, '2018-10-30 13:43:50', '', 'PHILLBO-22nd Annual Convention', '2018-04-10', '2018-04-13', 'Davao City', '', '', '0000-00-00', 'conference'),
(16, '2018-10-30 13:46:34', '', 'LMP C/MPDC&#039;s', '2018-01-26', '2018-01-26', 'Dumaguete City', '', '', '0000-00-00', NULL),
(17, '2018-10-30 13:51:11', '', 'LOGOMEAP 35th National Convention', '2018-04-03', '2018-04-06', 'Batangas City', '', '', '0000-00-00', 'conference'),
(18, '2018-10-30 13:57:37', '', 'ACREPONO', '2018-11-09', '2018-11-09', 'Manhattan, Dumaguete City', '', '', '0000-00-00', 'yes'),
(19, '2018-10-30 14:01:00', '', 'Rice Crop Manager Updating, review and Planning Workshop', '2018-11-12', '2018-11-13', 'Sea Dream Resorts, Dauin, Neg. Or.', 'Pls. allow Imelda Gabuya to attend the updating program for rice technicians.', 'Fredie', '2018-11-08', 'no'),
(20, '2018-10-30 14:40:59', 'DILG', 'Visayas Cooperative Conference on Climate Change Adaptation and Mitigation', '2018-11-22', '2018-11-23', 'Palo, Leyte', 'We may send any CENRO representative in this conference.', 'Freddie', '2018-11-08', 'conference'),
(21, '2018-10-30 14:45:59', '', 'understanding Regulatory Guidance', '2018-11-08', '2018-11-08', 'Dapdap,Sunsit Grill, Pangi, Siquijor, Siquijor.', '', '', '0000-00-00', NULL),
(22, '2018-10-30 16:02:19', 'DILG', 'Participation to conference and congress of implementing partners in civil registration', '2018-11-12', '2018-11-16', 'Caloocan City Sports Coliseum, Bagoumbong, Caloocan City', NULL, NULL, NULL, 'conference'),
(23, '2018-10-31 10:27:23', '', 'TISP', '2018-02-13', '2018-02-13', 'Dumaguete City', NULL, NULL, NULL, NULL),
(24, '2018-10-31 10:34:05', '', 'PHA', '2018-02-01', '0018-02-22', 'Dumaguete City', NULL, NULL, NULL, NULL),
(25, '2018-10-31 10:36:30', '', 'ACREPONO', '2018-02-09', '2018-02-09', 'Dumaguete City', NULL, NULL, NULL, 'yes'),
(26, '2018-10-31 10:38:30', '', 'AMINO', '2018-02-06', '2018-02-06', 'Pamplona, Neg. Or.', NULL, NULL, NULL, 'yes'),
(27, '2018-10-31 10:41:29', 'DILG', 'Attendance to the 14th Community Based Monitoring System (PNC)', '2018-03-05', '2018-03-07', 'Quezon City', NULL, NULL, NULL, NULL),
(28, '2018-10-31 10:44:43', '', 'Planning and Dev&#039;t. Professionalization Course', '2018-02-06', '2018-02-09', 'Dumaguete City', '', '', '0000-00-00', 'no'),
(29, '2018-11-06 13:41:04', 'DILG', '2nd NABPLO National Convention', '2018-11-26', '2018-11-28', 'Marco Polo Hotel, Davao City', 'we may send Vivian Tenefrancia, our BPLO in charge, in this convention.', 'Fredie', '2018-11-08', 'conference'),
(30, '2018-11-06 13:49:25', 'CIASP', 'Risk Based Internal Auditing for Local govt. units', '2018-11-26', '2018-11-29', 'Makati City', NULL, NULL, NULL, NULL),
(31, '2018-11-06 13:54:03', 'DENR', 'Seminar Workshop on greenhouse Gas Emission Inventory and mainstreering of ecosystem based approach on adaptation', '2018-11-19', '2018-11-23', 'Dumaguete City', 'Pls. allow Mr. Joel Baterna participate in this 5 day workshop on climate change adaptation.', 'Fredie', '2018-11-08', 'no'),
(32, '2018-11-06 13:58:50', 'DILG', 'Year End Regional Assembly', '2018-12-05', '2018-12-07', 'Cebu City', 'Pls. allow the ff. representative of city teasurer office to attend this very impt. evaluation', 'Jonathan', '2018-11-21', 'yes'),
(33, '2018-11-06 14:01:28', '', 'Inspired: Eight Strategies for Ending Violence Against Children. Ako Para sa Bata.', '2018-11-19', '2018-11-20', 'Manila', 'I think there are better prog. interventions we can send our social workers to. Besides, they have been attending more intensive programs on handling such cases.', 'Freddie', '2018-11-08', NULL),
(34, '2018-11-07 09:24:52', '', '85th Phaltra', '2018-03-06', '2018-03-07', 'Pasay City', NULL, NULL, NULL, 'conference'),
(35, '2018-11-08 08:44:29', 'ATRIEV', 'Introduction to Computer Science', '2018-11-05', '2018-12-04', 'Atriev Center Cubao, Quezon City', '', 'Freddie', '0000-00-00', NULL),
(36, '2018-11-08 08:55:08', '', '5th Central Visayas Regional Assembly of Tourism Officers', '2018-11-19', '2018-11-19', 'Mandaue City', 'Pls. allow Irel Manansala attend the assembly of Tourism Officers', 'Fredie', '2018-11-08', NULL),
(37, '2018-11-08 08:59:21', '', '68th Annual General Membership Meeting and ', '2018-11-22', '2018-11-24', 'Cagayan de oro City', 'Pls. allow Engr. Arquio to attend this convention, relevant to his function in the ITS.', 'Freddie', '2018-11-08', 'yes'),
(38, '2018-11-08 11:54:17', '', 'Regional Small Water Irrigation System ssociation SWISA', '2018-11-13', '2018-11-15', 'Baclayon, Bohol', 'Pls. allow the invited representatives to access funds for their travelling expenses.', 'Freddie', '2018-11-08', NULL),
(39, '2018-11-08 14:50:56', 'PPA', '2nd Phil. Permaculrure Convergence', '2018-11-16', '2018-11-18', 'Los Ba&ntilde;os, Laguna', 'Pls. consider the endorsement of K. Artes , as this can further enhance the technical skills of our people.', 'Fredie', '2018-11-08', NULL),
(40, '2018-11-09 09:13:30', '', 'Consultation Meeting', '2018-11-20', '2018-11-20', 'Dumaguete City', 'This consultation meeting is relevant to our disaster preparedness program. Pls. consider the recommendation of CSWD.', 'Fredie', '2018-11-09', 'yes'),
(41, '2018-11-09 09:18:21', '', 'RIC National Convention', '2018-11-27', '2018-11-29', 'Villa Caceres Hotel, Naga City ', 'we can probably decline this invitation.', 'Fredie', '2018-11-09', 'conference'),
(42, '2018-11-09 15:27:26', '', 'A key to a stronger Meat Inspection System', '2018-11-13', '2018-11-15', 'Panorama Summit Hotel, Tigatto Road, Buhangin, Davao City', 'Pls. allow Nida Baldomero to attend this summit meat inspection system.', 'Fredie', '2018-11-09', 'yes'),
(43, '2018-11-12 14:09:48', '', 'Fish Right Program Launching', '2018-11-20', '2018-11-20', 'Iloilo City', 'I believe maam Faith Napigkit could best represent us in this forum. Pls. allow her to attend said activity.', 'Fredie', '2018-11-15', NULL),
(44, '2018-11-12 14:11:40', 'Department of Agriculture', 'Regional Advisory Committee on Animal Disease Control and Emergency 7 ', '2018-11-27', '2018-11-27', 'Subangdaku, Mandaue City', 'Pls. allow Maam Nida Baldomero attend this meeting', 'Fredie', '2018-11-15', NULL),
(45, '2018-11-12 14:13:51', 'DILG', 'Roll out of the peoples law enforcement Board On Line Database system and legal skills enhancement trng.', '2018-11-26', '2018-11-27', 'Dumaguete City', 'Pls. Allow the following representative of Bayawan to attend: PLEB members', 'Fredie', '2018-11-15', 'no'),
(46, '2018-11-13 14:23:45', 'NDA', 'Dairy Partners Consultative Forum', '2018-11-20', '2018-11-20', 'Cityscape Hotel, Subangdako, Mandaue City Cebu', 'Pls. allow our chosen representative to attend this forum.', 'Fredie', '2018-11-15', 'yes'),
(47, '2018-11-13 14:27:46', 'PHO', 'Program Implementation Review and TB Updates', '2018-12-07', '2018-12-07', 'Southview Hotel, Dumaguete City', 'This is their annual program update. pls. consider. Thanks', 'Freddie', '2018-11-15', 'orientation'),
(48, '2018-11-13 14:31:09', 'DOH', '2nd Coordinative Meeting/Workshop for HEPOs/IOs', '2018-11-21', '2018-11-23', 'Kasambagan, Cebu City', 'This is regular coordinative meeting of DOH', 'Freddie', '2018-11-15', 'no'),
(49, '2018-11-13 15:19:45', 'PSA', 'LBOA-Monthly Coordination Meeting', '2018-11-23', '2018-11-23', 'Dumaguete City', 'Pls. allow Engr. Torres to attend in this meeting', 'Freddie', '2018-11-15', 'yes'),
(50, '2018-11-15 08:29:25', 'PHO', 'BEmONC Skills Training Course for Midwives', '2018-11-19', '2018-11-25', 'Cebu City', 'Pls. allow the recommended midwife to represent Bayawan Skills training.', 'Jonathan', '2018-11-15', 'no'),
(51, '2018-11-15 08:55:06', 'DILG', 'Youth Engagement in local Governance Forum and Workshop of the National Movement of Young Legislators', '2018-12-04', '2018-12-06', 'Sofitel Phil. Plaza Manila, Pasay City', NULL, NULL, NULL, 'no'),
(52, '2018-11-15 11:03:44', 'Regional Juvenile Justice and Welfare Committee Reg. VII', 'Training For House Parents of CICL Centers', '2018-11-19', '2018-11-21', 'Lapu-Lapu City', 'FILE', '', '2018-12-04', 'no'),
(53, '2018-11-19 09:25:20', 'PATCO', 'Rice Program Implementers&#039; consultative meeting', '2018-11-26', '2018-11-26', 'Plaza Maria Luisa Suites Inn, Dumaguete City', 'Pls. consider recommendation of City Agriculture office to send Imelda Gabuya.', 'Jonathan', '2018-11-22', 'yes'),
(54, '2018-11-19 11:57:28', 'DILG', 'Local Anti-Corruption Plan Workshop', '2018-11-26', '2018-11-26', 'Hotel Del Rio, Ilo-ilo City', 'Pls. allow the ff. LGU representatives in this workshop', 'Jonathan', '2018-11-21', 'no'),
(55, '2018-11-20 15:12:48', 'Technical Education and Skills Devt. Authority', 'Regional CTEC&#039;S Congress ', '2018-11-28', '0018-11-22', 'South view Hotel Lamberto Macias Rd, South National H way Banilad, Dumaguete City', 'Pls. allow Mr. Efren Tuisa to attend this Congress', 'Jonathan', '2018-11-21', NULL),
(56, '2018-11-20 15:16:43', 'PIA', 'Anopia', '2018-11-22', '2018-11-22', 'Bethel Guest House, Dumaguete City', 'Pls. allow Jude Cabangal or his representative to attend this briefing orientation', 'Jonathan', '2018-11-21', 'yes'),
(57, '2018-11-20 15:18:17', 'OPA', 'Quarterly Meeting for Local Farmer Techniciansand the assisting Agricultural Extension Workers ', '2018-11-26', '2018-11-26', 'Hotel Essencia, Dumaguete City', 'Pls. consider recommendation of city Agriculture Office in this seminar', 'Jonathan', '2018-11-21', 'yes'),
(58, '2018-11-21 10:41:21', '', 'Central Visayas Chapter Organizational Meeting', '2018-11-28', '0000-00-00', 'Cebu Northwinds Hotel, Salinas Drive, Cebu Ciuty', '', 'Jonathan', '2018-11-21', 'yes'),
(59, '2018-11-23 08:45:39', 'DOLE', 'YEPA', '2018-12-06', '2018-12-07', 'Bethel, Dumaguete City', 'Pls. allow Mr. Efren Tuisa to attend their associations year end assessment', 'Fredie', '2018-12-04', NULL),
(60, '2018-11-23 10:30:15', 'PVO', 'AMINO', '2018-12-05', '2018-12-05', 'Dauin, Neg. Or.', 'Pls. Allow our Meat Inspectors to attend their monthly meeting', 'Fredie', '2018-12-04', 'yes'),
(61, '2018-11-23 10:31:33', 'DBM-Region IV', 'Govt. Procurement Reform', '2018-12-10', '2018-12-12', '', 'Lets send Mr. Van Alvaran in this workshop on Procurement Laws, relevant to his audit functions, He may also bring w/him Fred Ian trayvilla, one of his MAA Staff.', 'Fredie', '2018-12-04', NULL),
(62, '2018-11-27 09:21:24', 'PSWDO', 'Year-End Program Review ', '2018-12-19', '2018-12-19', 'Visionaire Lounge Convention Center, Dumaguete City', 'Pls. consider request toi send CSWD personnel in the ff. activities.', 'Fredie', '2018-12-07', NULL),
(63, '2018-11-27 09:24:45', 'PSWDO', '11th Day Care Workers Convention', '2018-12-18', '2018-12-18', 'Negros Oriental Convention Center, Dumaguete City', 'Pls. consider request to send CSWD personnel in the ff. activities.', 'Fredie', '2018-12-07', 'conference'),
(64, '2018-11-27 09:26:34', 'DSWD', 'Orientation on Different National Laws on Older Persons for Brgy. Captains', '2018-12-13', '2018-12-13', 'Hotel Essentia, Real St., Dumaguete City', 'For your reference as to who to be sent in thos seminar', 'Fredie', '2018-12-04', 'orientation'),
(65, '2018-11-28 09:09:23', 'NNC', '4th Quarter Federation of Brgy. Nutrition Scholars&#039; Assnts. of Region VII Mtng. 2018', '2018-11-06', '2018-12-07', 'Golden Valley Hotel, Cebu City', 'Pls. consider recommendation of Dr. Daculka to send BNS Pres. Marifel Macasulot this conference.', 'Fredie', '2018-12-04', 'yes'),
(66, '2018-11-28 10:21:28', 'PSA', 'ACREPONO', '2018-12-06', '2018-12-07', 'White Chocolate Hills, Zamboanguita, Neg. Or.', NULL, 'Fredie', '2018-12-04', 'yes'),
(67, '2018-11-28 10:38:11', '', 'Participation Year-End Summit', '2018-12-12', '2018-12-14', 'Cebu Business Hotel, Colon-Junquera Sts., Cebu City', NULL, NULL, NULL, NULL),
(68, '2018-11-28 10:44:26', '', 'MCC Write-shops: 4th Quarter Corn Technicians Mtng. ', '2018-12-06', '2018-12-07', 'Baybayon Resort, Cangmating, Sibulan, Neg. Or.', NULL, NULL, NULL, 'yes'),
(69, '2018-11-29 15:29:18', 'DOA', '4th Quarter MAOCAMA Conference and Year-End Accomplishment Review', '2018-12-04', '2018-12-05', 'Hotel Essencia, Dumaguete City', 'Pls. allow Mr. Nel Muralla to attend the planning and review session of their ssociation', 'Fredie', '2018-12-04', 'conference'),
(70, '2018-12-03 11:01:10', 'DA PATCO', '4th Quarter Corn Technicians Mtng. Year End Review', '2018-12-06', '2018-12-07', 'Baybayon Resort, Cangmating, Sibulan, Neg. Or.', 'Pls. allow our Brgy. Agri. Technicians to participate in this yr-end review together w/ Mr. Muralla.', 'Fredie', '2018-12-04', 'yes'),
(71, '2018-12-03 11:19:31', 'DTI', 'Year End CCW Consultative Meeting', '2018-12-14', '2018-12-15', 'Mahogany Upland Resort, Dauin, Neg. Or.', 'As DTI coordinator in this LGU, pls. allow the ff. CCMDO staff to atend their year end assessment.', 'Fredie', '2018-12-04', 'yes'),
(72, '2018-12-04 09:51:11', '', 'Eco-Solid Waste Mgt. System Final Disposal Facility ', '2018-12-12', '2018-12-14', 'Cebu City', 'Pls. allow Mr. Joel Baterna, Engr. Antonio Aguilkar, and Engr. Fred Tuale to participate this summit', 'Fredie', '2018-12-04', NULL),
(73, '2018-12-04 12:31:15', 'DOH', 'Year End Program Implementation Review (PIR)/Consultative Meeting', '2018-12-05', '2018-12-07', '', 'Pls. allow CHO representative Napoleon Capulso in this meeting.', 'Fredie', '2018-12-04', 'yes'),
(74, '2018-12-04 12:46:47', 'TESDA', 'National CTEC Congress', '2018-12-10', '2018-12-14', 'Davao City', 'Pls. allow Mr. Efren Tuisa participate in this Congress.', 'Fredie', '2018-12-04', 'yes'),
(75, '2018-12-04 15:54:40', 'DILG', 'Participation in the YMCA Youth Leaders Campference on DRRM-CCA', '2018-12-26', '2018-12-28', 'Talay, Dumaguete City', NULL, NULL, NULL, NULL),
(76, '2018-12-05 10:22:35', 'PATCO', 'Componentr Coordinators and Rice Technicians 4th Quarter Mtng. and year End Review Accomplishment ', '2018-12-11', '2018-11-12', 'Plaza Maria Luisa Suites Inn, Dumaguete City', 'Pls. allow the ff. technicians to attend their year end assessment.', 'Fredie', '2018-12-07', 'yes'),
(77, '2018-12-05 11:05:03', 'PATCO', 'CY 2018 HVCDP Year End Assessment Review cum Workshop', '2018-12-10', '2018-12-10', 'Baybayob Beach Resort, Cangmating, Sibulan.', NULL, NULL, NULL, 'no'),
(78, '2018-12-05 15:10:36', '', 'ANOPIA Year End Assessment and Conference', '2018-12-10', '2018-12-10', 'Dauin, Neg. Or.', 'Pls. allow Jude Cabangal to participate in their associations regular monthly meeting.', 'Fredie', '2018-12-07', 'conference'),
(79, '2018-12-06 15:42:11', 'PNC', 'Capacity Enhancement on the Roles of Brgy. Nutrition Scholars', '2018-12-17', '2018-12-17', 'Lamberto Macias Sports Complex, Dumaguete City', 'FILE 12/7/18', '', '0000-00-00', NULL),
(80, '2018-12-06 15:45:59', 'PSA', 'LBOA', '2018-12-14', '2018-12-14', 'Bahura, Dauin, Neg. Or.', 'Pls. allow Engr. Torres to attend this meeting.', 'Fredie', '2018-12-07', 'yes'),
(81, '2018-12-07 15:59:46', 'DOH', 'Regional Service Delivery Network Meeting', '2018-12-10', '2018-12-10', 'Cebu City', 'The ff. NDP nurses detailed in our LGU, are requested to participate in their conference. Pls. consider.', 'Fredie', '2018-12-07', 'yes'),
(82, '2018-12-10 09:07:56', 'PAO', 'LFTs', '2018-12-06', '2018-12-07', 'Sea Dream Resorts, Dauin, Neg. Or.', 'File 12/7/18.\r\n', '', '0000-00-00', NULL),
(83, '2018-12-10 09:24:02', '', 'IMAP, Yearly activity local convention', '2018-12-08', '2018-12-08', 'Hotel Essencia, Dumaguete City', 'FILE 12/7/18', '', '0000-00-00', ''),
(84, '2018-12-10 09:46:38', 'PLLENRO', '10th PLLENRO Convention', '2019-02-27', '2019-03-02', 'Asturias Hotel, Puerto Princesa, Prov. of Palawan', NULL, NULL, NULL, 'conference'),
(85, '2018-12-10 09:55:58', 'VISMINFCR', '5th Visayas-Mindanao Consultative Workshop', '2019-03-11', '2018-03-15', 'CEbu City', 'FILE 12/07/18', '', '0000-00-00', 'seminar'),
(86, '2018-12-12 08:44:59', 'DOH', 'Working Together towards Improving the Health Literacy of the people in Central Visayas', '2018-12-19', '2018-12-19', 'Cebu City', '', 'Fredie', '2018-12-17', NULL),
(87, '2018-12-17 09:06:07', 'PVO', 'AMINO', '2018-01-10', '2018-01-10', 'Dumaguete City', '', '', '0000-00-00', 'yes'),
(88, '2019-01-04 08:39:00', 'PSA', 'meeting', '2019-01-11', '2019-01-11', 'Manhattan, Dumaguete City', NULL, NULL, NULL, 'yes'),
(89, '2019-01-04 08:43:11', 'DOH', '4th Quarter 2019 Consultative Workshop for PMDT', '2019-01-13', '2019-01-17', 'Cebu City', 'endorsing the recommendation of CHO for attendance of Lobella Ilagan in the consultative worshop', 'Freddie', '2019-01-04', 'no'),
(90, '2019-01-11 10:01:31', 'G Mail', 'Unlocking Potential of People and Organisations', '2019-01-21', '2019-01-22', 'Dumaguete City', 'I wish to attend this trng. together w/ the ff. Colleagues: Angelo Gasendo\nMaria. Janssen Eumague.', 'Jonathan', '2019-01-11', 'no'),
(91, '2019-01-15 09:09:34', 'PSA', 'Consultative Forum', '2019-01-21', '2019-01-21', 'Tacloban City', 'Pls. allow Mrs. Gigi Sadiasa to attend the consultative Forum of registrars in\r\nTacloban City.', 'Fredie', '2019-01-15', 'conference'),
(92, '2019-01-15 09:11:17', 'LOGOMEAP', '33rd Annual Consulltative Conference ', '2019-04-23', '2019-04-26', 'Iloilo City', NULL, 'Fredie', '2019-01-16', 'conference'),
(93, '2019-01-15 15:49:07', 'DOA', '3rd Regional Corn Congress', '2019-01-23', '2019-01-25', 'Hagnaya Beach Club, San Remegio, Cebu', 'Pls. allow Adrian Enriquez to represent our LGU in this Regional Congress.', 'Fredie', '2019-01-16', 'conference'),
(94, '2019-01-15 15:51:47', 'Searice', 'Workshop for Luzon and Visayas', '2019-01-22', '2019-01-23', 'Quezon City', 'this is a good opportunity to explore, Pls. allow Mr. Eugene Gasendo to participate in this workshop.', 'Fredie', '2019-01-16', 'no'),
(95, '2019-01-15 15:55:11', 'DOLE', 'Rapesom 7 YEPA', '2019-01-23', '2019-01-25', 'Dauin, Negros Oriental', 'Pls. allow our PESO Manager, Mr. Efren Tuisa attend the DOLE Planning Workshop.', 'Fredie', '2019-01-16', NULL),
(96, '2019-01-15 16:29:26', 'BFAR', 'Assessment of M/CFARMC&#039;s ', '2019-01-22', '2019-01-22', 'Dumaguete City', 'Pls. allow Faitrh Napigkit to attend the BFAR assessment together w/CFARMC Chairman (Engr. Maturan)', 'Fredie', '2019-01-16', NULL),
(97, '2019-01-16 11:41:06', 'PSA', 'LBOA', '2019-01-25', '2019-01-25', 'Zamboanguita,  Negros Oriental', 'Pls. allow CEO representative, Engr. Nolan Moncal to attend this meeting.\r\n For your approval.', 'Jonathan', '2019-01-24', 'yes'),
(98, '2019-01-16 12:00:40', '', 'Housing and Land Use Regulatory Board', '2019-01-16', '2019-01-16', '', 'Maayor, I beleive Ken has discussed w/ you thoroughly the purpose of this very impt. workshop concerning CLUP revision. Thus Iam endorsing all recommended participants to take part in this endeavor. For your consideration.', 'Fredie', '2019-01-16', NULL),
(99, '2019-01-16 13:19:48', '', 'GWAVE', '2019-01-18', '2019-01-18', 'Dumaguete City', 'Pls. allow ou social Worker Christine Tenefrancia to participate in the GWAVE Orientation.', 'Fredie', '2019-01-16', NULL),
(100, '2019-01-21 09:43:08', 'PHO', 'Training on the Manual of Procedures of the Basic Leprosy Mgt. and Diagnosis for Physicians, Nurses and Medical Technologist.', '2019-01-24', '2019-01-25', 'South View Hotel, Banilad, Dumaguete City', 'This is an impt. trng. for our heath professionals.Recommended are the ff:Dra. Cerrado, C. Gasendo, R. Aborido.', 'Fredie', '2019-01-23', 'no'),
(101, '2019-01-21 10:20:00', 'DSWD', 'Learning and Devt. Intervention on the Mgt. of LGU-Social Welfare and Devt. Prog.', '2019-02-11', '2019-02-16', 'Region IV', 'Endorsing said request of Mrs. Tuale, as this is highly relevant need/intervention to their office.', 'Jonathan', '2019-01-28', 'no'),
(102, '2019-01-22 11:35:35', 'PIA', 'ANOPIA', '2019-01-24', '2019-01-24', 'Sidlakang Neg. Village Conference Hall, Dumaguete City', 'FILE', '', '0000-00-00', 'yes'),
(103, '2019-01-24 13:31:40', 'DOA', 'Prov. Consultation of the Trng. and Ext. Prog. for CY 2019', '2019-01-31', '2019-01-31', 'Hotel Essencia, Dumaguete City', NULL, NULL, NULL, 'no'),
(104, '2019-01-28 13:26:33', 'Agricultural Trng. Institute -RTC 7', 'Provincial Consultation of the Trng. and Ext. Prog. for CY 2019', '2019-01-31', '2019-01-31', 'Hotel Essencia, Dumaguete City', 'Ols. allow Mr. Murulla attend this meeting for trng. & Ext. progs. of his dept.', 'Jonathan', '2019-01-28', 'no'),
(105, '2019-01-28 13:42:37', '', 'CSWD ', '2019-02-08', '2019-02-22', 'Cebu City', 'Pls. allow the participation of CSWD & Kalipi representaives in this meting. For your approval.', 'Jonathan', '2019-01-28', NULL),
(106, '2019-01-28 13:54:38', '', 'Seminar on Phil. National Standards for Organic Agriculture and Organic Livestock Prod. and Mgt.', '2019-02-13', '2019-02-16', 'Siquijor Province', 'This could be of help to our livestock production program. Pls. consider.', 'Fredie', '2019-01-31', 'seminar'),
(107, '2019-01-28 14:17:05', '', 'National Seminar on Public Accountability and People&#039;s Participation in Elections: Keys to Effective Local Governance', '2019-02-06', '2019-04-24', '', 'FILE 02/28/19', '', '0000-00-00', 'seminar'),
(108, '2019-01-29 10:55:33', 'PVO', 'Amino General Monthly meeting', '2019-02-06', '2019-02-06', 'Pamplona, Neg. Or.', 'Pls. allow our meat inspectors attend their monthly meeting.', 'Fredie', '2019-01-31', 'yes'),
(109, '2019-01-30 15:24:05', 'RAFEN-7', 'Ist Quarterly Meeting for 2019', '2019-02-08', '2019-02-08', 'Cebu Palm Grass Hotel, Junquera St. Cebu City', 'Pls. allow Mr. Muralla to attend this quarterly meeting.', 'Fredie', '2019-02-07', 'yes'),
(110, '2019-01-31 09:26:45', 'PSA', 'ACREPONO', '2019-02-08', '2019-02-08', '', 'Pls. allow Mam Gigi Sadiasa to attend their monthly meeting in PSA', 'Fredie', '2019-01-31', 'yes'),
(111, '2019-02-01 11:14:58', 'Phil. Academy of Family Physicians, Inc. ', '58th Anniversary and Annual Convention of the PAFP ', '2019-03-06', '2019-03-09', 'Phil. Int&#039;l. Convention Center.', 'Pls. allow Dra. Fiah Cerrado to attend the annual convention of physicians, where she will also receive her medical title.', 'Fredie', '2019-02-08', 'conference'),
(112, '2019-02-01 14:50:12', 'PATCO', 'Consultative Meeting cum workshop with Implementors on Seed Exchange Project.', '2019-02-07', '2019-02-07', 'Hotel Essencia, Dumaguete City', 'Filed-02/08/19\r\n', '', '0000-00-00', 'yes'),
(113, '2019-02-01 14:52:42', 'Agriculture Systems Institute', 'FSTP', '2019-02-27', '2019-02-27', 'UP Los Ba&ntilde;os, College, Laguna', 'Filed-2/8/19', '', '0000-00-00', NULL),
(114, '2019-02-04 14:45:03', 'DOA', 'RAC-ADCE7', '2019-02-07', '2019-02-07', 'Bru&ntilde;idor St., Cogon, Tagbilaran City, Bohol', NULL, NULL, NULL, 'seminar'),
(115, '2019-02-06 08:48:50', 'BLGF', '86th PHALTRA', '2019-03-04', '2019-03-07', 'Waterfront Cebu City', 'Pls. allow our assessors personnel to participate in this annual convention. Aside from Mr. Belingan, the two tax mappers  have never attended such convention For your approval.', 'Fredie', '2019-02-15', 'seminar'),
(116, '2019-02-06 08:56:55', '', 'DRRM-H (HERPRRP) Plan', '2019-02-20', '2019-02-22', '', 'This is highly relevant for us in setting up/enhancing our emergency peration center. As such, pls. allow the ff. reprentatives to attend. for youur approval.', 'Fredie', '2019-02-15', 'no'),
(117, '2019-02-06 09:11:08', 'DENR', 'Action Planning Activity', '2019-02-08', '2019-02-08', '', NULL, NULL, NULL, 'no'),
(118, '2019-02-06 11:50:05', 'TIPC', 'The Construction Industry Forum 2019 w/R.A. 11058 OSH Law', '2019-02-13', '2019-02-13', 'Dumaguete City', 'Pls. consider request of Mr. Efren Tuisa relevant to labor-relations component of this forum. We may send Ms. Geraldine Capulso to attend. For yuor approval.', 'Fredie', '2019-07-08', 'yes'),
(119, '2019-02-07 10:34:46', 'DILG', '2 day Prov. Wokshop on City/Mun.Commitment Setting', '2019-02-12', '2019-02-13', 'Bethel Guest House, Dumaguete City', 'Pls. allow the ff. representatives in this workshop.', 'Fredie', '2019-02-07', 'yes'),
(120, '2019-02-08 08:38:10', 'United Architects of the Phils.', 'ACA 2019', '2019-02-22', '2019-02-23', 'Roxas City, Capiz', 'Pls. allow our architects to participate in this assembly; 1. Arch. Jerome Mission 2. Arch. Vladimir Reyes. For your approval.', 'Fredie', '2019-02-08', 'yes'),
(121, '2019-02-08 09:17:54', 'DENR', 'Orientation/implementation fo RIVERS for Life', '2019-02-22', '2019-02-22', 'Hotel Essencia, Dumaguete City', 'Pls. consider endorsement of Monico Galen Bollos to this meeting.', 'Fredie', '2019-02-08', 'no'),
(122, '2019-02-08 09:27:41', 'SWEEP', 'Zero Waste Sari-Sari Store Workshop', '2019-02-18', '2019-02-21', 'Sipalay City', NULL, NULL, NULL, 'no'),
(123, '2019-02-08 09:40:06', 'PSA', 'ACREPONO', '2019-03-26', '2019-03-28', 'Siquijor, Siquijor', NULL, 'Fredie', '2019-02-12', 'yes'),
(124, '2019-02-11 09:00:12', 'CIASP', 'Trng. and Consultancy Co. specializing in internal audit', '2019-02-26', '2019-03-01', 'Makati City', NULL, 'Junecy', '2019-02-11', 'no'),
(126, '2019-02-11 09:30:32', 'DSWD', 'Trng. for Social Workers on Handling Children in Conflict w/ the Law.', '2019-02-20', '2019-02-22', 'Cebu City', 'This is an impt. trng. to our ocial Worker in charge of CICL. As such, pls. allow Mary Jean Mortillero to attend this trng. For your approval', 'Fredie', '2019-02-12', 'no'),
(127, '2019-02-11 10:07:32', 'BFAR', 'Quarterly Mtng.', '2019-02-13', '2019-02-13', 'Dumaguete City', '', 'Freddie', '2019-02-12', 'yes'),
(128, '2019-02-11 10:39:57', 'DOA', 'Neg. Or. Consolidated Organic Practitioners Mtng.', '2019-02-19', '2019-02-19', 'Dauin, Negros Oriental', 'We may send our representatives in this forum:', 'Fredie', '0019-02-21', 'yes'),
(129, '2019-02-12 10:05:25', 'United Architects of the Phils.', '45th National Convention ', '2019-04-11', '2019-04-13', 'Pasay City Metro Manila', 'Pls. allow Arch. Jerome Mission to attend the Annual Convention of Architects. For your approval.', 'Fredie', '2019-02-15', 'no'),
(130, '2019-02-14 15:01:07', 'Agricultural Trng. Institute -RTC 7', 'Food Safety for Agricultural Workers', '2019-03-04', '2019-03-06', 'Cebu City', 'Trng. on food safety in agri-based products are necessary, As such, pls. allow the participaion of Cristy Dianson, ou RIC coordinaor to this training. For your approval.', 'Fredie', '2019-02-15', 'no'),
(131, '2019-02-14 16:10:34', 'PSA', 'LBOA', '2019-02-22', '2019-02-22', 'Dumaguete City', 'Pls. allow one of our CEO representatives to attend this meeting: Engr. Nola Moncal or Engr. Vice Ng. For your approval.', 'Fredie', '2019-02-15', 'yes'),
(132, '2019-02-15 09:52:47', 'FHSIS', 'Data Validation and Reconciliation of Jan-DEc. 2018', '2019-02-19', '2019-02-19', 'Plaza Maria Luisa Suites Inn, Dumaguete City', 'Endorsing recommendation/coordinator in this impt. mtng. For your approval.', 'Fredie', '2019-02-15', 'yes'),
(133, '2019-02-15 10:05:45', 'PVO', 'Ist Quarter BOT Meeting', '2019-03-01', '2019-03-01', 'Dumaguete City', NULL, NULL, NULL, 'yes'),
(134, '2019-02-15 10:30:48', 'NNC', 'Ist Regional Mgt. Conference 2019 and CeVANAO, Inc. Mtng. ', '2019-02-21', '2019-02-22', 'Cebu City', 'Endorsing recommendation to send CHO representative in this conference: For your approval.', 'Fredie', '2019-02-15', 'yes'),
(135, '2019-02-15 10:40:32', 'Nanmcy Berame Child Care Center Inc.', 'Workshop in Early Childhood Care and Development Education', '2019-04-04', '2019-04-05', 'Cebu', 'we may send the ff. CSWD representatives.\n Marchita Tuale and Evangeline Cabual-ECCD Focal person. For your approval.', 'Fredie', '2019-02-27', 'no'),
(136, '2019-02-20 08:39:05', 'DILG', 'Attendance to the conduct of the FLEPOWPHIL National Conference and Planning Workshop', '2019-02-26', '2019-02-28', 'Apo View Hotel, Davao City', 'We may send our nurse in charge of Reproductive Health', 'Fredie', '2019-02-20', 'no'),
(137, '2019-02-20 08:44:11', 'CSC', '2017 Rules on Administrative Cases in the Civil Service (RACCS)', '2019-03-19', '2019-03-20', 'Cebu City', 'We need to attend the orientation/workshp on Revised Rules on Adm. Cases.', 'Fredie', '2019-02-20', 'no'),
(138, '2019-02-20 09:03:10', 'PABO', '9th Biennial National Convention', '2019-04-03', '2019-04-05', 'Bohol Tropics Resort, Tagbilaran City', NULL, NULL, NULL, 'no'),
(139, '2019-02-20 09:31:37', 'DOA', 'Seminar on Phil. National Standards for Organic Agr. and Organic livestock Prod. and Mgt. ', '2019-02-27', '2019-03-01', 'Siquijor Province', '', 'Fredie', '2019-02-26', 'no'),
(140, '2019-02-21 13:45:30', 'Office of the Governor', 'Orientation Workshop on Timbayayong Award', '2019-03-01', '2019-03-01', 'Dumaguete City', 'Routed to Kennerh, Gelon & Sir Gerry by LCE', '', '2019-02-27', 'no'),
(141, '2019-02-26 08:43:37', 'Dairy Confederation of the Philippines', '22nd Dairy Congress and Expo', '2019-03-27', '2019-03-29', 'Tagaytay City, Cavite', 'we may send our vet Representatives in this Annual Dairy Congress & Expo. For your approval.', 'Fredie', '2019-02-27', 'no'),
(142, '2019-02-26 08:52:14', 'Philippines Society of Plumbing Engineers(PSPE), Inc.', '15th Founding Anniversary, National Convention and Trade Exhibit', '2019-04-05', '2019-04-06', 'Manila Grands Opera Hotel, Doroteo Jose St., Sta. Cruz, Manila', 'Pls. allow Engr. Ragay to attend this convention relevant to the practice of his profession.', 'Fredie', '2019-03-25', 'yes'),
(143, '2019-02-26 11:54:06', 'Central Visayas Center for Heralth Development', 'Health Facilities Enhancement Program (HFEP) ', '2019-02-28', '2019-02-28', 'Osmeña Boulevard, Cebu City', 'Pls. allow our CHO and CEO representative to atend said conference.', 'jeffrey', '2019-02-26', 'no'),
(144, '2019-02-28 09:15:26', 'Provincial Veterinary Office', 'Association of meat Inspectors of Negros orienta l(AMINO)', '2019-03-28', '2019-03-28', 'Dumaguete City', NULL, NULL, NULL, 'yes'),
(145, '2019-03-04 11:19:49', 'Department of Agriculture - Philippine Rubber Institute', 'Consultation Workshop with Rubber Stakeholders', '2019-03-13', '2019-03-15', 'Stella Maris Retreat Center, Bacong, Negros Oriental', 'Pls. allow Mr. Nel Muralla to participate in this consultation workshop for rubber stakeholders. For your approval', 'Jonathan', '0000-00-00', 'no'),
(146, '2019-03-04 11:23:33', 'Regional Juvenile Justice & Welfare Committee - Region VII', 'Roll-out Training on National Juvenile Justice Welfare Information System\'s Integrated Case Management', '2019-03-18', '2019-03-20', 'St. Mark Hotel, Queens Road, Redemptorist Compound, Brgy. Camputhaw, Cebu City, Cebu', 'This training was just rescheduled but has been previously approved.', '', '0000-00-00', 'no'),
(147, '2019-03-05 10:17:51', 'Technical Education and Skills Development Authority', 'Community Training and Employment Coordinators (CTECs)', '2019-03-21', '2019-03-21', 'Bohol', 'Pls. allow Mr. Efren Tuisa to attend TESDA planning workshop, relevant to his responsibilities as officer of teir association. For your approval.', 'Jonathan', '2019-03-12', 'no'),
(148, '2019-03-05 10:25:11', 'Agricultural Training Institute-Reg. Trng. Center (ATI-RTC 7)', 'Regional Consultative Meeting for the Prov. and City Coordinators of 4H, RIC, P4MP and VLAP', '2019-03-06', '2019-03-06', 'Osmeña Boulevard, Cebu City', NULL, NULL, NULL, 'yes'),
(149, '2019-03-11 12:11:10', 'Burea of Plant Industry', 'Garlic Demonstration Project', '2019-03-12', '2019-03-12', 'Norsu Pamplona', 'Pls. allow our City Agriculture office personnel to participate in the Garlic Dem. Project.', 'Jonathan', '2019-03-11', 'yes'),
(150, '2019-03-12 15:30:19', 'Civil Service Commission Regional Office VII', '2019 Visayas-Wide Human Resource Managemenr Practitioners (HRMP\'s) Convergence', '2019-04-01', '2019-04-03', 'Sky Mall SM Seaside Cebu', 'May I ask permission to attend this annual convergence of HR practitioners in the region? For your approval.', 'Jonathan', '2019-03-12', 'no'),
(152, '2019-03-12 15:47:10', 'DILG', 'Listo Provincial orientation and Disaster Resilience Dialogue', '2019-04-04', '2019-04-04', 'Negros Oriental Convention Hotel', 'Pls. allow Engr. Ryan Torreda to attend this provincial orientation and dialogue. For your approval.', 'Jonathan', '2019-03-12', 'yes'),
(153, '2019-03-12 16:15:10', 'Central Visayas Center for HealthDevelopment', 'Disaster Risk Reduction Management in Health (DRRMH) Planning Workshop', '2019-03-27', '2019-03-29', 'Sarrosa International Hotel, F. Cabahug St. Kasambagan, Cebu City', NULL, NULL, NULL, 'yes'),
(154, '2019-03-12 16:25:10', 'Agricultural Training Institute-RTC 7', 'Trainers Course for Local Farmers Technicians(TOT-LFT)', '2019-03-18', '2019-03-22', 'Pardo Cebu City', 'Pls. allow the following farm technician to attend this training. For your approval.', 'Jonathan', '2019-03-12', 'no'),
(155, '2019-03-12 16:29:43', 'Provincial Toyurism Unit', 'Advanced Tourism Statistics Training 1 & 2 and the applied Statistics in Tourim Planning Workshop ', '2019-03-18', '2019-03-21', 'Cebu City', 'This is impt. training required for Tourism officers. Pls. allow Irel Manansala to attend this planning workshop. For your approval.', 'Jonathan', '2019-03-12', 'no'),
(156, '2019-03-14 09:09:01', 'Provincial Veterinary Office', 'One -day Agricultural Extension Workers (EAW) Consultative Meeting', '2019-03-28', '2019-03-28', 'Dumaguete City', 'We may send our livestock technician Bernabe Luzon to attend this consultative meeting.', 'Freddie', '2019-03-21', 'yes'),
(157, '2019-03-14 09:17:21', 'Sofia Center for Contnuing Education (SCCE Trng. Center)', 'Contract Adm. and Mgt.; Govt. Property and Supply Mgt.; Phil. Bidding Documents', '2019-03-19', '2019-05-31', 'Tagaytay,Baguio,Davao, Iloilo, Cebu.', NULL, NULL, NULL, 'no'),
(158, '2019-03-14 09:24:53', 'Agricultural Training Institute-RTC 7', 'Region wide training of trainers on climate Resiliency Farm Business School', '2019-04-01', '2019-04-12', 'Tagbilaran City Bohol', 'As recommended, one of our technicians Romely Alson(Rice Production Program) may represent our LGU in this training for the benefit of our farmers.', 'Freddie', '2019-03-21', 'no'),
(159, '2019-03-18 11:59:05', 'Federation of Barangay Nutrition Scholars\' Association', 'Ist Quarter Regional BNS Federation Meeting', '2019-03-27', '2019-03-28', 'Golden Valley Hotel, Pelaez St. Cebu City', 'Marifel Macasulot, our BNS Association Pres. may represent the city in this Convention, w/ travelling expenses charged to our nutrition program.', 'Freddie', '2019-03-21', 'yes'),
(160, '2019-03-20 09:34:48', 'Provencial Nutrition Committee', 'Training Orientation on the Updated Nutrition Monitoring and Evaluation Protocol (MELLPI Pro)', '2019-03-26', '2019-03-26', 'Dumaguete City', 'This orientation is impt. for the implementation of monitoring and evaluaion prog. Mr. Clint Diao is our coordinator for said prog.', 'Freddie', '2019-03-21', 'no'),
(161, '2019-03-20 09:49:52', 'DILG', 'Invitation to the PICE 2019 Midyear National Convention and Technical Conference', '2019-06-13', '2019-06-15', 'Davao City', '', '', '0000-00-00', 'conference'),
(162, '2019-03-20 09:56:45', 'Gov\'t. records officers\' Association of the Phils, Inc.', 'Training and Enhancement Seminar on Ensuring the Integrity of Public Records for Good Governance and Accountability.', '2019-02-24', '2019-04-26', 'Lahug, Cebu City', 'File 04/01/19', '', '0000-00-00', 'no'),
(163, '2019-03-20 10:08:09', 'Association of Government Accountants of the Phils. (AGAP), Inc.', 'Annual Convention-Seminar ', '2019-10-23', '2019-10-26', 'Cagayan de Oro City', NULL, NULL, NULL, 'seminar'),
(165, '2019-03-21 10:28:36', 'DILG', 'Ist Quarterly Provincial Consultative Conference', '2019-04-05', '2019-04-05', 'Bethel Guest House, Dumaguete City', 'Pls. allow the ff. heads of offices to attend this conference.', 'Freddie', '0219-04-01', 'yes'),
(166, '2019-03-25 10:41:32', 'Department of Agriculture', 'Orientation and Briefing of AEW\'s in support to organic Agriculture Prog. in Neg. Or. ', '2019-04-03', '2019-04-03', 'Sea Dream Resorts, Dauin, Neg. Or.', 'Pls. allow Mr. Nel Muralla and Eugene Gasendo to attend in this impt. meeting for the implementation of prog. for Agri. Extention workers.\n ', 'Fredie', '2019-03-26', 'orientation'),
(167, '2019-03-25 15:47:31', 'DILG', 'National Conference on Local and Oral History', '2019-04-14', '2019-04-16', 'Sta. Mesa, City of Manila', NULL, NULL, NULL, 'conference'),
(168, '2019-03-25 15:51:09', 'DILG', 'Roads and Traffic Expo Philippines 2019', '2019-10-12', '2019-10-02', 'SMX Convention Center, Pasay City', NULL, NULL, NULL, ''),
(169, '2019-03-25 15:52:46', 'DILG', '2019 PCL End-Term General Assembly', '2019-06-18', '2019-06-20', 'Waterfront Hotel in Cebu City', NULL, NULL, NULL, 'yes'),
(171, '2019-03-25 16:20:57', 'Philippine Statistics Authority', 'Local Building Officials Association (LBOA)', '2019-03-29', '2019-03-29', 'PSA Provincial Office, Dumaguete City', 'Pls. allow Engr. Ng. to attend this Regular mtng. of Bldg, officials.', 'Fredie', '2019-03-26', 'yes'),
(172, '2019-03-25 16:40:45', 'DILG', 'L!sto Provincial Orientation and Disaster Resilience Dialogue', '2019-04-04', '2019-04-04', 'Visionnaire\'s Lounge, Neg. Or. Convention Hotel', 'Pls. allow Engr. Ryan Torreda to attend this mtng.', 'Fredie', '2019-03-26', 'orientation'),
(173, '2019-03-25 16:49:50', 'Commission On Elections', 'Board of Canvassers and CCS Operator', '2019-04-01', '2019-04-04', 'Rajah Park Hotel, Cebu City', 'Pls. allow Mr. R. Belingan attend this training for Board of Canvassers.', 'Fredie', '2019-03-26', ''),
(174, '2019-03-26 13:40:20', 'Phil. Information Agency', 'Conference-briefing for Public Information Officers', '2019-03-29', '2019-03-29', 'Instructional Media and Technology Center, near the Library, Silliman University, Dumaguete City.', 'we have designated Nick Elemia to represent LGU Bayawan in the Association of Pub. Info Officer, in lieu, of Jude Cabangal. Pls. allow him to attend said meeting. For your approval.', 'Dave', '2019-03-26', 'conference'),
(175, '2019-03-27 14:12:08', 'Association of Gov\'t. Internal Auditors, Inc.', '2nd Quartr of CY 2019 (Internal Auditors, perform accountiong, budgeting, procurement, risk management, disposal and other related administrative functions', '2019-04-22', '2019-06-28', 'Hotel Kimberly, #770 Pedro Gil St., Malate, Manila', NULL, NULL, NULL, ''),
(176, '2019-03-27 15:21:56', 'DILG', 'Inviting Applicants for the Australia Awards Scholarship for 2020 Intake', '2019-04-22', '2019-04-22', '', NULL, NULL, NULL, ''),
(177, '2019-03-27 15:26:28', 'DILG', 'Inviting nominees to the training of trainers on development of rural leadership for change in Sri Lanka.', '2019-07-22', '2019-07-26', 'colombo, Sri Lanka', NULL, NULL, NULL, 'no'),
(178, '2019-03-27 15:54:01', 'Dept. of Agriculture', 'Cluster II Small water Irrigation System Association (SWISA) Congress', '2019-04-10', '2019-04-12', 'Punta Viila Hotel and Resort, Iloilo City', 'Invited representatives of the mentioned farmers association may be sponsored to attend said congress subject to availability of funds. For your approval.', 'Fredie', '2019-01-01', ''),
(179, '2019-03-27 16:37:38', 'Phil. Trail Summer Youth Camp', 'Seventh Phils. Transformative Approaches to Innovative Leadership', '2019-04-24', '2019-04-28', 'Bohol Plaza Resort, Panglao Island Bohol', NULL, NULL, NULL, 'no'),
(185, '2019-04-01 10:26:33', '', 'Annual Convention of Agri-Engineers', '2019-04-21', '2019-04-27', 'Bacolod City', 'Pls. allow Engr. Artes to attend the annual convention of Agri-Engineers relevant to the practice of his profession.', 'Fredie', '2019-04-01', 'conference'),
(187, '2019-04-01 15:23:57', '\"Hanas: Scholarship Program in Culture and the Arts\"', 'Enrichment Training on Art Education for Teachers and Artists in the Community', '2019-04-08', '2019-04-12', 'Bacolod City', NULL, NULL, NULL, 'no'),
(188, '2019-04-02 14:56:25', 'Provincial Cooperative Development Council', 'Formulation of Risk Resiliency Program', '2019-04-08', '2019-04-08', 'Dumaguete City', NULL, NULL, NULL, 'no'),
(189, '2019-04-02 15:12:57', 'League of Sanitation Inspectors of the Phils. Inc. (LSIPI)', '21st National Planning, Consultative Seminar', '2019-04-10', '2019-04-12', 'Baguio City', NULL, NULL, NULL, 'no'),
(190, '2019-04-02 15:20:40', 'DILG', 'Gobyernong may Malasakit tungo sa Pagbabago at Patuloy na Pag-unlad.', '2019-04-05', '0000-00-00', 'Dumaguete City', NULL, NULL, NULL, 'no'),
(191, '2019-04-03 16:42:42', '', 'Data Protection Officer (DPO) Training Certification', '2019-05-06', '2019-05-10', '', NULL, NULL, NULL, 'no'),
(192, '2019-04-04 11:15:40', 'Department of Agriculture', 'Ist Quarter Municipal/City Corn Coordinator\'s Meeting', '2019-04-12', '2019-04-12', 'Plaza Maria Luisa Suites Inn, Dumaguete City', NULL, NULL, NULL, 'yes'),
(193, '2019-04-04 11:20:53', 'DSWD', 'Expanded Regional Management and Development Conference ', '2019-04-11', '2019-04-11', 'Alpha City Suites, Subangdako, Mandaue Cty', NULL, NULL, NULL, 'conference'),
(194, '2019-04-04 11:23:46', 'Provincial Tourism Unit', 'Advance Tourism Statistics', '2019-04-12', '2019-04-12', 'Dumaguete City', NULL, NULL, NULL, ''),
(195, '2019-04-04 15:18:41', 'Housing and Land Use Regulatory Board', 'CLUP Module 1V Training For Neg. Or. for Batch 2', '2019-04-23', '2019-04-27', 'Sea Dream Resorts, Dauin', 'The Recommended group of personnel are necessary in the CLUP implementation. For your approval.', 'Fredie', '2019-04-08', 'no'),
(196, '2019-04-04 15:25:50', 'NOBROA', 'Neg. Or. Basketball Referees and Officials Association Incorporated (Accreditation and Licensing of members)', '2019-04-05', '2019-04-07', 'Lamberto Macias Sports and Cultural Center, Dumaguete City', NULL, NULL, NULL, ''),
(197, '2019-04-04 15:29:32', 'Technical Education and Skills Development Authority (TESDA)', 'National Assembly of Community Training and Employment Coordinators(CTECs)', '2019-04-23', '2019-04-25', 'Tagbilaran, Bohol', 'We may send Mr. Efren Tuuisa in the National Assembly RElevant to his duties as coordinator. For your approval.', 'Fredie', '2019-04-08', 'no'),
(198, '2019-04-11 14:41:54', '', 'Technical Writing in Local Governance', '2019-06-03', '2019-06-05', 'Baguio City', 'I highly recommend this cap-devt. for the secretaries of ou SP. However, with the upcoming election, selection of participants shall depend on results of election. Hopefully we can send participants on the 2nd batch.\n For your consideration.', 'Jonathan', '2019-04-01', ''),
(199, '2019-04-11 14:48:53', '', 'Quarterly Data Quality Check on National Tuberculosis Program', '2019-04-24', '2019-04-27', 'Cebu City', 'Ms. Ilagan\'s participation is very impt. relevant to the program implementation. as stated, we will only shoulder her transpo. allowance.\nFor your approval.', 'Jonathan', '2019-04-11', ''),
(200, '2019-04-11 14:53:17', 'DSWD', 'Expanded Regional Management and Devt. Conference (E-RMDC)', '2019-04-11', '2019-04-11', 'Cebu City', 'This is the meeting that maam marchita Tuale has to rushed to right after our EL yesterday. I believe she has requested for your approval verbally so she can go and attend the meeting in Cebu.\nFor your consideration.', 'Jonathan', '2019-04-11', 'conference'),
(201, '2019-04-11 14:58:16', 'Provincial Health Office ', 'Program Implementation Review and Updates on the National Immunization Program', '2019-04-25', '2019-04-26', 'Dumaguete City', 'This is an important meeting to attend by our NIP Coordinator, Lealiz Carrascoso.\nFor your approval.', 'Jonathan', '2019-04-11', 'no'),
(202, '2019-04-12 10:25:13', 'Bureau of Plant Industry', 'Training Course on Inbred Rice Seed Production & Certification for Seed Inspectors', '2019-04-22', '2019-04-26', 'Jaro, Iloilo City', 'Pls. allow Edgar Tenefrancia to attend this course relevant to our rice production program. For your approval.', 'Jonathan', '2019-04-12', 'no'),
(203, '2019-04-12 16:20:46', 'DILG', 'Scholarship Invitations from Malaysian Technical Cooperation Programme', '2019-07-14', '2019-07-27', '', NULL, NULL, NULL, ''),
(204, '2019-04-15 16:48:13', 'Agriculture Training Institute -RTC 7', 'Rice Crop Manager Advisory Services', '2019-04-23', '2019-04-26', 'Tagbilaran City', 'We may send our Rice Technicians/Focal persons, in this training\nFor you approval..', 'Fredie', '2019-04-16', 'no'),
(205, '2019-04-15 16:51:03', 'Provincial Agriculture Technology Coordinating Office', 'Ist Quarter MAOCAMA Conference with DA', '2019-04-24', '2019-04-25', 'Dumaguete City', 'We may send Mr. Muralla together w/ another  representative fron the dept. (probably Edgar Tenefrancia) to ensure continuity of programs/strategy implementation amidst pending retirement of Mr. Muralla. \nFor your approval.\nPls. allow Maam Nida baldomero to attend this meeting.\nFor your approval.', 'Fredie', '2019-04-23', 'conference'),
(206, '2019-04-16 08:40:16', 'Phil. Society of Agricultural and Biosystems Engineers (PSABE) Inc.', '16th International Agricultural Engineering Conference and Exhibition', '2019-04-21', '2019-04-27', 'Bacolod City', 'Pls. allow the ff. representatives of our LGU to attend this convention, relevant to the practise of their profession.\nAttached is certification of Engr. Hamor as to the duties and responsibilties of Engr. Gino in their office. For your approval.', 'Fredie', '2019-04-16', 'conference'),
(207, '2019-04-16 12:41:52', 'DTI', '6200 Pop Up Fair: A Crafts and Artworks Exhibit ', '2019-04-24', '2019-04-30', 'Robinson\'s Place Dumaguete City', 'Pls. allow our Investment & Promotions Team to participate in this week long fair, inclusing.\nFor your approval', 'Jonathan', '2019-04-16', 'yes'),
(208, '2019-04-23 08:46:31', 'Provincial Veterinary Office', 'Association of Meat inspectors of Neg. or. (AMINO)', '2019-04-24', '2019-04-24', 'Malubog, Pamplona', 'we may send one of our meat inspectors to attend this meeting.\nFor your approval', 'Fredie', '2019-04-23', 'yes'),
(209, '2019-04-23 08:53:15', 'DSWD', 'Training for Social Workers on Handling Children in Conflict with the Law', '2019-04-24', '2019-04-26', 'Cebu City', 'Pls. allow our SSWD peronnel to attend this training in Cebu.', 'Fredie', '2019-04-23', 'no'),
(210, '2019-04-23 09:00:34', 'BCC', 'Annual Educational Tour and Capability Building ', '2019-05-02', '2019-05-03', 'Cebu City', 'The herein requested personnel may join their Coop\'s activity provided that they will be on Official Time Only.\nFor your approval', 'Fredie', '2019-04-23', 'no'),
(211, '2019-04-23 11:40:15', 'DILG', 'Training For Sanggunianag Kabataan Officers and Members and Dev\'t. officers in the Trngs. of the Council for the Restoration of Filipino Values', '2019-05-29', '2019-05-31', '', NULL, NULL, NULL, 'no'),
(212, '2019-04-23 11:51:15', 'DILG', 'Invitation from the Phil. Statistical Research Institute', '2019-04-22', '2019-11-08', 'Quezon City', NULL, NULL, NULL, ''),
(213, '2019-04-23 11:57:04', 'Agricultural Training Institute-RTC 7', '29th Regional Farm Family Congress cum 4-H Youth Camp ', '2019-05-16', '2019-05-18', 'Sea Dream Resort, Dauin, Negros Oriental', NULL, NULL, NULL, 'yes'),
(214, '2019-04-29 01:42:40', 'Provincial Veterinary Office', '2nd Quarter BOT Meeting of all NOFBA CY 2019 Federated Officers', '2019-05-10', '2019-05-10', 'Dumaguete City', 'We may allow Honey Tonogbanua to attend this quarterly meeting, as secretary of the association.\nFor your approval.', 'Fredie', '2019-04-30', 'yes'),
(215, '2019-04-29 01:44:15', 'DILG', 'Boy Scouts of the Phils 63rd National Annual Council Meeting.', '2019-05-29', '2019-05-31', 'Camarines Sur', NULL, NULL, NULL, 'yes'),
(216, '2019-04-29 02:18:47', 'Philippine Statistics Authority', 'Association of Civil Registry Personnel of Negros Oriental (ACREPONO)', '2019-05-10', '2019-05-10', 'Mabinay, Negros Oriental', 'Pls. allow Mrs. Sadiasa to attend their regular coordination meeting. \nFor your approval', 'Fredie', '0019-04-30', 'yes');
INSERT INTO `requestandcoms` (`controlNumber`, `dateReceived`, `source`, `subject`, `fromDate`, `toDate`, `venue`, `remarks`, `carriedBy`, `date`, `isMeeting`) VALUES
(217, '2019-04-29 04:25:36', 'Institute for Solidarity in Asia', 'Public Governance Forum', '2019-06-27', '2019-06-27', 'Unilab Compound, Pasig City', NULL, NULL, NULL, 'yes'),
(218, '2019-04-30 11:49:15', 'Women Involve in Nation Building', 'Regional Seminar Workshop on Advancing the Role of Women with the SDG\'s', '2019-06-17', '2019-06-26', 'Mezzo Hotel, Cebu City', 'I recommend one representative of LGU Bayawan to attend this Regional Workshop.\nFor your approval.', 'Fredie', '2019-04-30', 'seminar'),
(219, '2019-04-30 14:59:56', 'Japan Overseas Cooperation Volunteers-Phil. Animal Science Association (JOCV-PASA', '32nd National Annual Consultative Meeting and Continuing Eduucation', '2019-06-19', '2019-06-21', 'Crown Legacy Hotel, Baguio City', 'we may send the recommended personnel to enhance their technical expertise.', 'Fredie', '2019-05-03', 'yes'),
(220, '2019-05-03 14:53:15', 'Philippine Dental Association', '110th PDA Annual Convention', '2019-05-13', '2019-05-17', 'SMX Convention Center, MOA Seashell, Pasay City', 'May we allow Dra. Doria to attend their annual convention, w/c happens to fall on election day? This is necessary for her practice of profession.\nFor your approval.', 'Fredie', '2019-05-03', 'conference'),
(221, '2019-05-03 14:59:20', 'Land Bank of the Philippines', 'Anti-Money Laundering Act(AMLA)', '2019-05-15', '2019-05-15', 'Bethel Guest House. Dumaguete City', 'we can send the following personnel from CTO in this workshop', 'Fredie', '2019-05-03', 'yes'),
(223, '2019-05-06 10:22:38', '', 'Training on Camp Coordination and camp Management and Internally Displaced Person', '2019-05-22', '2019-05-24', 'Kasambagan, F. Cabahug St. Cebu City', 'Pls. allow the ff. representatives to attend this impt. training for disaster preparedness.\n1. Marchita Tuale\n2. Ryan Torreda\n3. Hon. Severino Capulso\nFor your approval.', 'Fredie', '2019-05-06', 'no'),
(224, '2019-05-06 13:29:31', '', 'Program Implementation Review cum Orientation on the Revised Guielines', '2019-05-09', '2019-05-10', 'Manhattan Suites Inn, South Road Calindagan, Dumaguete City', 'the requested personnel\'s attendance are necessary in this program review. \nForr the other offices, the ff. are hereby recommended, together w/ the two CSWD rep.\n1. Terry Tuazon\n2. Ronald Elnar\nFor your approval.', 'Fredie', '2019-05-06', 'orientation'),
(225, '2019-05-06 13:34:50', 'Provincial Veterinary Office', 'Regular Monthly Meeting (Amino)Association of Meat Inspectors of Neg. Or.', '2019-05-09', '2019-05-09', 'PVO Compound, Piapi, Dumaguete City', 'We are sending only one representative in this meeting to gather updates and feedback.\nFor your approval.', 'Fredie', '2019-05-06', 'yes'),
(226, '2019-05-06 14:27:04', 'Department of Labor and Employment', 'Public Employment Service Office (PESO) Meeting', '2019-05-10', '2019-05-10', 'Dumaguete City', 'Pls. allow Mr. Tuisa to attend the monthly PESO meeting in Dumaguete.\nFor your approval.', 'Fredie', '2019-05-06', 'yes'),
(227, '2019-05-07 09:01:58', 'Operation Brotherhood Montessori Child and Community Foundation, Inc.', 'Teachers for Training', '2019-05-15', '2019-05-31', 'San Juan Manila', 'Recommended teachers for training is endorsed for your approval.', 'Fredie', '2019-05-07', 'no'),
(228, '2019-05-07 11:53:24', 'Department of Agriculture', 'Agribusiness and Marketing Assistance Division  (AMAD) Assessment and Enhancement Course', '2019-05-21', '2019-05-22', 'Masaplod Sur, Dauin, Neg. Or.', 'Pls. allow Ted Gerian to attend this training.\n For your approval.', 'Fredie', '2019-05-10', 'yes'),
(229, '2019-05-07 14:27:16', 'Provincial Health Office', 'Orientation and Microplanning on Reaching Every Child (REC) Strategy and Post Measles Outbreak response Immunization Evaluation', '2019-05-09', '2019-05-10', 'Kasambagan, Cebu City', NULL, NULL, NULL, 'orientation'),
(230, '2019-05-09 11:50:39', 'DILG', 'JICA Knowledge Co-Creation Prog.Young Leaders-Trng. Course on Regional Revitalization in Disaster Prone Area in Japan.', '2019-10-16', '2019-10-30', 'Tohoku, Japan', 'Ryan Torreda. \n   You might want to consider sending Lyster Camarillo in this training (since the age range requirement) would still allow hi, to qualify for this program.\nFor your recommendation pls.', 'Fredie', '2019-05-09', 'no'),
(231, '2019-05-10 08:49:08', 'Department of Agriculture', 'Regional Advisory Committee on Animal Disease Control and Emergency -7 (RAC-ADCE7)', '2019-05-17', '2019-05-17', 'Cebu City', 'Pls. allow Ms. Nida Baldomero to attend the regional meeting of their association.\nFor your approval.', 'Fredie', '2019-05-10', 'yes'),
(232, '2019-05-10 08:56:57', 'Department of Agriculture', 'Training on Farm Casting/Broadcasting for Agr. Ext. Worker (AEWs)', '2019-05-28', '2019-05-30', 'Golden Valley Hotel, Cebu City', 'Pls. allow DA representative to attend this training, as recommended.\nFor your approval', 'Fredie', '2019-05-10', 'yes'),
(233, '2019-05-10 15:31:37', 'Phil. Statistics Authority', 'Local Building Officials Association', '2019-05-17', '2019-05-17', 'Dumaguete City', 'we may send either Engr. Moncal or Engr. Ng. in this meeting.\n For your approval.\n', 'Fredie', '2019-05-10', 'yes'),
(234, '2019-05-10 15:39:17', 'Department of Agriculture', 'Skills training on the Operation and maintenance Trouble Shooting of PhilMech Compact Corn  Mill', '2019-05-15', '2019-05-17', 'Sea Dreams, Dauin, Neg. Or.', 'In the meantime that no one from GSO & CEO can attend, we may just send the BAT from Minaba to represent Bayawan.\nFor your approval.', 'Fredie', '2019-05-10', 'no'),
(235, '2019-05-10 15:47:32', 'Department of Agriculture', 'Rice Technicians and Component Coordinator\'s Meeting Cum Workshop CY 2019', '2019-05-20', '2019-05-21', 'Sea Dreams, Dauin, Neg. Or.', 'Recommending the ff. rice technicians to attend this workshop.\nFor your approval.', 'Fredie', '2019-05-10', 'yes'),
(236, '2019-05-14 13:04:28', 'Provincial Health Office', 'Quarterly Coordinative Meeting', '2019-05-21', '2019-05-21', '2nd Floor, IPHO, Dumaguete City', 'we may send Dra. Doria in this meeting of their association\n For your approval.', 'Fredie', '2019-05-15', 'yes'),
(237, '2019-05-14 13:17:19', 'Central Visayas Center for Health Development', 'Orientation on the Dengue Rapid Diagnostic Test Kits for Medical Technologists for Region VII', '2019-06-18', '2019-06-18', 'Kasambagan, Cebu City', 'we may send two of our coordinators in this orientation.\n1. Meliza Taborada\n 2. Gletchen Patajo\n For your approval.', 'Jonathan', '2019-05-30', 'orientation'),
(238, '2019-05-14 13:21:05', 'Central Visayas Center for Health Development', '2019 Regional Summit for Rural Sanitation Inspectors of Central Visayas', '2019-06-25', '2019-06-27', 'Dumaguete City', 'We may send two representatives in this Regional Summit.\n For your approval.', 'Fredie', '2019-05-15', 'no'),
(239, '2019-05-15 10:38:13', 'Agricultural Training Institute-RTC 7', 'Training of Trainers on Free Range Chicken', '2019-05-20', '2019-05-31', 'Tagbilaran, City Bohol', 'We may send our representative from City Vet in this training. As recommended, Neil Bandajon is in-charge of livestock (Duck legg production)\n For your approval.', 'Fredie', '2019-05-15', 'no'),
(240, '2019-05-15 10:48:09', 'Phil. Association of Agriculturists, Inc.', '7th National Congress & 2019 Phil. Agriculturists Summit', '2019-07-07', '2019-07-11', 'Pasay City', 'Perhaps we may allow Engr. Hamor to attend this convention on a personal endeavor to earn the required CPO units. He only request for official Time, if you may permit.\n For your perusal.', 'Jonathan', '2019-07-01', 'yes'),
(241, '2019-05-17 11:18:34', 'DSWD', '2nd Gender and Development Consultation meeting', '2019-06-18', '2019-06-18', 'Hotel Essencia, Dumaguete City', 'Pls. allow Mrs. Marchita Tuale to attend this meeting.\nFor your approval.', 'Jonathan', '2019-05-30', 'yes'),
(242, '2019-05-17 14:29:26', 'Central Visayas Center for Health Development', 'Pre-Implementation Orientation on School-based and Community-based Mass Drug Administration ', '2019-05-23', '2019-05-23', 'Banilad, Dumaguete City', 'Ms. Ridad will represent CHO instead of Mr. R. Lalas in this very impt. Orientation.\n For your approval.', 'Fredie', '2019-05-22', 'yes'),
(243, '2019-05-21 16:11:53', 'BLGF', 'Training Workshop on Skills Development on Real Property Appraisal and Assessment Operations', '2019-05-07', '2019-05-10', 'Cebu Grand Hotel, Cebu City', NULL, NULL, NULL, 'no'),
(244, '2019-05-22 08:19:17', 'KATILINGBANONG PAGTAGAD ALANG SA KAUSWAGAN, INC.', 'Regular meeting and learning Session on Child Sexual Abuse Prevention', '2019-05-30', '2019-05-31', 'Emmaus Training Center, Palacio, Bagacay Dumaguete City', 'Pls. allow Evangeline Cabual to attend this meeting.\nFor your approval.', 'Jonathan', '2019-05-29', 'yes'),
(245, '2019-05-23 10:19:06', 'Provincial Health Office', 'Competency-Based training on Progestin-Only Subdermal Implant Insertion, Removal and replacement.', '2019-05-27', '2019-05-28', 'Royal Suite Inn, Dumaguete City', 'we may send our midwives to this competency training.\nFor your approval.', 'Jonathan', '2019-05-24', 'no'),
(246, '2019-05-23 10:24:41', 'Provincial Health Office', 'Family Planning Competency-Based Level 1 Training', '2019-05-28', '2019-05-31', 'Bethel Guest House, Dumaguete City', 'We may send nurses in this competency-based training. \nFor your approval.', 'Jonathan', '2019-05-24', 'no'),
(247, '2019-05-24 09:26:56', 'Child and Community Foundation, Inc.', 'Closing Day Program', '2019-05-31', '2019-05-31', 'O.B. Montessori Center, 3 Eisenhower Sreet, Greenhills, San Juan City', 'May we allow Mrs. marchita Tuale to attend the closing ceremony.\nFor your approval.', 'Jonathan', '2019-05-24', 'no'),
(248, '2019-05-24 09:47:59', 'Provincial Veterinary Office', 'Regional and Provincial PhilAHIS Orientation, Meeting and Assessment', '2019-05-29', '2019-05-30', 'Manhattan Suites Inn, Dumaguete City', 'we may send Michel Padpad in this meeting for livestock technician\n For your approval.', 'Jonathan', '2019-05-24', 'orientation'),
(249, '2019-05-24 15:19:35', 'Central Visayas Center for Health Development', 'Orientation and Microplanning on Reaching Every Child (REC) Strategy and Post-Measles Outbreak Response Immunization', '2019-05-30', '2019-03-31', 'Kasambagan, cebu City', 'We may allow Lealiz Alcantara Carrascoso to attend this acrivity in Cebu as the program coordinator.\n For your approval.', 'Freddie', '2019-02-07', 'orientation'),
(250, '2019-05-27 11:35:00', 'Philippine Drug Enforcement Agency', 'Coordination Meeting', '2019-05-28', '2019-05-28', 'Sudlon, Lahug, Cebu City', 'Pls. allow the ff. representatives to attend this conference for \nevaluation of Drug-cleared brgy.\n 1. C. Salimbagat    2. Ladylyn Entac', 'Fredie', '2019-05-27', 'yes'),
(251, '2019-05-27 11:54:07', 'Provincial Tourism Unit', 'Half-day Safety and Security Preventive Measures Seminar', '2019-05-31', '2019-05-31', 'Dumaguete City', 'Pls. allow Irel Manansala to participate in this seminar.\nFor your approval.', 'Fredie', '2019-05-27', 'seminar'),
(252, '2019-05-27 12:15:45', 'Provincial Veterinary Office', 'Negros Oriental Federation Of Blaides Association (NOFIA)', '2019-06-07', '2019-06-07', 'Cebu City', 'We may send Honeylyn Tonogbanua in Cebu to comply the requirements of their association. \nFor your approval.', 'Fredie', '2019-05-27', 'yes'),
(253, '2019-05-29 11:01:16', 'PHILIPPINE INFORMATION AGENCY (PIA)', 'Monthly briefing-conference for Information officers', '2019-05-30', '2019-05-30', 'Dumaguete City', 'Pls. allow Nick Elemia to attend this regular meeting of the association. For your approval.', 'Jonathan', '2019-05-29', 'conference'),
(254, '2019-05-29 11:06:05', 'Bayawan Community Cooperative', 'Fundamentals of Cooperative Seminar', '2019-05-31', '2019-06-01', 'Dumaguete City', 'We may allow the ff. coop. officers to attend this seminar on official Time only.', 'Junecy', '2019-05-29', 'seminar'),
(255, '2019-05-29 14:21:38', 'DSWD', 'Ist Quarterly Regional KALIPI Federations Officers Meeting.', '2019-05-31', '2019-05-31', 'Cebu City', 'Pls. allow our CSWD representative together w/ Kalipi office to attend this conference.', 'Fredie', '2019-05-29', 'yes'),
(256, '2019-05-30 09:03:35', 'Provincial Health Office', 'Training on Manual of Operation (MOP) for Adolescent Health and Development Program', '2019-06-04', '2019-06-05', 'Dumaguete City', 'Lealiz Carrascoso is the coordinator of this program. We may send her to this training.\n For your approval.', 'Jonathan', '2019-05-30', 'no'),
(257, '2019-05-30 10:35:25', 'Provincial Social Welfare and Development Office', 'Session Planning', '2019-06-04', '2019-06-06', 'Dumaguete City', 'We may send DCW in this training. For your approval.', 'Jonathan', '2019-05-30', 'no'),
(258, '2019-05-30 10:39:43', 'Philippine Statistics Authority', 'Monthly Coordination Meeting', '2019-06-07', '2019-06-07', 'Tanjay City', 'We may send CEO representative in this meeting. Either Engr. Moncal or Engr. Ng.', 'Jonathan', '2019-05-30', 'yes'),
(259, '2019-06-04 10:23:55', 'Provincial Tourism Unit', 'Advance Tourism Statistics (ATST) Neg. Or. Team', '2019-06-07', '2019-06-07', 'Sidlakang Negros Village Conference Room, Dumaguete City', 'Pls. allow Irel Manansala to attend this meeting.\n For your approval.', 'Jonathan', '2019-06-06', 'yes'),
(260, '2019-06-04 16:30:36', 'Sidlakang Negros Association of Tourism Officer', 'Sidlakang, Negros Association of Tourism Officer (SINATO) Meeting', '2019-06-21', '2019-06-21', 'Pob. Valencia, Negros Oriental', NULL, NULL, NULL, 'yes'),
(261, '2019-06-06 08:52:07', 'DILG', 'Phil. Gov\'t. Electronic Procurement System Training For Govt. Employee (PHILGEPS)', '2019-06-06', '2019-06-26', 'Banilad, Cebu City', NULL, NULL, NULL, 'no'),
(262, '2019-06-06 08:56:31', 'DILG', 'Provincial Trainer\'s Training Workshop on Listo', '2019-06-14', '2019-06-14', 'Dumaguete City', NULL, NULL, NULL, 'no'),
(263, '2019-06-13 11:33:11', 'Agricultural Training Institute-RTC 7', 'Training of Trainers for Local Farmers Technicians (LFTs)', '2019-06-17', '2019-06-21', 'Bacong, Neg. Or.', NULL, NULL, NULL, 'no'),
(264, '2019-06-13 11:44:05', 'Central Visayas Center for Health Development', 'Preparatory Meeting for Transmission Assessment Survey (TAS)', '2019-06-28', '2019-06-28', 'Dumaguete City', 'We may send one Med Tech in this meeting.\n For your approval.', 'Jonathan', '2019-06-14', 'yes'),
(265, '2019-06-13 13:14:02', 'Philippine Statistics Authority', 'Meeting with the City Local Registrar with Special Assignments', '2019-06-21', '2019-06-21', 'Cebu City', 'Pls. allow our LCR, Mrs. Gigi Sadiasa to attend this important meeting. \n For your approval', 'Jonathan', '2019-06-14', 'yes'),
(266, '2019-06-14 13:09:00', 'Department of Health Regional Office No VII', 'Orientation/Re-Orientyation on School-Based Immunization ', '2019-06-19', '2019-06-19', 'Plaza Ma.Luisa Suites Inn, Dumaguete City', 'Attendance to the orientation necessary. We may send Lealiz carrascoso in this meeting.\n For your approval', 'Jonathan', '2019-06-14', 'orientation'),
(267, '2019-06-14 13:22:21', 'Provincial social Welfare and development Office', 'Second Quarter Meeting', '2019-06-20', '2019-06-20', 'LGU Valencia-Tourism Office Social Hall.', 'Pls. allow Mrs. Marchita Tuale or her chose representative to attend this meeting', 'Jonathan', '2019-06-14', 'yes'),
(268, '2019-06-14 13:27:28', 'Philippine Statistics Authority, Negros oriental', 'Meeting of the members of the Local Building Officials Association (LBOA)', '2019-06-21', '2019-06-21', 'One Bethany Place, Piapi, Dumaguete City', 'Pls. allow CEO representative to attend this meeting, Either Engr. Ng. or Engr. Moncal.\nFor your approval.', 'Jonathan', '2019-06-14', 'yes'),
(269, '2019-06-14 13:38:25', 'Regional Development Council', 'Ist. Provincial GAD Plan and Budget Forum', '2019-06-19', '2019-06-20', 'Salagdoong Beach Resort in Maria, Siquijor', 'We may send the ff. representatives in this forum.\nFor your approval.', 'Jonathan', '2019-06-14', 'conference'),
(270, '2019-06-14 13:59:47', 'Central Visayas Center for Health Development', '2nd Quarter 2019 Consultative Workshop for PMDT Facilities and GeneXpert Sites of Region VII', '2019-07-17', '2019-07-20', 'Cebu City', 'Endorsing the recommendation, following the assessment of its benefit to us as LGU.\nFor your approval.', 'Jonathan', '2019-07-02', 'seminar'),
(271, '2019-06-14 15:57:45', 'Central Visayas Center for Health Development', 'Coordinative Meeting', '2019-06-18', '2019-06-18', 'Cebu City', 'Pls. allow Engr. Torres to attend this coordinative meeting.\n For your approval.', 'Jonathan', '2019-06-14', 'yes'),
(272, '2019-06-18 15:56:16', 'Provincial Veterinary Office', 'One-Day Midyear Review, Assessment & Worshop 2019', '2019-06-26', '2019-06-26', 'Dumaguete City', 'We may send our AI Technician, Bernabe Luzon Jr. in this workshop.\n For your approval.', 'Jonathan', '2019-06-26', 'no'),
(273, '2019-06-18 16:00:45', 'Departmen of Agriculture', 'Rice Crop Manager(RCM) Farming Monitoring', '2019-06-27', '2019-06-27', 'Pagatban & Nangka, Bayawan Negros Oriental', NULL, NULL, NULL, 'no'),
(274, '2019-06-18 16:03:56', 'Gmail', 'Invitation to PQA Assessors Preparatory Course', '2019-06-24', '2019-06-28', 'Pasay City', NULL, NULL, NULL, 'no'),
(275, '2019-06-18 16:05:35', 'National Housing Authority', 'Invitation to the Consultative Session with NHA Region VII', '2019-06-27', '2019-06-28', 'Panglao, Bohol', 'Pls. allow Engr. Ken Artes to attend this Consultative Session.\n For your approval.', 'Jonathan', '2019-06-25', 'no'),
(276, '2019-06-18 16:10:38', 'Philippine Drug Enforcement Agency', 'Balay silingan-Guidelines for Community Involvement in Reforming Drug Offenders...', '2019-06-21', '2019-06-21', 'Sta. Catalina, Neg. Or.', NULL, NULL, NULL, 'yes'),
(277, '2019-06-18 16:18:33', 'Information Technology Section', 'VITRO Tour Invitation', '2019-07-18', '2019-07-18', 'Cebu', 'we may send Riecho Pinanonang and Engr. Ryan Torreda perhaps. Not all requested.\n For your approval.', 'Jonathan', '2019-06-27', 'no'),
(278, '2019-06-21 08:21:50', 'Department of Agriculture', '2nd Quarter Municipal/City Corn Coordinators\'s meeting', '2019-06-27', '2019-06-27', 'Dumaguete City', 'we may send the selected representatives in this coordinator\'s meeting for updates.\n For your approval.', 'Jonathan', '2019-06-26', 'yes'),
(279, '2019-06-25 08:36:22', 'National Meat Inspection Service', 'Seminar on Food Safety Awareness Campaign for Food Business Operators, Food Preparers and Consumers.', '2019-07-03', '2019-07-04', 'Mandaue City, Cebu Province', 'We may send Joie Ann Saradat in the Training of Trainors.\n For your approval.', 'Jonathan', '2019-06-27', 'seminar'),
(280, '2019-06-25 09:04:29', 'Local Government Academy', 'Orientation Course: Priming Leaders for Effective Local Governance', '2019-07-08', '2019-07-10', 'Metro Manila', NULL, NULL, NULL, 'orientation'),
(281, '2019-06-25 11:28:11', 'Department of Agriculture', '2nd quarterly Maocama conference with DA', '2019-07-04', '2019-07-05', 'Hotel Essencia, Dumaguete City', 'we may send one of the division chief instead to report on the accomplishment rather than OIC_CA. Perhaps Adrian Enriquez can represent the office in the presentation.\n For your approval.\n Pls. allow Maam Nida Baldomero to attend this conference.\n  For your approval.', 'Jonathan', '2019-06-27', 'yes'),
(282, '2019-06-25 13:42:58', 'Department of Agriculture', '5th Regional Organic Agricultural Congress', '2019-06-27', '2019-06-28', 'Golden Peak Hotel & Suites, Cebu City', 'Pls. allow our representatives to attend this Congress.\n For your approval.', 'Jonathan', '2019-06-26', 'conference'),
(283, '2019-06-26 10:03:26', 'Provincial Health Office', 'Training on Visual Inspection with Acetic Acid Wash (VIA)', '2019-07-01', '2019-07-05', 'Cebu City', 'We may send Dra. Cerrado in this Training.\n For your approval.', 'Jonathan', '2019-06-27', 'no'),
(284, '2019-06-27 09:29:00', 'DILG', 'Attendance of the City/Municipal Planning & Development Coordinators to the Orientation on the Program for newly elected Officials (NEO)', '2019-06-28', '2019-06-28', 'Dumaguete City', 'We may send Erjien Tenefrancia in this Orientation.\n For your approval.', 'Jonathan', '2019-06-27', 'orientation'),
(285, '2019-06-27 10:50:07', 'GSIS', 'GSIS Financial Assistance Loan', '2019-07-02', '2019-07-02', 'Dumaguete City', 'Due to our scheduled revalida, I will be sending my alternate AAO in this orientation, Ms. Janssen Eumague.\n For your approval.', 'Jonathan', '2019-06-27', 'yes'),
(286, '2019-06-27 14:00:18', 'Provincial Health Office', 'Training on Adolescent Reproductive Health and Healthy young Ones. (HYO)', '2019-07-02', '2019-07-03', 'Dumaguete City', 'We may send our Nurse coordinator for the program.\n', 'Jonathan', '2019-07-01', 'no'),
(287, '2019-06-28 14:05:42', 'Province of Tarlac', '4th Phil. Solid & Hazardous Waste Management Conference; Ist International Conference on Circular Economy-based Waste Management', '2019-12-10', '2019-12-13', 'Tarlac City', 'How do you find this conference? will you be interested to participate as a presenter?\n For your appreciation & recommendation.', 'Jonathan', '2019-07-02', 'conference'),
(288, '2019-06-28 14:54:47', 'DILG', '3rd Collefes and Universities Public Service Conference (CUPSCon 3)', '2019-10-16', '2019-10-18', '', NULL, NULL, NULL, 'conference'),
(289, '2019-07-02 09:45:59', 'DILG', 'Second Quarterly Provincial Consultative Conference', '2019-07-19', '2019-07-19', 'Dumaguete City', 'we may send the ff. representatives in this conference; \n  Mrs. Corazon Lirazan  \n  Engr. Eric Torres\n  For your approval.', 'Jonathan', '2019-07-02', 'conference'),
(290, '2019-07-02 14:05:20', 'Structutal Engineers association of Davao', 'Invitation to the Seminar Workshop on Design of Steel-Framed Sructures ', '2019-08-23', '2019-08-24', 'Davao City', 'We may allow Engr. Oracion to attend this seminar, as this is also beneficial and relevant to his official functions.\n For your approval.', 'Jonathan', '2019-08-07', 'seminar'),
(291, '2019-07-03 10:50:16', 'Philippine Statistics Authority', 'Association of Civil Registry Personneo of Neg. Or. (ACREPONO)', '2019-07-12', '2019-07-12', 'Dumaguete City', 'Pls. allow Maam Gigi Sadiasa to attend their monthly coordination meeting.\n For your approval.', 'Jonathan', '2019-07-03', 'yes'),
(292, '2019-07-03 13:26:28', 'Local Government Academy', 'Program For Newly Elected Officials (NEO)', '2019-08-10', '2019-07-12', 'Metro Manila', 'No because we have confirmed booking for the conduct of ELA workshop prior to date this communication was received. Our mayor is also a re-electionist hence priority is our own ELA.', 'dixie', '2019-07-03', 'orientation'),
(293, '2019-07-03 13:53:57', 'Philippine Institute of Volcanology and Seismology', 'Rapid Earthquake Damage Assessment System (REDAS)', '2019-07-22', '2019-07-27', 'Cagayan de Oro City', 'Pls. allow Engr. Ryan Torreda to attend this training.\n For your approval.', 'Jonathan', '2019-07-04', 'no'),
(294, '2019-07-04 09:18:32', 'Office of the Governor', 'Provincial Anti-Drug Abuse Council (PADAC)', '2019-07-05', '2019-07-05', 'Dumaguete City', 'Pls. allow Ms. Cindy Salimbagat to attend this meeting.\n For your approval.', 'Jonathan', '2019-07-05', 'yes'),
(295, '2019-07-04 09:31:32', 'Housing and Land Use Regulatory Board', '6-Module CLUP Workshop Training Series for Negros Oriental LGUs - Module VI', '2019-06-17', '2019-06-21', 'Sea Dreams Resort, Dauin, Negros Oriental', NULL, NULL, NULL, 'no'),
(296, '2019-07-05 16:46:24', 'Department of Agriculture - Reg. Field Office', 'Training on Organic Agriculture Production Technologies', '2019-07-09', '2019-07-11', 'Sea Dream Resorts, Dauin, Negros Oriental', NULL, NULL, NULL, 'no'),
(297, '2019-07-09 16:03:18', 'DILG', '10th Naional Convention (Securing The Future of Affordable Housing)', '2019-08-29', '2019-08-30', 'Davao City', NULL, NULL, NULL, 'conference'),
(298, '2019-07-09 16:08:57', 'Department of Information and Communications Technology', 'Government Web Template Training for Trainers', '2019-07-22', '2019-07-26', 'DICT Cebu Office, A. Pigafetta St., Brgy, San Roque, Cebu City', 'I suggest we send Idecil Gasendo since he is already a beneficiary of the DICT program. It will be of great help also for DRRM/IT.', 'Fredie', '2019-07-16', 'no'),
(299, '2019-07-10 14:58:58', 'Central Visayas Center for Health Development', 'Province wide Investment Planning for Health (PIPH) 2020-2022 Workshop for Negros Oriental', '2019-07-18', '2019-07-19', '', 'We may send the ff. representatives in this workshop\n 1. Dr. Kerwin Villarete\n  2. Dra. Edalin Dacula\n  3. Mr. Romeo Lalas\n  For your approval..', 'Fredie', '2019-07-16', 'no'),
(300, '2019-07-12 16:22:39', 'DEPARTMENT OF AGRICULTURE', 'Regional Advisory Committee on Animal Disease Control and Emergy-7 (RAC-ADCEL)', '2019-07-19', '2019-07-19', 'Cebu City', 'We may allow Nida Baldomero in this Meeting.', 'Fredie', '2019-07-16', 'yes'),
(301, '2019-07-15 13:04:56', 'DSWD', '3rd Quarter Area-Based Standards Network Meeting for Neg. Or.', '2019-07-24', '2019-07-24', '', 'we may send Mary Jean Mortillero to represent CSWD in this meeting.', 'Freddie', '2019-07-16', 'yes'),
(302, '2019-07-16 13:04:44', 'Central Visayas Center for Health Development', 'Training of Trainers on Community-Led Total Sanitation (CLTS)', '2019-07-23', '2019-07-26', 'Dumaguete City', 'We may send Napoleon Capulso in this training', 'Fredie', '2019-07-16', 'no'),
(303, '2019-07-16 13:11:32', 'department of Agriculture', 'Investment Generation Workshop', '2019-07-22', '2019-07-26', 'Zamboanga', 'Pls. allow both Ted Gerian and Donna M. Villarba to attend this workshop.\n For your approval.', 'Fredie', '2019-07-16', 'no'),
(304, '2019-07-16 13:17:46', 'Department of Agriculture', 'Ist Semester Meeting', '2019-07-18', '2019-07-18', 'Dauin, Negris Oreiental.', 'We may send our technicians in this meeting.\n For your approval.', 'Fredie', '2019-07-16', 'yes'),
(305, '2019-07-16 15:53:14', 'DSWD', 'Regional Federation of Day Care Workers quarterly meeting', '2019-12-26', '2019-07-27', 'Tanjay City', 'We may send our representative in this meeting.\n For your approval.', 'Fredie', '2019-07-16', 'yes'),
(306, '2019-07-17 11:34:29', 'DTI', 'Consumer Welfare Consultative Meeting', '2019-07-25', '2019-07-25', 'Sibulan, Neg. Or. ', 'We may send the two representatives from CCMDO\n For your approval.', 'Fredie', '2019-07-17', 'yes'),
(307, '2019-07-17 11:40:57', 'Central and Eastern Visayas region, Cebu City', 'Business Permits and Licensing System Caravan for LGU\'s', '2019-07-30', '2019-07-30', 'Dumaguete City', 'We may send the ff. representatives in this caravan.\n1. Arnel Gotladera\n 2. Jennifer Diao\n  3. Carmen Elnar\n For your approval.', 'Fredie', '2019-07-22', 'yes'),
(308, '2019-07-19 11:16:51', 'Philippines Statistics Authority', 'Local Building Officials Association (LBOA)', '2019-07-26', '2019-07-26', 'Dumaguete City', 'We may send CEO representatives in this meeting either Engr. Ng or Engr. Nolan Moncal.\n For your approval.', 'Freddie', '2019-07-22', 'yes'),
(309, '2019-07-22 15:10:27', 'Regional Disaster Risk Reduction and Management Council Office of Civil Defense Region VII', 'Resilience Forum ', '2019-07-23', '2019-07-23', 'Cebu City', NULL, NULL, NULL, 'yes'),
(310, '2019-07-22 15:48:07', 'CSC', 'Conversation with Local Executives on Appointments with CSC Chairperson', '2019-08-05', '2019-08-05', 'Dumaguete City', 'Hope you can join us in this Forum as the CSC Chairperson herself will be coming over. Also, I wish to invite Hon. Rusmar Tijing in this forum, being the new chairman of the Committee on Personnel.\n For your approval.', 'Fredie', '2019-07-22', 'yes'),
(311, '2019-07-22 15:54:10', 'CSC', 'Conversation with Local Executives on Appointments with CSC Chairperson', '2019-08-05', '2019-08-05', 'Dumaguete City', 'I hope you can find time to attend this as CSC chairperson herself will be coming over in Dumaguete. I also wish to invite Hon, Rusmar Tijing to join us. being the new chairman of the committee on Personnel.\n For your perusal.                                                                                                                                                                                                                                                                                                                                                                                                                                                                                                                                                                                                                                                                                        ', 'Fredie', '2019-07-22', 'yes'),
(312, '2019-07-22 16:47:32', 'Prov. Agricultural Technology Coordinating Office', '2nd Quarter Rice Technicians and Component Coordinators Meeting Cum Workshop CY 2019', '2019-07-23', '2019-07-24', 'Dumaguete City', 'We may send one representative in this meeting.\n Pls. allow Romely Alson to attend this meeting.\n For your approval.', 'Fredie', '2019-07-23', 'yes'),
(313, '2019-07-24 08:37:25', 'Land Transportation Office VI', 'Workshop Training for on Joint Memorandum Circular No. 2018-001', '2019-07-31', '2019-07-31', 'Iloilo City', 'We may send Cindy Salimbagat and Hon. Jonas Trias in this workshop.\n For your approval.', 'Fredie', '2019-07-24', 'no'),
(314, '2019-07-24 08:57:32', 'USAID FISH RIGHT PROGRAM', 'Conduct of Behavior Monitoring Survey and Trainers\' Training of Peer Educators', '2019-07-30', '2019-08-02', 'Dumaguete City', 'Relevant to Fish Right Program, pls. allow the ff. represenatives to attend this convention.\n For your approval.', 'Fredie', '2019-07-24', 'no'),
(315, '2019-07-24 09:04:01', 'DILG', '6th International Conference on Integrative Disaster Risk Reduction Management', '2019-09-03', '2019-09-05', 'Borongan City', 'We may send Erjien Tenefrancia & Ryan Torreda in this Conference.\n For your approval.', 'Fredie', '2019-07-24', 'conference'),
(316, '2019-07-25 09:24:25', 'DSWD', 'Consultation Dialogue on Alternative Parental Care', '2019-08-01', '2019-08-02', 'Dumaguete City', 'We may send Mrs. Marchita Tuale in this Forum.\n For your approval.', 'Jonathan', '2019-07-25', 'yes'),
(317, '2019-07-25 14:07:41', 'Central Visayas Center for Health Development', 'Blood Service Network in the Province of Negros Oriental', '2019-07-30', '2019-07-30', 'Dumaguete City', 'We may send CHO representatoves in this activity\n For your approval.', 'Jonathan', '2019-07-25', 'yes'),
(318, '2019-07-26 14:03:53', 'DILG', 'Rescheduling of the National Movement of young Legislators Region 7 Simultaneous Reg. and Prov. Reorganization of Officers', '2019-10-03', '2019-10-04', '', NULL, NULL, NULL, 'yes'),
(319, '2019-07-26 14:06:27', 'USAID Fish Right Program', 'Right Sizing the Local Fisheries', '2019-08-01', '2019-08-02', 'Dumaguete City', '', 'Jonathan', '2019-07-30', 'yes'),
(320, '2019-07-26 14:22:24', 'The Philippine Permaculture Association, Inc.', 'Basic Permaculture Design Course ', '2019-08-16', '2019-08-22', 'Cabiokid Foundation, Cabiao Nueva Ecija', 'This is a good opportunity for us to learn more about permaculture. We only need to shoulder travelling expenses for the ff. representative.\n 1. J. Mission\n 2. E. Gasendo\n For your approval.', 'Jonathan', '2019-07-31', 'no'),
(321, '2019-07-26 14:33:05', 'DILG', 'Attewndance of LGUs/LDRRM Officers to the National Disaster Resilience Summit', '2019-07-30', '2019-07-31', 'Araneta Center, Cubao, Quezon City', NULL, NULL, NULL, 'no'),
(322, '2019-07-26 14:41:21', 'Department of Agriculture', '2 day Training on Plant Nursery Accreditation and Plant Material Certification for potecial/asporing plant nursery operators for the region', '2019-07-30', '2019-07-31', 'Tagbilaran, City Bohol', NULL, NULL, NULL, 'no'),
(323, '2019-07-30 09:31:04', 'Provincial Veterinary office', 'Regular Monthly Meeting (AMINO) Association of Meat Inspectors of Neg. Or.', '2019-08-01', '2019-08-01', 'Dumaguete City', '', 'Jonathan', '2019-07-30', 'yes'),
(324, '2019-07-31 08:33:05', 'Department of Agriculture', '5th National Congress', '2019-08-06', '2019-08-08', 'Talisay, Negros Occidental', 'We may send Christy Dianson to represent Bayawan City in this Congress.\n For your approval.', 'Jonathan', '2019-08-31', 'yes'),
(325, '2019-07-31 08:44:17', 'DILG', '15th Regional Congress of Nutrition Action Officers (NAOs)', '2019-08-09', '2019-08-09', 'Bai Hotel Cebu, Quiano Ave. Corner Seno St. Mandaue City', 'We may send our representative, Shermaine Ferraren in this Congress.\n For your approval.', 'Jonathan', '2019-07-31', 'yes'),
(326, '2019-07-31 08:56:41', 'Institute for Solidarity in Asia', 'Workshop for Further Enhance our Economic Development Strategies.', '2019-09-11', '2019-09-13', 'Metro Manila', 'We may send Donna Maturan in this workshop to further enhance our Economic development Strategies\n For your approval.', 'Jonathan', '2019-07-31', 'no'),
(327, '2019-08-01 10:05:53', 'Philippine Statistics Authority Negros Oriental', 'Association of Civil Registry Personnel of Neg. Or. (ACREPONO)', '2019-08-09', '2019-08-09', 'Manhattan, Dumaguete City', 'Pls. allow Mrs. Sadiasa to attend their regular meeting.\n For your approval.', 'Jonathan', '2019-08-06', 'yes'),
(328, '2019-08-01 10:45:56', 'Central Visayas Center for Health Development', 'Training on Revision of Field Health Services Info. System Manual of Procedures', '2019-08-07', '2019-08-09', 'Tagbilaran City', NULL, NULL, NULL, 'no'),
(329, '2019-08-01 11:54:51', 'Central Visayas Center for Health Development', 'Training on Revision of Field Health Services Info. System Manual of Procedures', '2019-08-07', '2019-08-09', 'Tagbilaran City', 'Pls. allow one representative of CHO to attend this training.\n Romeo Lalas.\n For your approval.', 'Rhona G.', '2019-08-06', 'no'),
(330, '2019-08-01 14:55:03', 'DSWD', 'Training orientation on Disaster Response Operations Monitoring and Information Center (DROMIC) Reporting Guidelines and Protocols', '2019-08-13', '2019-08-14', 'Dumaguete City', 'Pls. allow Maricel Perocho and Mae Ann Nalua to attend this training.\n For your approval.', 'Jonathan', '2019-08-07', 'no'),
(331, '2019-08-01 15:23:20', 'Department of Tourism', 'Ist Philippine International Dive Expo (PHIDEX) 2019', '2019-09-20', '2019-09-22', 'Conrad Hotel, Manila, Pasay City', NULL, NULL, NULL, 'yes'),
(332, '2019-08-07 08:19:57', 'Central Visayas Center for Health Development', 'National Blood Donor month', '2019-08-08', '2019-08-08', 'Cebu City', NULL, NULL, NULL, 'yes'),
(333, '2019-08-07 08:42:59', 'DILG', 'Roll-out Training on the Anti-Drug Abuse Council Functionality Management System (ADACS-FMS)', '2019-08-07', '2019-08-07', 'Dumaguete City', 'Pls. allow the ff. to attend this Orientation, together w/ CLGOO Ava Sheryl Tan \n 1. Cindy Salimbagat\n 2. Ladlyn Entac\n For your approval.', 'Jonathan', '2019-08-07', 'no'),
(334, '2019-08-07 08:47:52', 'DILG', 'Orientation and Hands -on Training on the Enhanced Full Disclosure Policy Portal', '2019-08-13', '2019-08-16', 'Mandaue City', 'Pls. Nominate your representative in this training on Enhanced Full Disclosure Policy.', 'Jonathan', '2019-08-07', 'no'),
(335, '2019-08-07 08:55:09', 'Provincial Tourism Unit', 'Tourism Industry Skills Program (TISP)', '2019-08-12', '2019-08-13', 'Sidlakang Negros Vilaage Conference Hall, Dumaguete City', NULL, NULL, NULL, 'yes'),
(336, '2019-08-19 14:03:29', 'Environmental and Natural Resources Division', 'Workshop for the Local Government Units province wide.', '0219-08-20', '2019-08-20', 'Dumaguete City', 'Pls. allow CENRO representative to attend this workshop.\n 1. Ion Joseph Bollos.\n  For your approval.', 'Jonathan', '2019-08-19', 'yes'),
(337, '2019-08-19 14:08:52', 'Philippine Statistics Authority', 'Meeting with the City/Local Civil Registrar', '0219-08-23', '2019-08-23', 'Cebu City', 'Pls. allow Mrs. Sadiasa to attend their regular meeting in Cebu.\n For your approval.', 'Jonathan', '2019-08-19', 'yes'),
(338, '2019-08-19 14:12:52', 'DILG', 'National Training on Culture-Based Governance for Local Government Units (LGUs)', '0219-08-27', '2019-08-29', 'Origami Convention Center, Ormoc City', 'We may send Jude Cabangal in this training.\n For your approval.', 'Jonathan', '2019-08-19', 'no'),
(339, '2019-08-19 14:17:46', 'Central Visayas Center for Health Development', 'Training on Xpert MTB/RIF Assay', '2019-09-24', '2019-09-28', 'Cebu City', 'We may send our CHO Representative in this training.\n 1. Nympha Ridad\n For your approval.', 'Jonathan', '2019-08-19', 'no'),
(340, '2019-08-19 14:24:13', 'DSWD', 'Competency Assessment Consultaion', '2019-08-22', '2019-08-23', 'Dumaguete City', 'Pls. allow our CSWD representatives to attend this Consultaion session.\n For your approval.\n 1. Marchita Tuale\n 2. Christine Tenefrancia\n', 'Jonathan', '2019-08-19', 'no'),
(341, '2019-08-19 14:59:11', 'Phil. League of Government and Private Midwives, Inc.', 'Filipino Midwives 2019 and Beyond; Unfaltering Engagement Stand and Deliver.', '2019-10-10', '2019-10-11', 'Baguio City', NULL, NULL, NULL, 'no'),
(342, '2019-08-19 15:36:32', 'Commission on Population and Development', '3rd Quarter Regional Population Management Conference ', '2019-09-04', '2019-09-06', 'Cebu City', NULL, NULL, NULL, 'no'),
(343, '2019-08-20 08:35:21', 'National Meat Inspection Service', 'Food Safety Orientation Seminar on Good Hygenic Slaughtering Practices for Meat Inspectors', '2019-09-03', '2019-09-05', 'ATI-R7, Cabawan District, Tagbilaran City', NULL, NULL, NULL, 'no'),
(344, '2019-08-20 08:38:34', 'Department of Agriculture', 'Strengthening the gender and Development (GAD) in the Agriculture Sector', '2019-08-28', '2019-08-30', 'Dumaguete City', NULL, NULL, NULL, 'no'),
(345, '2019-08-20 15:04:00', 'DSWD', 'Public Consultation on the Drafting of Implementing Rules and Regulations', '2019-08-28', '2019-08-30', 'Tagbilaran City, Bohol', 'Pls. allow Ms. Marchita Tuale to attend this training.\n For your approval.', 'Jo', '2019-08-27', 'conference'),
(346, '2019-08-27 11:06:32', 'DILG', 'Celebration of the National Teacher\'s Month and National Teachers Day', '2019-09-05', '2019-10-05', '', NULL, NULL, NULL, 'conference'),
(347, '2019-08-27 11:08:37', 'DILG', 'National Education Summit 2019', '2019-09-18', '2019-09-19', 'Pasay City', NULL, NULL, NULL, 'conference'),
(348, '2019-08-27 11:12:39', 'DILG', 'Attendance to the 2019 International Conference on Cultural Statistics and Creative Economy', '2019-10-14', '2019-10-15', 'Waterfront Hotel, Lahug, Cebu City', NULL, NULL, NULL, 'conference'),
(349, '2019-08-27 11:22:17', 'Center for Internal Advisory Services Philippines (CIASP)', 'Risk Based Internal Auditing for Local Government Units', '2019-09-24', '2019-09-27', 'Crown Regency Hotel and Towers, Osmeña Boulevard, Cebu City', NULL, NULL, NULL, 'seminar'),
(350, '2019-08-27 16:41:05', 'Central Visayas Center for Health Development', '2019 Regional Barangay Health Workers Congress', '2019-09-26', '2019-09-27', 'Golden Park Hotel, Gorordo Avenue, Cebu City', NULL, NULL, NULL, 'conference'),
(351, '2019-08-28 09:30:13', 'DSWD', 'Orientation on Listahan 3 Implementation ', '2019-09-06', '2019-09-06', 'Manhattan Suites Inn, Dumaguete City', NULL, NULL, NULL, 'orientation'),
(352, '2019-08-28 13:33:23', 'Department of Agriculture', 'High Value Crops Development Program 3rd Quarter Meeting', '2019-09-04', '2019-09-04', 'Plaza Maria Luisa Suite Inn, Dumaguete City', NULL, NULL, NULL, 'yes'),
(353, '2019-08-28 15:02:43', 'Philippine Statistics Athority', 'Monthly Coordination Meeting Association of Civil Registry Personnel Of Neg. Or. (ACREPONO)', '2019-09-06', '2019-09-06', 'Baybayon, Cangmating, Sibulan, Negros Oriental', NULL, NULL, NULL, 'yes'),
(354, '2019-08-28 15:30:28', 'DILG', 'Dissemination of Letter from Philgeps', '2019-09-10', '2019-09-25', 'Mineski Infinity, Unit 7, GQS Plaza, Banilad, Cebu City', NULL, NULL, NULL, 'no'),
(355, '2019-08-28 15:38:09', 'DOLE', '4th Regional Career Advocacy Congress (RCAC)', '2019-09-11', '2019-09-13', 'Cebu City', NULL, NULL, NULL, 'conference'),
(356, '2019-08-29 09:20:21', 'Central Visayas Central for Health Development', 'Post-implementation Meeting', '2019-09-06', '2019-09-06', 'Dumaguete City', NULL, NULL, NULL, 'yes'),
(357, '2019-08-29 09:24:06', 'Philippine Green Building Council (PHILGBC)', 'Building Green 2019 Conference (BG19)', '2019-10-16', '2019-10-16', 'Cebu City', 'You might want to send Arch. Mission in this Building Green Conference.\n For your approval.', 'Jonathan', '2019-09-10', 'conference'),
(358, '2019-08-29 13:21:38', 'Provincial Veterinary Office', 'Hands-On Training on Blood Sample Collection for LGU Technicians', '2019-09-04', '2019-09-05', 'Siaton Breeding Station, Siaton, Negros Oriental', NULL, NULL, NULL, 'no'),
(359, '2019-09-05 09:29:04', 'DILG', 'Orientation on the Revised Child-Friendly Local Governance Audit (CFLGA)', '2019-09-13', '2019-09-13', 'Tip Top Tower Suite Inn, South Road, Calindagan, Dumaguete City', NULL, NULL, NULL, 'orientation'),
(360, '2019-09-05 09:34:00', 'DILG', 'Boys Scouts Of The Philippines (BSP) 8th National Scout Venture Camp', '2019-10-07', '2019-10-12', 'Camp National Steel Corporation Compound, Iligan City', NULL, NULL, NULL, 'conference'),
(361, '2019-09-05 09:54:31', 'DILG', 'First Negosyo Sa Kabataan Enterpreneurship Development Training', '2019-10-26', '2019-10-29', 'Royal Mandaya Hotel, Davao City', 'You might want to send Hon. Tristan Torillo in this entrepreneurship training.\n For your approval.', 'Jonathan', '2019-09-10', 'no'),
(362, '2019-09-05 10:32:20', 'Pambansang Kommisyon Para sa Kultura At Mga Sining', 'National Commission For Culture and the Arts Focus Group Discussion', '2019-10-04', '2019-10-04', '', NULL, NULL, NULL, 'yes'),
(363, '2019-09-05 10:38:28', 'DOST', '2019 Manila Water Foundation Prize for Engineering Excellence', '2019-09-12', '2019-09-18', 'Quezon City', NULL, NULL, NULL, 'conference'),
(364, '2019-09-05 10:43:43', 'Provincial Tourism Unit', 'Ist Regional Folkdance Worshop ', '2019-09-13', '2019-09-15', 'Dumaguete City', 'Pls. allow our LGU representatives in this workshop as this will surely boost up the capabilities of our in house talents.\n For your approval.', 'Jonathan', '2019-09-10', 'yes'),
(365, '2019-09-05 10:45:43', 'Provincial Health Office', '22nd PDA Visayas Annual Convention', '2019-09-16', '2019-09-18', 'Dumaguete City', NULL, NULL, NULL, 'conference'),
(366, '2019-09-05 10:50:28', 'Central Visayas Center for Health Development', 'Post Implementation Review on School-based and Community based Mass Drug Administration', '2019-09-19', '2019-09-19', 'Dumaguete City', 'We may send Lealiz Carrascoso in lieu of Romeo Lalas in this meeing.\n For your approval.', 'Jonathan', '2019-09-10', 'yes'),
(367, '2019-09-05 10:55:05', 'Department of Agriculture', 'Awarding Ceremony (Regional Awardees of the various DA Search)', '2019-09-10', '2019-09-10', 'Cebu City', NULL, NULL, NULL, 'yes'),
(368, '2019-09-05 11:00:11', 'Philippine Reef And Rainforest Conversation Foundation Inc.', 'Cleanup organizers training Workshop', '2019-09-12', '2019-09-12', 'Bacolod City', NULL, NULL, NULL, 'no'),
(369, '2019-09-10 13:41:47', 'FDA', 'Orientation to all Food Business Operators in compliance to Good Manufacturing Practice.', '2019-09-12', '2019-09-12', 'Dumaguete City', 'We may send BADAFCO represntative in this orientation.\n For your approval.', 'Jonathan', '2019-09-10', 'orientation'),
(370, '2019-09-10 13:55:29', 'Philippine World Gateway', 'Local Planning and Development 2019-B Seminar- Forum on Heritage Conversation, Culture & the Arts Towards Sustainable Devt.', '2019-10-15', '2019-10-18', 'Makati City/BP International Hotel, Ermita Manila', 'I recommend Jude Cabangal to attend the Seminar-Forum on Heritage Conversation, Culture &  the Arts towards Sustainable Devt.\n For your approval.', 'Jonathan', '2019-09-10', 'seminar'),
(371, '2019-09-10 14:29:00', 'Department of Labor and Employment', '19th National PESO Congress', '2019-10-09', '2019-10-11', 'Bacolod City', 'We may allow Mr. Efren Tuisa to attend this Congress.\n For your approval.', 'Jonathan', '2019-09-10', 'conference'),
(372, '2019-09-10 14:33:11', 'CMEAP', '12th National Convention of the City and Municipal Engineers Association of the Phil. Inc.', '2019-09-25', '2019-09-27', 'Baguio  City', 'We may send Engr. Torres in this annual convention of the City Engineers, as part also of his CPD units requirment.\n For your approval.', 'Jonahan', '2019-09-10', 'conference'),
(373, '2019-09-10 14:51:28', 'Department of Agriculture', 'Rice Community Seed Banking', '2019-09-23', '2019-09-27', 'Tagbilaran City Bohol', 'We may send Floramie Gargoles in this training. \n For your approval.', 'Jonahan', '2019-09-10', 'no'),
(374, '2019-09-10 15:05:16', 'Department of Tourism', 'Applied Statistics in Tourism Planning Phase II ', '2019-09-16', '2019-09-20', 'Panglao Bohol', 'We may send Irel Manansala in this training workshop.\n For your approval.', 'Jonathan', '2019-09-10', 'no'),
(375, '2019-09-10 15:12:00', 'Peace Corps', 'work partners Conference and sweaing-in Ceremony for Batch 278 Volunteers', '2019-09-15', '2019-09-19', 'San Mateo, Rizal', 'Pls. allow Ms. faith Napigkit to attend this conference for our Peace Corps Volunteers.\n For your approval.', 'Jonathan', '2019-09-10', 'conference'),
(376, '2019-09-10 15:19:02', 'PSME (Phil. Society of Mechanical Engineer)', '67th Annual PSME National Convention', '2019-10-16', '2019-10-19', 'Pasay City', 'We may allow our practicing ME,s to attend this convention as their compliance is required for the practice of their prefession.\n For your approval.', 'Jonathan', '2019-09-10', 'conference'),
(377, '2019-09-10 15:27:56', 'Bridging Leaders for Sustainable Development Inc.', '2nd Convergence Initiative ', '2019-09-25', '2019-09-28', 'Singapore, Singapore', 'You might want to send a representative in this convergence, particularly Erjien Tenefrancia perhaps.\n For your consideration.', 'Jonathan', '2019-09-10', 'conference'),
(378, '2019-09-25 09:01:11', 'National Meat Inspection Service', 'LMIS- Cluster meeting', '2019-09-27', '2019-09-27', 'Southview Hotel, Dumaguete City', NULL, NULL, NULL, 'yes'),
(379, '2019-09-25 09:13:13', 'Central Visayas Center for Health Development', 'Quarterly Data Quality Check on National Tuberculosis Program', '2019-10-16', '2019-10-18', 'Cebu City', 'Pls. allow our Medtech representative to attend this quarterly meeting on NTP.\n For your approval', 'Jonathan', '2019-09-25', 'yes'),
(380, '2019-09-25 09:18:26', 'Provincial Health Office', 'Data Evaluation on Dengue', '2019-09-30', '2019-09-30', 'Dumaguete City', 'Pls. allow Napoleon Capulso to attend this meeting on data validaton for dengue.\n For your approval.', 'Jonathan', '2019-09-25', 'yes'),
(381, '2019-09-25 09:24:50', 'Newborn Screening Center-Visayas', 'Update and Data Validation on Newborn Screening Program', '2019-09-26', '2019-09-27', 'Dumaguete City', 'We may allow the 3 midwives to attend the data validation meeting.\n for your approval.', 'Jonathan', '2019-09-27', 'yes'),
(382, '2019-09-25 09:29:37', 'Central Visayas Center for Health Development', '2019 2nd Semi-Annual Coordinative Meeting', '2019-10-03', '2019-10-04', 'Dumaguete City', 'We may allow Lealia Carrascoso to attend this  coordinative meeting.\n For your approval.', 'Jonathan', '2019-09-25', 'yes'),
(383, '2019-09-25 09:37:58', 'Provincial Veterinary Office', 'PVO/LGU General Conference', '2019-09-30', '2019-09-30', 'Dumaguete City', 'We may send Honeylyn Tonogbanua in this conference.\n For your approval.', 'Jonathan', '2019-09-25', 'conference'),
(384, '2019-09-25 10:10:54', 'Central Visayas Center for Health Development', 'Basic Course on family Planning Competency-Based Training Level 1', '2019-10-01', '2019-10-04', 'Kasambagan, Cebu City', '', 'Trixia', '2019-09-27', 'no'),
(385, '2019-09-25 11:06:35', 'Women Involved in Nation-Building', '25th Win Annual Congress \"Finding our Inner Strenght and Power\"', '2019-10-02', '2019-10-04', 'Baguio City', NULL, NULL, NULL, 'seminar'),
(386, '2019-09-25 11:13:46', 'DILG', 'Celebration of the 30th National Statistics Month and 14th National Convention on Statistics', '2019-10-01', '2019-10-01', '', NULL, NULL, NULL, 'conference'),
(387, '2019-09-25 11:51:38', 'Provincial Veterinary Office', 'AMINO', '2019-10-04', '2019-10-04', 'Manjuyod, Negros Oriental', 'We may allow our meat inspectors to attend this meeting, but limit to 1 representative only.\n For yoiur approval.', 'Jonathan', '2019-09-25', 'yes'),
(388, '2019-09-26 09:38:38', 'Superbrands', 'The Most Outstanding Mayor Awards 2020', '2020-01-23', '2020-01-23', 'Makati City', NULL, NULL, NULL, 'yes'),
(389, '2019-09-26 09:41:27', 'Integrated Midwives Association of the Philippines (IMAP) Inc.', '45th Annual Convention and the 46th Midwifery Week Celebration', '2019-10-14', '2019-10-16', 'Pasay City, Metro Manila', NULL, NULL, NULL, 'conference'),
(390, '2019-09-26 11:43:21', 'Provincial Social Welfare and Development Office', 'Anti-Trafficking in Persons Act of 2003 and RA 9262 (Anti--Violence Against Women and their Children Act of 2004)', '2019-10-03', '2019-10-04', 'Dumaguete City', 'We may send our representative, as recommended from CSWD, in this training.\n For your approval.', 'Jonathan', '2019-09-30', 'no');
INSERT INTO `requestandcoms` (`controlNumber`, `dateReceived`, `source`, `subject`, `fromDate`, `toDate`, `venue`, `remarks`, `carriedBy`, `date`, `isMeeting`) VALUES
(391, '2019-09-26 14:29:33', 'Association of Local Budget and Management, Regional Office VII', 'Training on the Updates of R.A. 9184 and its 2016 Revised implementing Rules and Regulations.', '2019-10-28', '2019-10-30', 'Cebu City', 'I suggest that we send the newly assigned BAC personnel in this training:\n1. Hollyn Fe Camarillo\n2.Merchielyn Tampioc\n3.Mie Ann Las Piñas\n It would be beneficial if we also send Mr. Van Alvaran and Ronald Elnar in this training.', 'Jonathan', '0000-00-00', 'no'),
(392, '2019-09-30 10:14:11', 'DILG', 'Newly Elected Officials Orientation Course for Re-Elected Municipal Mayors and Other LCE\'s', '2019-10-16', '2019-10-18', 'Tagbilaran City, Bohol', 'This seminar is exclusively for LCE\'s.\n For your perusal.', 'Jonathan', '2019-09-30', 'orientation'),
(393, '2019-09-30 13:39:02', 'Philippine Statistics Authority Negros Oriental', 'Monthly Coordination Meeting of all members of the Association of Civil Registry Personnel of Neg. Or. (ACREPONO)', '2019-10-11', '2019-10-11', 'Dumaguete City', 'Pls. allow Mrs. Sadiasa to attend their regular coordination meeting.\n For your approval.', 'Jonathan', '2019-09-30', 'yes'),
(394, '2019-09-30 13:55:43', 'Central Visayas Center for Health Development', 'Safe Motherhood Program Policy Forum', '2019-10-10', '2019-10-11', 'Jaro, Iloilo City', 'We may send Dr. Villarete in this training.\n For your approval.', 'jonathan', '2019-09-30', 'no'),
(395, '2019-09-30 14:44:18', 'Agricultural Training Institue-Regional Training Center VII', 'training Course on Corn Mechanization', '2019-10-15', '2019-10-17', 'Mabinay Negros Oriental', 'We may send the ff. Corn technicians in this training course as recommended.\n For your approval.', 'Jonathan', '2019-10-01', 'no'),
(396, '2019-09-30 14:48:40', 'Central Visayas Center for Health Development', 'Local Blood Council Meeting', '2019-10-16', '2019-10-16', 'Dumaguete City', 'We may send Dr. Dacula in this meeting.\n For your approval.', 'Fredy', '2019-10-11', 'yes'),
(397, '2019-09-30 14:54:53', 'Department of Information and Communications technology (DICT)', 'Artificial Intelligence', '2019-10-03', '2019-10-05', 'Cebu City', 'Pls. allow the ff. IT personnel to attewnd this training.\n For your approval.', 'Jonathan', '2019-10-01', 'no'),
(398, '2019-10-02 08:57:06', 'DILG', '3rd Quarterly Provincial Consultative Conference ', '2019-10-14', '2019-10-14', 'Dumagauete City', 'We may send the ff. representatives in this conference:\n1. Ms. Corazon Lerazon\n2. Engr. Eric Torres', 'Jonathan', '2019-10-03', 'conference'),
(399, '2019-10-03 09:52:03', 'Central Visayas Center for Health Development', 'Annual Consultative and Dialogue with the different Stakeholders', '2019-10-04', '2019-10-04', 'Dumaguete City', 'We may send Vivien Aragon in this dialogue to represent CHO.\nFor your approval.', 'Jonathan', '2019-10-03', 'yes'),
(400, '2019-10-03 09:57:15', 'Association of Government Internal Auditors, Inc.', 'Phillipine Bidding Documents', '2019-11-11', '2019-11-13', 'Malate, Manila', 'I suggest we send Hollyn Camarillo in this training since her task is specifically\nfocused on conduct management & preparation of bidding documents.\nFor your approval.', 'Jonathan', '2019-10-03', 'seminar'),
(402, '2019-10-03 10:05:16', 'DILG', 'Regional Orientation on LGU-P4 Program, Public-Private Partnership (PP-101 and Joint Ventures ', '2019-11-06', '2019-11-08', 'Cebu City', 'We may send Donna Maturan, Erjien Tenefrancia and SP representative in this orientation program.\n For your approval.', 'Jonathan', '2019-10-03', 'orientation'),
(403, '2019-10-03 14:56:17', 'DILG', 'Coaching and Mentoring of 2018 Building Permit and Certificate of Occupancy Targets', '2019-10-16', '2019-10-16', 'Dumaguete City', 'Pls. allow the ff. BOSS personnel to attend this training.\n For your approval.', 'Fredy', '2019-10-11', 'seminar'),
(404, '2019-10-03 16:11:34', 'Office of the provincial Agriculturist', '2019 Organic Farm Family Congress and Agri Fair', '2019-10-16', '2019-10-18', 'Dumaguete City', 'We may send recommended representatives in the Farm Congress.\n Four your approval.', 'Fredy', '2019-10-10', 'yes'),
(405, '2019-10-03 16:18:27', 'Phil. Fiber Industry Development Authority', 'Regional Stakeholders\' Forum', '2019-10-10', '2019-10-10', 'Dumaguete City', 'Pls. allow Agri representative, William Yaeso to attend this forum in lieu of Engr. Artes.\n For your approval.', 'Fredy', '2019-10-09', 'seminar'),
(406, '2019-10-03 16:22:37', 'Provincial Agricultural Technology Coordinating Office', 'Provincial Enterprise Profiling, Assessment and Worshop Planning ', '2019-10-15', '2019-10-16', 'Dumaguete City', 'We may send our representatives to assist in the planning workshop, together w/ other recommended participants.\n1. Engr. Ken Artes\n 2. Ted Gerian\n For your approval.', 'Fredy', '2019-10-10', 'seminar'),
(407, '2019-10-04 11:15:44', 'Environment and Natural resources Division', 'Data Analysis and Coaching for the formulation of the Solid Waste Management Plan', '2019-10-15', '2019-10-15', 'Dumaguete City', 'We may send the ff. SWM Focal person in this workshop.\n 1. Ion Bollos\n 2. Rona Laurente-Rubenecia', 'Fredy', '2019-10-09', 'seminar'),
(408, '2019-10-04 11:19:40', 'Department of Science and Technology', 'Conference Workshop on the Development of Agrometeorological Data Acquisition and Processing Capabilities in Neg. Or.', '2019-10-09', '2019-10-10', 'Dumaguete City', NULL, NULL, NULL, 'conference'),
(409, '2019-10-09 11:22:27', 'Philippine Statistics Authority', 'Association of Civil Registry Personnel of Neg. Or. (ACREPONO)', '2019-10-11', '2019-10-11', 'Dumaguete City', 'Pls. allow Mrs. Sadiasa to attend their regular coordination meting.\nFor your approval.', 'Fredy', '2019-10-09', 'yes'),
(410, '2019-10-09 11:27:16', 'Provincial Cooperative Development Council Negros Oriental', 'Cooperative Month Celebration', '2019-10-11', '2019-10-11', 'Dumaguete City', 'We may send Mr. Efren Tuisa to attend the Cooperative Month celebration.\nFor your approval.', 'Fredy', '2019-10-09', 'conference'),
(411, '2019-10-09 16:16:05', 'Provincial Veterinary Office', 'CY 2020 Target Setting of Agri Livestock Program', '2019-10-23', '2019-10-24', 'Dumaguete City', 'We may send the ff. CVO representatives in this target setting meeting.', 'Fredy', '2019-10-10', 'yes'),
(412, '2019-10-09 16:25:47', 'USAID fish Right Program', 'Consultation Meeting on the establishment of a Fishery Product Standards in South Negros', '2019-10-11', '2019-10-11', 'Dumaguete City', 'The ff. Agri representatives may attend this meeting', 'Fredy', '2019-10-10', 'yes'),
(413, '2019-10-09 16:40:32', 'DTI', 'Sustainable Consumptiom & Climate Change Resiliency ', '2019-10-10', '2019-10-10', 'Dumaguete City', 'We may allow DA representatives/technicians in this activity\n 1. Christy Dianson\n 2. Aurora Canto', 'Fredy', '2019-10-10', 'seminar'),
(414, '2019-10-10 08:41:07', 'Agriculture Training Institute', 'Convention and Community Immersion', '2019-10-15', '2019-10-18', 'South Cotabato', 'This is an annual event Ms. Christy Dianson has been attending since she is an office of the federation.\n For your approval.\n', 'Fredy', '2019-10-10', 'no'),
(415, '2019-10-10 09:12:25', 'Lifebank Foundation, Inc.', 'First Introductory Training ', '2019-10-14', '2019-10-20', 'Angat Bulacan', 'It will be an honor to share our Bayawan experience in this specialized training course facilited by the center of Nick Perlas.\n For your approval.', 'Fredy', '2019-10-10', 'no'),
(416, '2019-10-10 09:18:50', 'DILG', '9th Annual City Development Human Centric Digital Cities)', '2019-11-13', '2019-11-15', 'Singapore', 'The invitation seems to be very interesting and suited to the direction wed like to take for Bayawan. You might want to nominate participants in this International Conference.', 'Fredy', '2019-10-10', 'conference'),
(417, '2019-10-11 10:04:42', 'Federation of Barangay Nutrition Scholars\' Association', '3rd Quarter Regional BNS Federation Meeting', '2019-10-14', '2019-10-14', 'Dumaguete City', 'We may send BNS representative in this meeting.', 'Fredy', '2019-10-11', 'yes');

-- --------------------------------------------------------

--
-- Table structure for table `requestandcomslist`
--

CREATE TABLE `requestandcomslist` (
  `requestandcomslist_id` bigint(11) NOT NULL,
  `controlNumber` text NOT NULL,
  `employees_id` int(11) DEFAULT NULL,
  `others` text
) ENGINE=InnoDB DEFAULT CHARSET=latin1;

--
-- Dumping data for table `requestandcomslist`
--

INSERT INTO `requestandcomslist` (`requestandcomslist_id`, `controlNumber`, `employees_id`, `others`) VALUES
(118, '2', 1298, NULL),
(119, '3', 482, NULL),
(120, '4', 796, NULL),
(125, '7', 365, NULL),
(130, '14', 1347, NULL),
(131, '16', 1267, NULL),
(140, '21', 1665, NULL),
(168, '35', 1324, NULL),
(170, '36', 873, NULL),
(172, '38', NULL, 'ENRICO OBAS'),
(173, '38', NULL, 'HERMINIA Q. ANICO'),
(174, '38', NULL, 'JUBILY N. PIUOGO'),
(175, '38', NULL, 'EDWIN BACANG'),
(176, '38', NULL, 'EDUARDO JORDAN'),
(177, '39', 647, NULL),
(178, '39', 207, NULL),
(179, '39', 607, NULL),
(180, '39', 977, NULL),
(186, '3', 1619, NULL),
(192, '44', 1665, NULL),
(199, '43', 664, NULL),
(202, '55', 535, NULL),
(228, '61', 2241, NULL),
(229, '61', 724, NULL),
(230, '72', 1047, NULL),
(231, '72', 2320, NULL),
(232, '72', 152, NULL),
(238, '59', 535, NULL),
(249, '86', 1298, NULL),
(260, '96', 664, NULL),
(262, '95', 535, NULL),
(263, '98', 1267, NULL),
(264, '98', 607, NULL),
(265, '98', 1707, NULL),
(266, '98', 522, NULL),
(267, '98', 1471, NULL),
(268, '98', 125, NULL),
(269, '98', 1047, NULL),
(270, '98', 603, NULL),
(271, '98', 619, NULL),
(272, '99', 332, NULL),
(280, '105', 332, NULL),
(281, '105', NULL, 'ILAGAN, EMMA'),
(322, '137', 2253, NULL),
(323, '137', 990, NULL),
(324, '137', 85, NULL),
(325, '137', 386, NULL),
(327, '134', 1157, NULL),
(328, '132', 304, NULL),
(329, '133', 852, NULL),
(330, '128', 647, NULL),
(331, '128', 235, NULL),
(332, '127', 860, NULL),
(333, '126', 1549, NULL),
(334, '121', 1611, NULL),
(335, '119', 1267, NULL),
(336, '119', 607, NULL),
(337, '119', 2165, NULL),
(338, '1', 1459, NULL),
(339, '1', NULL, 'MERCIDITA RUDAS'),
(340, '1', NULL, 'ARNISA BOLGADO'),
(341, '1', NULL, 'MARILOU CAPIN'),
(342, '5', 1895, NULL),
(343, '5', 745, NULL),
(344, '8', 655, NULL),
(345, '9', 1347, NULL),
(346, '10', 207, NULL),
(347, '10', 607, NULL),
(348, '19', 869, NULL),
(349, '28', 2319, NULL),
(350, '28', 607, NULL),
(351, '28', 872, NULL),
(352, '31', 1047, NULL),
(353, '48', 1298, NULL),
(354, '50', 381, NULL),
(355, '51', NULL, 'TORILLO, TRISTAN'),
(356, '54', 603, NULL),
(357, '54', 2064, NULL),
(358, '54', 85, NULL),
(365, '136', 1476, NULL),
(366, '143', 2044, NULL),
(367, '143', 673, NULL),
(368, '135', 1435, NULL),
(369, '135', 655, NULL),
(370, '141', 852, NULL),
(371, '141', 1665, NULL),
(372, '144', 1163, NULL),
(373, '147', 535, NULL),
(376, '148', 345, NULL),
(377, '148', NULL, 'Torres, Chreslina'),
(390, '145', 365, NULL),
(413, '159', NULL, 'Marifel A. Macasulot'),
(415, '156', 1163, NULL),
(416, '156', 852, NULL),
(417, '155', 873, NULL),
(418, '154', NULL, 'Robert Malinao'),
(419, '154', NULL, 'Joemar Mandido'),
(420, '153', 796, NULL),
(421, '153', 1267, NULL),
(422, '153', 522, NULL),
(423, '153', 2182, NULL),
(434, '152', 522, NULL),
(435, '158', 2028, NULL),
(438, '142', 1772, NULL),
(439, '142', 1145, NULL),
(446, '173', 1895, NULL),
(458, '149', 365, NULL),
(459, '149', 647, NULL),
(460, '149', 2205, NULL),
(461, '149', NULL, 'Torred, Henry'),
(462, '149', NULL, 'Quindo, Jade'),
(463, '149', NULL, 'Agustine Banticla'),
(464, '165', 603, NULL),
(465, '165', 364, NULL),
(466, '165', NULL, 'Gina Quindo'),
(480, '199', 1347, NULL),
(547, '139', 1594, NULL),
(548, '242', 2166, NULL),
(549, '240', 1683, NULL),
(550, '239', NULL, 'Neil Bandajon'),
(551, '232', 869, NULL),
(552, '228', 2205, NULL),
(553, '209', 1435, NULL),
(554, '209', 23, NULL),
(555, '202', 492, NULL),
(556, '195', 607, NULL),
(557, '195', 1707, NULL),
(558, '195', 872, NULL),
(559, '195', 1471, NULL),
(560, '195', 332, NULL),
(561, '195', 873, NULL),
(562, '189', 1619, NULL),
(563, '189', 531, NULL),
(564, '160', 1157, NULL),
(565, '160', 2171, NULL),
(566, '100', 693, NULL),
(567, '100', 304, NULL),
(568, '100', 1414, NULL),
(569, '90', 125, NULL),
(570, '90', 1452, NULL),
(571, '90', 2253, NULL),
(572, '89', 1347, NULL),
(637, '246', 1861, NULL),
(638, '246', NULL, 'Labe, Jezzabelle'),
(639, '246', NULL, 'Grullo, Merilyn'),
(643, '247', 1435, NULL),
(644, '245', 1960, NULL),
(645, '245', 882, NULL),
(646, '244', 655, NULL),
(650, '238', 531, NULL),
(651, '238', 1378, NULL),
(655, '237', 1414, NULL),
(656, '236', 1604, NULL),
(657, '236', 2297, NULL),
(658, '235', 492, NULL),
(659, '235', 647, NULL),
(660, '235', 2028, NULL),
(661, '235', 869, NULL),
(662, '235', 1073, NULL),
(663, '235', NULL, 'Wilmar Tiña'),
(664, '235', NULL, 'Enriqueto Batano'),
(665, '235', NULL, 'Daryl Jalbuna'),
(666, '234', NULL, 'Andres Segayo'),
(667, '231', 1665, NULL),
(669, '229', 1298, NULL),
(670, '227', NULL, 'Ms. Carol Cayang'),
(671, '227', NULL, 'Ms. Charmaine Cavalida'),
(672, '227', NULL, 'Mrs. Mishelle Salgado'),
(673, '226', 535, NULL),
(674, '225', 1163, NULL),
(675, '224', 1647, NULL),
(676, '224', 1435, NULL),
(677, '130', 345, NULL),
(678, '129', 977, NULL),
(679, '123', 2288, NULL),
(680, '120', 977, NULL),
(681, '120', 2295, NULL),
(682, '118', 761, NULL),
(683, '118', 279, NULL),
(684, '118', 2277, NULL),
(685, '116', 482, NULL),
(686, '116', 1267, NULL),
(687, '116', 522, NULL),
(688, '116', 2182, NULL),
(690, '219', 22119, NULL),
(691, '219', 1594, NULL),
(692, '218', 1435, NULL),
(693, '214', 852, NULL),
(694, '248', 1594, NULL),
(698, '249', 1298, NULL),
(699, '92', 1374, NULL),
(700, '92', 85, NULL),
(701, '92', 152, NULL),
(704, '250', 348, NULL),
(705, '250', 1413, NULL),
(712, '251', 873, NULL),
(713, '252', 852, NULL),
(714, '221', 495, NULL),
(715, '221', 187, NULL),
(716, '220', 1604, NULL),
(717, '210', 535, NULL),
(718, '210', 957, NULL),
(719, '210', 2288, NULL),
(720, '210', 761, NULL),
(721, '210', 2269, NULL),
(722, '210', 1788, NULL),
(723, '210', 1435, NULL),
(724, '208', 1163, NULL),
(731, '204', 869, NULL),
(732, '204', 2028, NULL),
(733, '201', 1347, NULL),
(734, '200', 1435, NULL),
(735, '197', 535, NULL),
(736, '185', 1267, NULL),
(737, '172', 522, NULL),
(738, '166', 365, NULL),
(739, '166', 647, NULL),
(740, '171', 2277, NULL),
(741, '174', 1664, NULL),
(742, '115', 1895, NULL),
(743, '115', 1305, NULL),
(744, '115', 1156, NULL),
(745, '114', 1665, NULL),
(746, '110', 2288, NULL),
(747, '111', 693, NULL),
(748, '109', 365, NULL),
(749, '108', 1163, NULL),
(750, '108', 1478, NULL),
(751, '106', 1594, NULL),
(752, '104', 365, NULL),
(753, '103', 365, NULL),
(754, '101', 1435, NULL),
(755, '97', 1691, NULL),
(756, '94', 647, NULL),
(758, '253', 1664, NULL),
(763, '254', 714, NULL),
(764, '254', 761, NULL),
(767, '255', 332, NULL),
(768, '255', NULL, 'Emma Ilagan'),
(769, '243', 357, NULL),
(770, '243', 1458, NULL),
(771, '243', 1226, NULL),
(772, '243', 1895, NULL),
(773, '243', 1618, NULL),
(774, '243', 1451, NULL),
(775, '243', 546, NULL),
(776, '243', 166, NULL),
(779, '256', 1298, NULL),
(782, '257', NULL, 'Merlin Sumalpong'),
(783, '257', NULL, 'Carmencita Jimena'),
(784, '91', 2288, NULL),
(785, '78', 207, NULL),
(786, '77', 1990, NULL),
(787, '77', 716, NULL),
(788, '206', 1267, NULL),
(789, '206', 1683, NULL),
(790, '87', 1163, NULL),
(791, '87', 1478, NULL),
(792, '87', 1094, NULL),
(793, '80', 603, NULL),
(794, '76', 492, NULL),
(795, '76', 647, NULL),
(796, '76', 869, NULL),
(797, '76', 2028, NULL),
(798, '76', NULL, 'BATANO, ENRIQUETO, ET AL.'),
(799, '74', 535, NULL),
(800, '71', 535, NULL),
(801, '71', 2175, NULL),
(802, '71', 2269, NULL),
(803, '73', 1619, NULL),
(804, '70', 365, NULL),
(805, '70', NULL, 'MARIA SHIELA ACABAL, M. ALBINO, ET AL.'),
(806, '69', 365, NULL),
(807, '66', 2288, NULL),
(808, '65', NULL, 'MARIFEL A. MACASULOT'),
(809, '60', 1163, NULL),
(810, '60', 1478, NULL),
(811, '60', 1094, NULL),
(812, '58', 365, NULL),
(813, '57', NULL, 'BIMBO CALIUJAN'),
(814, '57', NULL, 'FRANK JALBUNA'),
(815, '57', NULL, 'ROBERT N. MALIUNAO'),
(816, '57', NULL, 'JOEMAR S. MONDIDO'),
(817, '56', 207, NULL),
(818, '49', 603, NULL),
(819, '41', 345, NULL),
(820, '41', NULL, 'CHRISTINA TORRES'),
(821, '40', 522, NULL),
(822, '40', 1418, NULL),
(823, '42', 1665, NULL),
(824, '46', 1113, NULL),
(825, '47', 304, NULL),
(826, '47', 1347, NULL),
(827, '37', 1136, NULL),
(828, '32', 1698, NULL),
(829, '32', 2174, NULL),
(830, '32', 669, NULL),
(831, '18', 2288, NULL),
(832, '17', 152, NULL),
(833, '17', 631, NULL),
(834, '17', 1374, NULL),
(835, '17', 85, NULL),
(836, '6', 2288, NULL),
(837, '34', 1618, NULL),
(838, '45', 1108, NULL),
(839, '45', NULL, 'HON. EDGAR BALDADO'),
(840, '45', NULL, 'MR. PATERNO LOPING'),
(841, '45', NULL, 'ATTY. CELESTE ANN CAPILLA'),
(842, '45', NULL, 'MR. RAFAEL LAZARO JR.'),
(843, '45', NULL, 'MS. EVA PORTUGALEZA'),
(844, '258', 2288, NULL),
(845, '259', 873, NULL),
(846, '260', 873, NULL),
(847, '223', 1435, NULL),
(848, '223', 522, NULL),
(851, '264', 1564, NULL),
(852, '263', NULL, 'Robert Malinao'),
(853, '263', NULL, 'Joemar Mondido'),
(854, '266', 1298, NULL),
(855, '267', 1435, NULL),
(856, '269', 332, NULL),
(857, '269', 607, NULL),
(858, '269', 819, NULL),
(860, '271', 603, NULL),
(861, '270', 1347, NULL),
(862, '272', 22119, NULL),
(868, '279', 1094, NULL),
(873, '275', 1267, NULL),
(874, '277', 1929, NULL),
(875, '277', 197, NULL),
(876, '277', 1136, NULL),
(877, '277', 1657, NULL),
(878, '283', 693, NULL),
(879, '284', 607, NULL),
(883, '188', 1610, NULL),
(884, '188', 1113, NULL),
(885, '286', 1298, NULL),
(886, '290', 15, NULL),
(887, '291', 2288, NULL),
(888, '292', 1762, NULL),
(889, '293', 522, NULL),
(890, '294', 348, NULL),
(891, '295', 1267, NULL),
(892, '295', 652, NULL),
(893, '295', 2319, NULL),
(894, '295', 818, NULL),
(895, '295', 1168, NULL),
(896, '295', 607, NULL),
(897, '295', 1707, NULL),
(898, '295', 1752, NULL),
(900, '285', 2224, NULL),
(901, '207', 472, NULL),
(902, '207', NULL, 'Vibares, Fiona'),
(903, '207', NULL, 'Fernandez, Junrey'),
(904, '300', 1665, NULL),
(905, '301', 1549, NULL),
(906, '302', 1619, NULL),
(909, '303', 2205, NULL),
(910, '303', 472, NULL),
(911, '306', 2175, NULL),
(912, '306', 2269, NULL),
(913, '309', 1303, NULL),
(914, '312', 2028, NULL),
(915, '313', 348, NULL),
(916, '313', 1108, NULL),
(917, '314', 664, NULL),
(918, '314', 860, NULL),
(919, '314', NULL, 'Espinosa, Gabriel'),
(920, '315', 607, NULL),
(921, '315', 522, NULL),
(922, '316', 1435, NULL),
(923, '317', 482, NULL),
(924, '317', 1414, NULL),
(925, '320', 977, NULL),
(926, '320', 647, NULL),
(927, '323', 1094, NULL),
(928, '324', 345, NULL),
(929, '325', 2171, NULL),
(930, '326', 472, NULL),
(932, '327', 2288, NULL),
(933, '328', 2036, NULL),
(934, '332', 1414, NULL),
(935, '333', 348, NULL),
(936, '333', 1413, NULL),
(938, '335', NULL, 'Aldrin Bation'),
(939, '336', 872, NULL),
(940, '337', 2288, NULL),
(941, '338', 207, NULL),
(942, '339', 1702, NULL),
(951, '340', 1435, NULL),
(952, '340', 332, NULL),
(953, '345', 1435, NULL),
(954, '352', 1990, NULL),
(955, '352', 716, NULL),
(957, '353', 2288, NULL),
(958, '355', 1547, NULL),
(959, '355', 290, NULL),
(960, '356', 1564, NULL),
(961, '358', NULL, 'Rendora, Gerard Andrei'),
(962, '363', 1683, NULL),
(963, '365', 1604, NULL),
(964, '367', 664, NULL),
(965, '368', 1577, NULL),
(966, '368', 1047, NULL),
(968, '370', 207, NULL),
(969, '369', 852, NULL),
(972, '366', 1298, NULL),
(973, '371', 535, NULL),
(974, '372', 603, NULL),
(975, '374', 873, NULL),
(976, '376', 1145, NULL),
(977, '376', 631, NULL),
(978, '376', 85, NULL),
(979, '376', 1374, NULL),
(980, '376', 152, NULL),
(981, '378', NULL, 'Dayanan, Saturnino T.'),
(982, '379', 1347, NULL),
(983, '380', 1619, NULL),
(984, '381', 1417, NULL),
(985, '381', 882, NULL),
(986, '381', 427, NULL),
(987, '382', 1298, NULL),
(988, '383', 852, NULL),
(989, '384', 2166, NULL),
(990, '387', 1163, NULL),
(991, '387', 1478, NULL),
(992, '387', 1094, NULL),
(993, '390', 332, NULL),
(994, '395', 90, NULL),
(995, '395', NULL, 'Doni Boy S. Gino'),
(1000, '399', 1417, NULL),
(1001, '404', 345, NULL),
(1002, '404', NULL, 'Agapito Pacaña'),
(1003, '404', NULL, 'Chreslina Torres'),
(1004, '404', NULL, 'Bernard Cajeda'),
(1005, '405', 716, NULL),
(1011, '397', 22124, NULL),
(1012, '397', 2177, NULL),
(1013, '397', 1657, NULL),
(1014, '411', 852, NULL),
(1015, '411', 1163, NULL),
(1016, '411', 22119, NULL),
(1017, '411', 1665, NULL),
(1018, '412', 664, NULL),
(1019, '412', 860, NULL),
(1020, '412', 1626, NULL),
(1021, '412', NULL, 'Maddison Hicks'),
(1022, '413', 345, NULL),
(1023, '413', NULL, 'Canto Aurora'),
(1024, '414', 345, NULL),
(1033, '406', 2205, NULL),
(1034, '406', NULL, 'Glenrose Zumiega'),
(1035, '406', NULL, 'Edgar Gareza'),
(1036, '406', NULL, 'Renato Suan'),
(1037, '406', NULL, 'Vivian Maguad'),
(1038, '406', NULL, 'Warlito Magdasal'),
(1039, '415', 207, NULL),
(1040, '403', 957, NULL),
(1041, '403', 737, NULL),
(1042, '403', NULL, 'Espartero, Ivy'),
(1043, '417', NULL, 'Marifel A. Macasulot'),
(1044, '396', 482, NULL);

-- --------------------------------------------------------

--
-- Table structure for table `requestandcomslist_dept`
--

CREATE TABLE `requestandcomslist_dept` (
  `requestandcomslist_dept_id` int(11) NOT NULL,
  `controlNumber` int(11) NOT NULL,
  `department_id` int(11) NOT NULL
) ENGINE=InnoDB DEFAULT CHARSET=latin1;

--
-- Dumping data for table `requestandcomslist_dept`
--

INSERT INTO `requestandcomslist_dept` (`requestandcomslist_dept_id`, `controlNumber`, `department_id`) VALUES
(1, 1, 4),
(2, 2, 11),
(3, 3, 11),
(4, 4, 11),
(5, 5, 7),
(6, 5, 6),
(8, 7, 4),
(9, 8, 8),
(10, 9, 11),
(11, 10, 27),
(12, 11, 17),
(13, 12, 27),
(14, 13, 4),
(15, 14, 11),
(17, 16, 19),
(20, 19, 4),
(21, 21, 10),
(22, 23, 27),
(23, 24, 11),
(26, 28, 19),
(27, 31, 13),
(28, 31, 19),
(29, 39, 4),
(30, 39, 19),
(31, 39, 27),
(35, 43, 4),
(36, 44, 4),
(39, 48, 11),
(41, 50, 11),
(42, 52, 8),
(44, 59, 17),
(45, 61, 26),
(46, 64, 32),
(51, 72, 13),
(52, 72, 21),
(59, 86, 11),
(60, 141, 10),
(61, 143, 11),
(62, 145, 4),
(63, 146, 8),
(64, 147, 17),
(65, 148, 4),
(66, 149, 4),
(67, 150, 28),
(68, 152, 20),
(69, 153, 20),
(70, 154, 4),
(71, 155, 27),
(72, 156, 10),
(73, 158, 4),
(74, 159, 11),
(79, 173, 7),
(80, 178, 4),
(86, 194, 27),
(126, 242, 11),
(127, 241, 8),
(128, 239, 4),
(129, 232, 4),
(130, 228, 4),
(131, 209, 8),
(132, 202, 4),
(133, 189, 11),
(134, 160, 11),
(153, 246, 11),
(157, 247, 8),
(158, 245, 11),
(159, 244, 8),
(163, 237, 11),
(164, 236, 11),
(165, 235, 4),
(166, 234, 4),
(167, 231, 10),
(168, 230, 20),
(170, 229, 11),
(171, 227, 8),
(172, 226, 17),
(173, 225, 10),
(174, 224, 8),
(176, 219, 10),
(177, 218, 8),
(178, 216, 12),
(179, 214, 10),
(180, 213, 4),
(181, 248, 10),
(185, 249, 11),
(187, 250, 18),
(196, 251, 27),
(197, 252, 10),
(198, 221, 6),
(199, 220, 11),
(200, 208, 10),
(202, 205, 4),
(203, 204, 4),
(204, 201, 11),
(205, 200, 8),
(206, 192, 4),
(207, 185, 19),
(208, 172, 20),
(209, 166, 4),
(210, 171, 9),
(212, 253, 19),
(213, 254, 2),
(214, 254, 17),
(216, 255, 8),
(217, 243, 7),
(218, 256, 11),
(220, 257, 8),
(223, 78, 27),
(224, 77, 4),
(225, 81, 11),
(226, 76, 4),
(227, 74, 17),
(228, 71, 17),
(229, 73, 11),
(230, 70, 4),
(231, 69, 4),
(232, 68, 4),
(233, 53, 4),
(234, 49, 9),
(235, 41, 4),
(236, 40, 8),
(237, 42, 10),
(238, 46, 10),
(239, 47, 11),
(240, 26, 10),
(241, 25, 12),
(242, 18, 12),
(243, 17, 9),
(244, 15, 5),
(245, 6, 12),
(246, 258, 12),
(247, 259, 27),
(248, 260, 27),
(251, 264, 11),
(252, 263, 4),
(253, 262, 20),
(254, 265, 12),
(255, 266, 11),
(256, 267, 8),
(257, 269, 8),
(258, 269, 19),
(259, 269, 5),
(261, 271, 11),
(262, 270, 11),
(263, 272, 10),
(264, 273, 4),
(265, 276, 18),
(269, 279, 10),
(271, 278, 4),
(272, 281, 4),
(273, 282, 4),
(274, 277, 3),
(275, 283, 11),
(276, 284, 19),
(280, 287, 13),
(281, 193, 8),
(282, 188, 4),
(283, 290, 19),
(284, 291, 12),
(285, 293, 20),
(286, 294, 18),
(288, 285, 28),
(289, 296, 4),
(290, 299, 11),
(291, 207, 27),
(292, 300, 4),
(293, 301, 8),
(294, 302, 11),
(296, 303, 4),
(297, 304, 4),
(298, 305, 8),
(299, 306, 17),
(300, 309, 20),
(301, 310, 16),
(302, 311, 15),
(303, 312, 4),
(304, 313, 18),
(305, 314, 4),
(306, 315, 19),
(307, 315, 18),
(308, 316, 8),
(309, 317, 11),
(310, 319, 4),
(311, 320, 4),
(312, 320, 19),
(313, 323, 10),
(314, 324, 4),
(315, 325, 11),
(316, 326, 27),
(318, 327, 12),
(319, 328, 11),
(320, 330, 8),
(321, 330, 20),
(322, 332, 11),
(323, 333, 18),
(325, 335, 27),
(326, 336, 13),
(327, 337, 12),
(331, 340, 8),
(333, 341, 11),
(336, 344, 4),
(338, 345, 8),
(339, 350, 11),
(340, 351, 8),
(341, 351, 19),
(342, 352, 4),
(344, 342, 11),
(345, 343, 10),
(347, 353, 12),
(348, 355, 17),
(349, 356, 11),
(350, 358, 10),
(351, 359, 19),
(352, 359, 11),
(353, 359, 8),
(354, 362, 27),
(355, 363, 9),
(356, 364, 27),
(358, 367, 4),
(359, 368, 13),
(361, 370, 27),
(362, 369, 10),
(363, 366, 11),
(364, 371, 17),
(365, 372, 9),
(366, 373, 4),
(367, 374, 27),
(368, 375, 4),
(369, 377, 19),
(370, 378, 10),
(371, 379, 11),
(372, 380, 11),
(373, 381, 11),
(374, 382, 11),
(375, 383, 10),
(376, 384, 11),
(377, 387, 10),
(378, 388, 15),
(379, 389, 11),
(381, 393, 12),
(382, 390, 8),
(384, 394, 11),
(385, 395, 4),
(388, 399, 11),
(389, 404, 4),
(390, 405, 4),
(392, 407, 13),
(393, 409, 12),
(394, 410, 17),
(397, 397, 3),
(398, 411, 10),
(399, 412, 4),
(400, 413, 4),
(401, 414, 4),
(403, 406, 4),
(404, 415, 27),
(406, 417, 11),
(407, 396, 11);

-- --------------------------------------------------------

--
-- Table structure for table `rsp_applicants`
--

CREATE TABLE `rsp_applicants` (
  `applicant_id` int(11) NOT NULL,
  `name` text NOT NULL,
  `age` int(11) DEFAULT NULL,
  `gender` tinytext,
  `civil_status` tinytext,
  `mobile_no` text,
  `address` text,
  `education` tinytext,
  `school` text,
  `training` text,
  `num_years_in_gov` tinytext,
  `experience` text,
  `eligibility` text,
  `awards` text,
  `records_infractions` text,
  `remarks` text
) ENGINE=InnoDB DEFAULT CHARSET=latin1;

--
-- Dumping data for table `rsp_applicants`
--

INSERT INTO `rsp_applicants` (`applicant_id`, `name`, `age`, `gender`, `civil_status`, `mobile_no`, `address`, `education`, `school`, `training`, `num_years_in_gov`, `experience`, `eligibility`, `awards`, `records_infractions`, `remarks`) VALUES
(2, 'Dayanan, Saturnino T.	', 33, 'Male', 'Married', '09774910536, 09997863052', 'Purok 6, Brgy. La Granja, La Carlota City, Negros Occidental', 'Master in Public Administration; Doctor of Veterinary Medicine', 'Visayas State University; Central Philippine State University', 'a:1:{i:0;s:80:\"Training Workshop on Writing Project Proposal for Funding Application (40 hours)\";}', 'a:7:{s:9:\"Temporary\";s:0:\"\";s:3:\"JOW\";s:0:\"\";s:6:\"Casual\";s:18:\"2 yrs and 4 months\";s:11:\"Contractual\";s:0:\"\";s:9:\"Permanent\";s:18:\"6 yrs and 4 months\";s:8:\"Elective\";s:0:\"\";s:10:\"Coterminus\";s:0:\"\";}', 'a:4:{i:0;a:5:{i:0;s:18:\"Field Veterinarian\";i:1;s:11:\"Contractual\";i:2;s:24:\"National Dairy Authority\";i:3;s:10:\"2010-09-16\";i:4;s:10:\"2010-12-31\";}i:1;a:5:{i:0;s:31:\"Project Development Officer III\";i:1;s:11:\"Contractual\";i:2;s:37:\"Prov\'l Veterinary Office, Negros Occ.\";i:3;s:10:\"2013-01-01\";i:4;s:10:\"2013-05-13\";}i:2;a:5:{i:0;s:30:\"Science Research Specialist II\";i:1;s:9:\"Permanent\";i:2;s:33:\"Philippine Carabao Center at LCSF\";i:3;s:10:\"2016-01-01\";i:4;s:10:\"2019-06-07\";}i:3;a:5:{i:0;s:20:\"Dairy Farm Assisatnt\";i:1;s:0:\"\";i:2;s:62:\"Walden Farms Oruati Ltd 40 Windust Road, Mangonui, New Zealand\";i:3;s:10:\"2019-06-20\";i:4;s:0:\"\";}}', 'a:1:{i:0;s:33:\"Veterinary Machine Licensure Exam\";}', 'N;', 'N;', ''),
(3, 'Cruz, Luningning M.', 53, 'Female', 'Single', '2147483647', 'North Caloocan, NCR', 'Master of Science in Animal Husbandry/Animal Nutrition(33 units); Doctor of Veterinary Medicine', 'De La Salle-Araneta University Foundation,Manila Philippines; Central Luzon State University', 'a:1:{i:0;s:22:\"Central Sterilization \";}', 'a:7:{s:9:\"Temporary\";s:0:\"\";s:3:\"JOW\";s:0:\"\";s:6:\"Casual\";s:0:\"\";s:11:\"Contractual\";s:0:\"\";s:9:\"Permanent\";s:0:\"\";s:8:\"Elective\";s:0:\"\";s:10:\"Coterminus\";s:0:\"\";}', 'a:1:{i:0;a:5:{i:0;s:18:\"Swine Farm Analyst\";i:1;s:11:\"Contractual\";i:2;s:19:\"Silangan Swine Farm\";i:3;s:0:\"\";i:4;s:0:\"\";}}', 'a:2:{i:0;s:6:\"RA1080\";i:1;s:19:\"CS Sub-Professional\";}', 'N;', 'N;', ''),
(5, 'Daligdig, Charel Kaye B.', 32, 'Female', 'Married', '2147483647', 'Tinago, Bayawan City', 'Bchelor of Science in Electrical Engineering', 'Negros Oriental State University (Main Campus)', 'a:2:{i:0;s:65:\"2018 2nd General Membership Meetng and Learning Sessions (8hours)\";i:1;s:59:\"General Membership Assembly and Technical Seminar (8 hours)\";}', 'a:7:{s:9:\"Temporary\";s:0:\"\";s:3:\"JOW\";s:0:\"\";s:6:\"Casual\";s:0:\"\";s:11:\"Contractual\";s:0:\"\";s:9:\"Permanent\";s:0:\"\";s:8:\"Elective\";s:0:\"\";s:10:\"Coterminus\";s:0:\"\";}', 'a:3:{i:0;a:5:{i:0;s:18:\"Facilities Manager\";i:1;s:9:\"Permanent\";i:2;s:25:\"CBRE GWS IFM Phils. Corp.\";i:3;s:10:\"2019-05-14\";i:4;s:0:\"\";}i:1;a:5:{i:0;s:21:\"Facilities Supervisor\";i:1;s:9:\"Permanent\";i:2;s:32:\"Alorica Philippines Incorporated\";i:3;s:10:\"2018-07-22\";i:4;s:10:\"2019-05-13\";}i:2;a:5:{i:0;s:21:\"Facilities Supervisor\";i:1;s:9:\"Permanent\";i:2;s:20:\"SPI CRM Incorporated\";i:3;s:10:\"2015-10-12\";i:4;s:10:\"2018-06-30\";}}', 'a:2:{i:0;s:39:\"RA 1080(Registered Electrical Engineer)\";i:1;s:28:\"Regitered Master Electrician\";}', 'a:1:{i:0;s:4:\"NONE\";}', 'N;', ''),
(6, 'Taborada, Adham Jay C.', 25, 'Male', 'Single', '2147483647', 'Nangka, Bayawan City', 'Bachelor of Science in Electrical Engineer', 'Negros Oriental State Univeristy (Main Campus)', 'a:2:{i:0;s:97:\" Electrical Safety, Operation and Maintenance for Commercial and Industrial Facilities (16 hours)\";i:1;s:66:\"Applied Technology on Energy Management and Utilization (40 hours)\";}', 'a:7:{s:9:\"Temporary\";s:0:\"\";s:3:\"JOW\";s:0:\"\";s:6:\"Casual\";s:0:\"\";s:11:\"Contractual\";s:0:\"\";s:9:\"Permanent\";s:0:\"\";s:8:\"Elective\";s:0:\"\";s:10:\"Coterminus\";s:0:\"\";}', 'a:1:{i:0;a:5:{i:0;s:16:\"Shift Supervisor\";i:1;s:9:\"Permanent\";i:2;s:15:\"URC Sure-Tolong\";i:3;s:10:\"2016-11-21\";i:4;s:0:\"\";}}', 'a:2:{i:0;s:40:\"RA 1080 (Registered Electrical Engineer)\";i:1;s:29:\"Registered Master Electrician\";}', 'a:1:{i:0;s:4:\"NONE\";}', 'N;', ''),
(7, 'Traviña, Virgilio T.', 51, 'Male', 'Married', '2147483647', 'Villareal, Bayawan City', 'Bachelor of Science in Electrical Engineering', 'Cebu Institute of Technology', 'a:2:{i:0;s:44:\"PLC/Automotic Transfers Switches (8 8 hours)\";i:1;s:26:\"Motor Controller (8 hours)\";}', 'a:7:{s:9:\"Temporary\";s:0:\"\";s:3:\"JOW\";s:0:\"\";s:6:\"Casual\";s:0:\"\";s:11:\"Contractual\";s:0:\"\";s:9:\"Permanent\";s:0:\"\";s:8:\"Elective\";s:0:\"\";s:10:\"Coterminus\";s:0:\"\";}', 'a:2:{i:0;a:5:{i:0;s:25:\"QA/QC Electrical Engineer\";i:1;s:9:\"Temporary\";i:2;s:24:\"Baraka,Abu Dhabi, U.A.E.\";i:3;s:10:\"2014-03-09\";i:4;s:10:\"2017-12-30\";}i:1;a:5:{i:0;s:36:\"QA/QC Electrical & Telecom Inspector\";i:1;s:9:\"Temporary\";i:2;s:20:\"Jubail, Saudi Arabia\";i:3;s:10:\"2011-07-04\";i:4;s:10:\"2013-05-20\";}}', 'a:1:{i:0;s:62:\"RA 1080 (Registered Electrical Engineer) Licensed not renewed\";}', 'a:2:{i:0;s:43:\"Certified Nuclear QA/QC Electrical Engineer\";i:1;s:62:\"Certified Saudi Arabia Aramco Electrical and Telecom Inspector\";}', 'N;', 'Licensed not renewed'),
(8, 'Aliñabo, Marlee Mark A.', 41, 'Male', 'Married', '2147483647', 'Dumaguete City', 'Bachelor of Science in Electrical Engineering', 'Silliman University', 'a:2:{i:0;s:56:\"Basic Occupational Safety and Health Training (40 hours)\";i:1;s:38:\"Electrical Technical Seminar (8 hours)\";}', 'a:7:{s:9:\"Temporary\";s:0:\"\";s:3:\"JOW\";s:0:\"\";s:6:\"Casual\";s:0:\"\";s:11:\"Contractual\";s:0:\"\";s:9:\"Permanent\";s:0:\"\";s:8:\"Elective\";s:0:\"\";s:10:\"Coterminus\";s:0:\"\";}', 'a:3:{i:0;a:5:{i:0;s:16:\"Field Engineer I\";i:1;s:9:\"Permanent\";i:2;s:46:\"Tsuneishi Heavy Industries (Cebu) Incorporated\";i:3;s:10:\"2004-04-19\";i:4;s:10:\"2005-08-05\";}i:1;a:5:{i:0;s:21:\"Assistant Electrician\";i:1;s:11:\"Contractual\";i:2;s:39:\"Career Philippines Shipmanagement, Inc.\";i:3;s:10:\"0007-02-12\";i:4;s:10:\"2014-08-28\";}i:2;a:5:{i:0;s:19:\"Facilities Engineer\";i:1;s:9:\"Permanent\";i:2;s:20:\"SPI Technology, Inc.\";i:3;s:10:\"2016-12-19\";i:4;s:0:\"\";}}', 'a:2:{i:0;s:40:\"RA 1080 (Registered Electrical Engineer)\";i:1;s:29:\"Registered Master Electrician\";}', 'a:1:{i:0;s:4:\"NONE\";}', 'N;', ''),
(9, 'Pileo, Lemuel J.', 46, 'Male', 'Single', '2147483647', 'Bais City', 'Bachelor of Science in Electrical Engineering', 'Silliman University', 'a:2:{i:0;s:93:\"Electrical Safety Operation & Maintenance for Commercial and Industrial Facilities (40 hours)\";i:1;s:57:\"Medium to Large AC 3-Phase Motors and Controls (16 hours)\";}', 'a:7:{s:9:\"Temporary\";s:0:\"\";s:3:\"JOW\";s:0:\"\";s:6:\"Casual\";s:0:\"\";s:11:\"Contractual\";s:0:\"\";s:9:\"Permanent\";s:0:\"\";s:8:\"Elective\";s:0:\"\";s:10:\"Coterminus\";s:0:\"\";}', 'a:2:{i:0;a:5:{i:0;s:27:\"Senior Electrical Inspector\";i:1;s:11:\"Contractual\";i:2;s:51:\"SK Engineering and Construction Company (2016-2018)\";i:3;s:0:\"\";i:4;s:0:\"\";}i:1;a:5:{i:0;s:23:\"Safety Officer/Engineer\";i:1;s:12:\"On-Probation\";i:2;s:29:\"URC Robina Corporaion-URSUMCO\";i:3;s:10:\"2019-02-01\";i:4;s:0:\"\";}}', 'a:2:{i:0;s:40:\"RA 1080 (Registered Electrical Engineer)\";i:1;s:29:\"Registered Master Electrician\";}', 'a:1:{i:0;s:4:\"NONE\";}', 'N;', ''),
(10, 'Rendal, Dio Am Glad I.', 25, 'Male', 'Single', '2147483647', 'Amlan, Negros Oriental', 'Bachelor of Science in Electrical Engineering', 'Silliman University', 'a:2:{i:0;s:56:\"Philippine International Microgrid Conference (24 hours)\";i:1;s:42:\"Trojan Battery Technical Seminar (8 hours)\";}', 'a:7:{s:9:\"Temporary\";s:0:\"\";s:3:\"JOW\";s:0:\"\";s:6:\"Casual\";s:0:\"\";s:11:\"Contractual\";s:0:\"\";s:9:\"Permanent\";s:0:\"\";s:8:\"Elective\";s:0:\"\";s:10:\"Coterminus\";s:0:\"\";}', 'a:2:{i:0;a:5:{i:0;s:30:\"PU Technical & Design Engineer\";i:1;s:7:\"Regular\";i:2;s:30:\"Edward Marcs Philippines, Inc.\";i:3;s:10:\"2018-02-01\";i:4;s:0:\"\";}i:1;a:5:{i:0;s:19:\"Electrical Engineer\";i:1;s:7:\"Regular\";i:2;s:23:\"The Solar Power Company\";i:3;s:10:\"2016-11-02\";i:4;s:10:\"2018-01-29\";}}', 'a:1:{i:0;s:40:\"RA 1080 (Registered Electrical Engineer)\";}', 'a:1:{i:0;s:4:\"NONE\";}', 'N;', ''),
(11, 'Villarba, Donna Marie M.', 40, 'Female', 'Married', '2147483647', 'Malabugas, Bayawan City', 'Masters in Business Administration (9 units); BS in Business Computer Applications', 'Foundation University; Silliman University', 'a:2:{i:0;s:47:\"Comprehensive Land Use Plan & Zoning (40 hours)\";i:1;s:32:\"Social Media Marketing (8 hours)\";}', 'a:7:{s:9:\"Temporary\";s:0:\"\";s:3:\"JOW\";s:0:\"\";s:6:\"Casual\";s:0:\"\";s:11:\"Contractual\";s:0:\"\";s:9:\"Permanent\";s:1:\"3\";s:8:\"Elective\";s:0:\"\";s:10:\"Coterminus\";s:0:\"\";}', 'a:1:{i:0;a:5:{i:0;s:42:\"Administrative Officer II (LEIO-Designate)\";i:1;s:9:\"Permanent\";i:2;s:51:\"Local Economic & Investment Office,LGU-Bayawan City\";i:3;s:10:\"0016-07-12\";i:4;s:0:\"\";}}', 'a:1:{i:0;s:15:\"CS-Professional\";}', 'a:1:{i:0;s:4:\"NONE\";}', 'N;', ''),
(12, 'Catalan, Jasmine T.', 40, 'Female', 'Single', '09058530260', 'Banga, Bayawan City', 'Master of Public Administration (39 units); BBA-Management', 'Foundation University; Silliman University', 'a:2:{i:0;s:43:\"Supervisory Development Training (16 hours)\";i:1;s:65:\"Skills Training in Proposal Preparation and Evaluation (24 hours)\";}', 'a:7:{s:9:\"Temporary\";s:0:\"\";s:3:\"JOW\";s:0:\"\";s:6:\"Casual\";s:0:\"\";s:11:\"Contractual\";s:0:\"\";s:9:\"Permanent\";s:2:\"16\";s:8:\"Elective\";s:0:\"\";s:10:\"Coterminus\";s:0:\"\";}', 'a:1:{i:0;a:5:{i:0;s:24:\"Administrative Officer V\";i:1;s:9:\"Permanent\";i:2;s:20:\"CMO,LGU-Bayawan City\";i:3;s:10:\"2008-08-01\";i:4;s:0:\"\";}}', 'a:1:{i:0;s:27:\"CS-Professional (2nd Level)\";}', 'a:2:{i:0;s:37:\"LGU Sunshine Awardee (2013,2014,2015)\";i:1;s:33:\"Employee of the Department (2016)\";}', 'N;', ''),
(14, 'Elnar, Ronald D.', 42, 'Male', 'Married', '2147483647', 'Tinago, Bayawan City', 'BS Accountancy', 'University of San Jose Recoletos', 'a:3:{i:0;s:118:\"Executive Seminar on PFM Reforms focusing on Procurement pursuant to R.A. No. 9184 and its 2016 Revised IRR (24 hours)\";i:1;s:75:\"Enhancing Local Governance Accountability and Reform Through PPP (24 hours)\";i:2;s:83:\"Republic Act No. 9184 and its Revised Implementing Rules and Regulations (16 hours)\";}', 'a:7:{s:9:\"Temporary\";s:0:\"\";s:3:\"JOW\";s:0:\"\";s:6:\"Casual\";s:0:\"\";s:11:\"Contractual\";s:0:\"\";s:9:\"Permanent\";s:2:\"15\";s:8:\"Elective\";s:0:\"\";s:10:\"Coterminus\";s:0:\"\";}', 'a:1:{i:0;a:5:{i:0;s:24:\"Administrative Officer V\";i:1;s:9:\"Permanent\";i:2;s:20:\"BAC,LGU-Bayawan City\";i:3;s:10:\"2004-10-16\";i:4;s:0:\"\";}}', 'a:1:{i:0;s:6:\"PD 907\";}', 'a:1:{i:0;s:4:\"NONE\";}', 'N;', ''),
(15, 'Torreda, George Martino B.', 60, 'Male', 'Married', '926176281', 'Tinago, Bayawan City', 'Certificate in Governmental Management; BS in Industrial Engineering', 'NORSU(Main Campus); Cebu Institute of Technology', 'a:3:{i:0;s:67:\"Integrity, Transparency, Accountability in Public Service (8 hours)\";i:1;s:36:\"National Revalida-Proficiency Level \";i:2;s:62:\"LGU Executive Orientation & Integrity Pledge Signing (8 hours)\";}', 'a:7:{s:9:\"Temporary\";s:0:\"\";s:3:\"JOW\";s:0:\"\";s:6:\"Casual\";s:0:\"\";s:11:\"Contractual\";s:0:\"\";s:9:\"Permanent\";s:2:\"25\";s:8:\"Elective\";s:0:\"\";s:10:\"Coterminus\";s:0:\"\";}', 'a:1:{i:0;a:5:{i:0;s:35:\"Market Supervisor III (VAC Manager)\";i:1;s:9:\"Permanent\";i:2;s:22:\"CPDO-LGU, Bayawan City\";i:3;s:10:\"1994-05-16\";i:4;s:0:\"\";}}', 'a:1:{i:0;s:27:\"CS-Professional (2nd Level)\";}', 'N;', 'N;', ''),
(16, 'Mortillero, Ritchie M.', 43, 'Male', 'Married', '09275654484', 'Amparos Village, Villareal, Bayawan City', 'A.B. Philosophy', 'St. Joseph Seminary College', 'a:3:{i:0;s:59:\"Nation Builders Summit-Making of a Nation Builder (8 hours)\";i:1;s:36:\"Cultural Mapping Workshop (40 hours)\";i:2;s:48:\"Governance and Management Cooperative (16 hours)\";}', 'a:7:{s:9:\"Temporary\";s:0:\"\";s:3:\"JOW\";s:0:\"\";s:6:\"Casual\";s:0:\"\";s:11:\"Contractual\";s:0:\"\";s:9:\"Permanent\";s:2:\"15\";s:8:\"Elective\";s:0:\"\";s:10:\"Coterminus\";s:0:\"\";}', 'a:1:{i:0;a:5:{i:0;s:63:\"Administrative Officer V (CF! BCO Coordinator & LYDO Designate)\";i:1;s:9:\"Permanent\";i:2;s:28:\"CF! Office, LGU-Bayawan City\";i:3;s:10:\"2004-01-01\";i:4;s:0:\"\";}}', 'a:2:{i:0;s:27:\"CS-Professional (2nd Level)\";i:1;s:19:\"CS Sub-Professional\";}', 'a:1:{i:0;s:4:\"NONE\";}', 'N;', ''),
(17, 'Baldomero, Nida M.', 58, 'Female', 'Widowed', '2147483647', 'Banga, Bayawan City', 'Certificate in Governmental Management (30 units); BS Agriculture major in Animal Husbandry', 'Mindanao State University/NORSU-Main; Mindanao State University', 'a:2:{i:0;s:30:\"22nd Dairy Congress (24 hours)\";i:1;s:60:\"Provincial City Veterinarian Summit 2018 for VISMIN(8 hours)\";}', 'a:7:{s:9:\"Temporary\";s:0:\"\";s:3:\"JOW\";s:0:\"\";s:6:\"Casual\";s:0:\"\";s:11:\"Contractual\";s:0:\"\";s:9:\"Permanent\";s:2:\"28\";s:8:\"Elective\";s:0:\"\";s:10:\"Coterminus\";s:0:\"\";}', 'a:2:{i:0;a:5:{i:0;s:20:\"Senior Agriculturist\";i:1;s:9:\"Permanent\";i:2;s:40:\"City Agriculture Office,LGU-Bayawan City\";i:3;s:10:\"1995-01-01\";i:4;s:10:\"2018-02-01\";}i:1;a:5:{i:0;s:35:\"Supervsing Agriculturist(Designate)\";i:1;s:9:\"Permanent\";i:2;s:41:\"City Agriculture Office, LGU-Bayawan City\";i:3;s:10:\"2018-02-02\";i:4;s:0:\"\";}}', 'a:3:{i:0;s:15:\"CS-Professional\";i:1;s:3:\"LET\";i:2;s:35:\"RA 8981/8485 (Board of Agriculture)\";}', 'a:1:{i:0;s:4:\"NONE\";}', 'N;', ''),
(18, 'Gasendo, Eugene P.', 45, 'Male', 'Married', '2147483647', 'Suba, Bayawan City', 'Master of Science in Agriculture(Crop Science); BS Agriculture major in Animal Science', 'Central State University; Silliman University', 'a:2:{i:0;s:42:\"Supervisory Development Training(16 hours)\";i:1;s:59:\"Nationwide Stakeholder Workshop on Right to Seed (24 hours)\";}', 'a:7:{s:9:\"Temporary\";s:0:\"\";s:3:\"JOW\";s:0:\"\";s:6:\"Casual\";s:0:\"\";s:11:\"Contractual\";s:0:\"\";s:9:\"Permanent\";s:1:\"6\";s:8:\"Elective\";s:0:\"\";s:10:\"Coterminus\";s:0:\"\";}', 'a:1:{i:0;a:5:{i:0;s:20:\"Senior Agriculturist\";i:1;s:9:\"Permanent\";i:2;s:41:\"City Agriculture Office, LGU-Bayawan City\";i:3;s:10:\"2013-02-01\";i:4;s:0:\"\";}}', 'a:1:{i:0;s:31:\"RA 1080(Licensed Agriculturist)\";}', 'a:1:{i:0;s:4:\"NONE\";}', 'N;', ''),
(21, 'Diao, Jennifer A.', 50, 'Female', 'Married', '09158766458', 'Suba, Bayawan City', 'Master in Business Administration; BS Commerce major in Accounting', 'University of the Visayas; University of San Jose Recoletos', 'a:3:{i:0;s:46:\"Modules of Kapatid Mentor Me Program (8 hours)\";i:1;s:93:\"Training Workshop on Phenomemology as an approach in writing a qaulitative research (8 hours)\";i:2;s:42:\"Supervisory Development Training (8 hours)\";}', 'a:7:{s:9:\"Temporary\";s:0:\"\";s:3:\"JOW\";s:0:\"\";s:6:\"Casual\";s:0:\"\";s:11:\"Contractual\";s:0:\"\";s:9:\"Permanent\";s:2:\"16\";s:8:\"Elective\";s:0:\"\";s:10:\"Coterminus\";s:0:\"\";}', 'a:1:{i:0;a:5:{i:0;s:24:\"Administrative Officer V\";i:1;s:9:\"Permanent\";i:2;s:21:\"BOSS,LGU-Bayawan City\";i:3;s:10:\"2004-09-15\";i:4;s:0:\"\";}}', 'a:3:{i:0;s:27:\"CS-Professional (2nd Level)\";i:1;s:19:\"CS Sub-Professional\";i:2;s:8:\"NAPOLCOM\";}', 'a:3:{i:0;s:26:\"Gantimpala Agad Award 2014\";i:1;s:44:\"Sunshine Awardee (2013, 2014,2015,2016,2017)\";i:2;s:33:\"Employee of the Department (2017)\";}', 'N;', ''),
(22, 'Pinanonang, Argie A.', 31, 'Male', 'Single', '09954163743', 'Tinago, Bayawan CIty', 'Master of Arts in Education(English LAnguage Teaching); AB-Philisophy; Bachelor of Secondary Education major in English', 'Saint Paul University; Saint Joseph Seminary', 'a:2:{i:0;s:39:\"Philgeps training for Buyers (16 hours)\";i:1;s:75:\"Enterprise Human Resource Information System and Skills Upgrading(16 hours)\";}', 'a:7:{s:9:\"Temporary\";s:0:\"\";s:3:\"JOW\";s:0:\"\";s:6:\"Casual\";s:0:\"\";s:11:\"Contractual\";s:0:\"\";s:9:\"Permanent\";s:1:\"6\";s:8:\"Elective\";s:0:\"\";s:10:\"Coterminus\";s:0:\"\";}', 'a:1:{i:0;a:5:{i:0;s:11:\"Principal I\";i:1;s:9:\"Permanent\";i:2;s:18:\"DEPED,Bayawan City\";i:3;s:10:\"2016-07-22\";i:4;s:0:\"\";}}', 'a:2:{i:0;s:3:\"LET\";i:1;s:44:\"National Qualifying Exam for School Teachers\";}', 'a:4:{i:0;s:28:\"Certified NEAP-R Facilitator\";i:1;s:80:\"National & Regional Awardee for Best Implementing School in Brigada Eskwela 2017\";i:2;s:43:\"Gurong Lingkod Bayani 2018-Garbo sa Bayawan\";i:3;s:35:\"Division Facilitator Mid Year Inset\";}', 'N;', ''),
(24, 'Villarubia, Nefredo Camilo A.', 49, 'Male', 'Married', '09273956703', 'Banga, Bayawan City', 'Master of Public Management (24 units); Bachelor of Business Administration major in Management', 'NURSO-Main; Silliman University', 'a:2:{i:0;s:59:\"Comprehensive Development Plan Updating Workshop (24 hours)\";i:1;s:66:\"Roll-out Training on Budget Operations Manual for LGU\'s (32 hours)\";}', 'a:7:{s:9:\"Temporary\";s:0:\"\";s:3:\"JOW\";s:0:\"\";s:6:\"Casual\";s:0:\"\";s:11:\"Contractual\";s:0:\"\";s:9:\"Permanent\";s:1:\"4\";s:8:\"Elective\";s:0:\"\";s:10:\"Coterminus\";s:0:\"\";}', 'a:1:{i:0;a:5:{i:0;s:61:\"Local Treasury Operations Officer III (OIC Market Supervisor)\";i:1;s:9:\"Permanent\";i:2;s:35:\"CMO-Public Market, LGU-Bayawan City\";i:3;s:10:\"2016-03-21\";i:4;s:0:\"\";}}', 'a:2:{i:0;s:27:\"CS-Professional (2nd Level)\";i:1;s:19:\"CS Sub-Professional\";}', 'a:1:{i:0;s:4:\"NONE\";}', 'N;', ''),
(25, 'Yosores, May Ann M.', 31, 'Female', 'Married', '09362257565', 'Suba, Bayawan City', 'BS in Business Administration major in Management', 'NURSO-Bayawan Camous', 'a:4:{i:0;s:49:\"Training on Oral & Communication Skills(16 hours)\";i:1;s:49:\"EHRIS Roll-out and Training of Trainers(16 hours)\";i:2;s:46:\"Governement Accounting Manual Seminar(8 hours)\";i:3;s:49:\"Puclic Service Ethics and Accountability(8 hours)\";}', 'a:7:{s:9:\"Temporary\";s:0:\"\";s:3:\"JOW\";s:0:\"\";s:6:\"Casual\";s:7:\"3 years\";s:11:\"Contractual\";s:0:\"\";s:9:\"Permanent\";s:7:\"6 years\";s:8:\"Elective\";s:0:\"\";s:10:\"Coterminus\";s:0:\"\";}', 'a:1:{i:0;a:5:{i:0;s:24:\"Administrative Officer I\";i:1;s:9:\"Permanent\";i:2;s:19:\"DepEd, Bayawan City\";i:3;s:10:\"2016-10-01\";i:4;s:0:\"\";}}', 'a:1:{i:0;s:15:\"CS-Professional\";}', 'a:1:{i:0;s:30:\"Outsanding Service Performance\";}', 'N;', ''),
(26, 'Trinidad, Ophelia Urika R.', 43, 'Female', 'Married', '2147483647', 'Banga, Bayawan City', 'Master in Public Management (15 units); Bachelor of Business Administration', 'NURSO-Main; Silliman University', 'a:2:{i:0;s:67:\"Roll-out of LGU Integrated Financial Tools (LIFT) System (32 hours)\";i:1;s:71:\"Refresher on the PFMAT for the Re-assessment of the PFM System(8 hours)\";}', 'a:7:{s:9:\"Temporary\";s:0:\"\";s:3:\"JOW\";s:0:\"\";s:6:\"Casual\";s:0:\"\";s:11:\"Contractual\";s:0:\"\";s:9:\"Permanent\";s:0:\"\";s:8:\"Elective\";s:0:\"\";s:10:\"Coterminus\";s:0:\"\";}', 'a:1:{i:0;a:5:{i:0;s:17:\"Budget Officer II\";i:1;s:9:\"Permanent\";i:2;s:35:\"City Budget Office,LGU-Bayawan City\";i:3;s:10:\"2014-05-03\";i:4;s:0:\"\";}}', 'a:2:{i:0;s:27:\"CS-Professional (2nd Level)\";i:1;s:19:\"CS Sub-Professional\";}', 'a:1:{i:0;s:4:\"NONE\";}', 'N;', ''),
(27, 'Seniel, Fretchie ', 37, 'Male', 'Married', '2147483647', 'Amparos Village, Bayawan City', 'BS Accountancy', 'City of Malabon University', 'a:1:{i:0;s:54:\"RA 9184 (Government Procurement Reform Act) (16 hours)\";}', 'a:7:{s:9:\"Temporary\";s:0:\"\";s:3:\"JOW\";s:0:\"\";s:6:\"Casual\";s:0:\"\";s:11:\"Contractual\";s:0:\"\";s:9:\"Permanent\";s:0:\"\";s:8:\"Elective\";s:0:\"\";s:10:\"Coterminus\";s:0:\"\";}', 'a:1:{i:0;a:5:{i:0;s:15:\"Account Officer\";i:1;s:9:\"Permanent\";i:2;s:19:\"LGU Guarantee Corp.\";i:3;s:10:\"2016-05-02\";i:4;s:10:\"2018-12-31\";}}', 'a:1:{i:0;s:27:\"CS-Professional (2nd Level)\";}', 'a:1:{i:0;s:4:\"NONE\";}', 'N;', ''),
(28, 'Gasendo, Angelo P.', 46, 'Male', 'Married', '2147483647', 'Amparos Village, Bayawan City', 'Certificate of Governmental Management; BS in Computer Application', 'NORSU-Main; Silliman Univeristy', 'a:2:{i:0;s:57:\"Talent Magt: Unlocking Your People\'s Potential (16 hours)\";i:1;s:60:\"Revision of Comprehensive Land Use Plan Module IV (40 hours)\";}', 'a:7:{s:9:\"Temporary\";s:0:\"\";s:3:\"JOW\";s:0:\"\";s:6:\"Casual\";s:0:\"\";s:11:\"Contractual\";s:0:\"\";s:9:\"Permanent\";s:2:\"16\";s:8:\"Elective\";s:0:\"\";s:10:\"Coterminus\";s:0:\"\";}', 'a:2:{i:0;a:5:{i:0;s:15:\"Statistician IV\";i:1;s:9:\"Permanent\";i:2;s:21:\"CPDO-LGU,Bayawan City\";i:3;s:10:\"2003-05-01\";i:4;s:10:\"2014-07-01\";}i:1;a:5:{i:0;s:30:\"Executive Assistant to the LCE\";i:1;s:8:\"Detailed\";i:2;s:21:\"CMO-LGU, Bayawan City\";i:3;s:10:\"2014-10-01\";i:4;s:0:\"\";}}', 'a:1:{i:0;s:27:\"CS-Professional (2nd Level)\";}', 'a:1:{i:0;s:4:\"NONE\";}', 'N;', ''),
(29, 'Tijing, Hanna Lue O.', 38, 'Female', 'Married', '09061432173', 'Amparos Village, Villareal, Bayawan CIty', 'Bachelor of Business Administration-Management', 'Silliman University', 'a:2:{i:0;s:70:\"6-Module Clup Workshop Training for Ne. Or. LGU\'s-Module VI (40 hours)\";i:1;s:95:\"Local Legislation Seminar/Workshop for the members of the Sanggunian and Secretariat (24 hours)\";}', 'a:7:{s:9:\"Temporary\";s:0:\"\";s:3:\"JOW\";s:0:\"\";s:6:\"Casual\";s:0:\"\";s:11:\"Contractual\";s:0:\"\";s:9:\"Permanent\";s:2:\"16\";s:8:\"Elective\";s:0:\"\";s:10:\"Coterminus\";s:0:\"\";}', 'a:1:{i:0;a:5:{i:0;s:35:\"Local Legislative Staff Officer III\";i:1;s:9:\"Permanent\";i:2;s:19:\"SP,LGU-Bayawan City\";i:3;s:10:\"2003-03-16\";i:4;s:0:\"\";}}', 'a:2:{i:0;s:27:\"CS-Professional (2nd Level)\";i:1;s:19:\"CS Sub-Professional\";}', 'a:1:{i:0;s:4:\"NONE\";}', 'N;', ''),
(30, 'Agdon, Faith N.', 32, 'Female', 'Married', '09177208108', 'Sicopong, Caranoche, Sta. Catalina, Negros Oriental', 'Bachelor of Science in Accountancy', 'University of Negros Occidental Recoletos (UNO-R)', 'a:4:{i:0;s:52:\"Phillippines Financial Reporting Standards (8 hours)\";i:1;s:48:\"Fraud Detection, Analysis & Prevention (8 hours)\";i:2;s:63:\"Common Errors of Accountants in the Field of Taxation (8 hours)\";i:3;s:58:\"Financial Statement-Analysis for Decision Making (8 hours)\";}', 'a:7:{s:9:\"Temporary\";s:0:\"\";s:3:\"JOW\";s:0:\"\";s:6:\"Casual\";s:0:\"\";s:11:\"Contractual\";s:0:\"\";s:9:\"Permanent\";s:0:\"\";s:8:\"Elective\";s:0:\"\";s:10:\"Coterminus\";s:0:\"\";}', 'a:3:{i:0;a:5:{i:0;s:16:\"Chief Accountant\";i:1;s:7:\"Regular\";i:2;s:15:\"URC-Tolong Mill\";i:3;s:10:\"2018-12-16\";i:4;s:0:\"\";}i:1;a:5:{i:0;s:38:\"Corporate Internal Audit Associate III\";i:1;s:7:\"Regular\";i:2;s:23:\"URC-Manila(Head Office)\";i:3;s:10:\"2010-07-16\";i:4;s:10:\"2015-06-30\";}i:2;a:5:{i:0;s:23:\"Junior External Auditor\";i:1;s:7:\"Regular\";i:2;s:28:\"Balicas, Lamboso & Co., CPAs\";i:3;s:10:\"2008-11-03\";i:4;s:10:\"2010-06-30\";}}', 'a:1:{i:0;s:33:\"CPA (Certified Public Accountant)\";}', 'N;', 'N;', ''),
(31, 'Rizada, Mary Decee B.', 43, 'Female', 'Married', '09778149874', 'Amparos Village, Villareal, Bayawan City', 'Bachelor of Science in Accountancy', 'Holy Name University (Tagbilaran City)', 'a:3:{i:0;s:51:\"Enhanced eNGAS & eBudget V 2.0 for LGU\'s (40 hours)\";i:1;s:37:\"Property Management System (24 hours)\";i:2;s:38:\"Cash Management and Control (24 hours)\";}', 'a:7:{s:9:\"Temporary\";s:0:\"\";s:3:\"JOW\";s:0:\"\";s:6:\"Casual\";s:0:\"\";s:11:\"Contractual\";s:0:\"\";s:9:\"Permanent\";s:8:\"16 years\";s:8:\"Elective\";s:0:\"\";s:10:\"Coterminus\";s:0:\"\";}', 'a:1:{i:0;a:5:{i:0;s:25:\"Administrative Officer IV\";i:1;s:9:\"Permanent\";i:2;s:40:\"LGU-Bayawan City(City Accounting Office)\";i:3;s:10:\"2003-05-01\";i:4;s:0:\"\";}}', 'a:1:{i:0;s:23:\"PD 907 (Honor Graduate)\";}', 'N;', 'N;', ''),
(32, 'Rombines, Perlyn Mar P.', 29, 'Female', 'Married', '09177952314', 'National Highway Villareal, Bayawan City', 'Masters in Business Administration ; Bachelor in Business Administration major in Management ', 'Foundation University; Silliman University', 'a:4:{i:0;s:42:\"eNGAS & eBUDGET System for LGU\'s (8 hours)\";i:1;s:80:\"Conversion of the Revised Chart of Accounts of Local Governmet Sector (40 hours)\";i:2;s:80:\"Coversion of the Revised Chart of Accounts of Local Government Sector (32 hours)\";i:3;s:43:\"Supervisory Development Training (16 hours)\";}', 'a:7:{s:9:\"Temporary\";s:0:\"\";s:3:\"JOW\";s:0:\"\";s:6:\"Casual\";s:0:\"\";s:11:\"Contractual\";s:0:\"\";s:9:\"Permanent\";s:7:\"4 years\";s:8:\"Elective\";s:0:\"\";s:10:\"Coterminus\";s:0:\"\";}', 'a:1:{i:0;a:5:{i:0;s:45:\"Administrative Officer IV(Fiscal Examiner II)\";i:1;s:9:\"Permanent\";i:2;s:40:\"LGU,Bayawan City(City Accounting Office)\";i:3;s:10:\"2015-02-02\";i:4;s:0:\"\";}}', 'a:1:{i:0;s:15:\"CS-Professional\";}', 'N;', 'N;', ''),
(33, 'Hoyohoy, Jenette B.', 43, 'Female', 'Married', '09171020462', 'Amparos Village, Bayawan City', 'Master in Public Management (on Thesis now); Bachelor of Business Administration  major in Management ', 'NURSO, Dgte. City; Silliman University', 'a:4:{i:0;s:65:\"Fiscal Accountability, Transparency and sustainability (32 hours)\";i:1;s:51:\"DBP & LBP\'s Financial Program\'s for LGU\'s (8 hours)\";i:2;s:54:\"Appraisal & Disposal of Government Property (24 hours)\";i:3;s:64:\"Performance Counseling Program forHeads & Supervisors (16 hours)\";}', 'a:7:{s:9:\"Temporary\";s:0:\"\";s:3:\"JOW\";s:0:\"\";s:6:\"Casual\";s:0:\"\";s:11:\"Contractual\";s:0:\"\";s:9:\"Permanent\";s:8:\"16 years\";s:8:\"Elective\";s:0:\"\";s:10:\"Coterminus\";s:0:\"\";}', 'a:1:{i:0;a:5:{i:0;s:36:\"Local Revenue Collection Officer III\";i:1;s:9:\"Permanent\";i:2;s:42:\"LGU,Bayawan City (City Treasurer\'s Office)\";i:3;s:10:\"2003-05-01\";i:4;s:0:\"\";}}', 'a:3:{i:0;s:27:\"CS-Professional (2nd Level)\";i:1;s:48:\"BCLTE (Basic Compentency on Local Treasury Exam)\";i:2;s:62:\"ICLTE (Intermediate Compentency on Local Treasury Examination)\";}', 'N;', 'N;', ''),
(34, 'Ragay, Cherry Chad G.', 25, 'Female', 'Single', '09454010533', 'San Francisco, Sta. Catalina, Negros Oriental', 'Bachelor of Science in Accountancy', 'Foundation University', 'a:4:{i:0;s:57:\"Research Methods: Primer on Forensic Accounting (8 hours)\";i:1;s:32:\"IT Audit and Assurance (8 hours)\";i:2;s:26:\"Risk Based Audit (8 hours)\";i:3;s:45:\"Internal Audit\'s Financial Auditing (8 hours)\";}', 'a:7:{s:9:\"Temporary\";s:0:\"\";s:3:\"JOW\";s:0:\"\";s:6:\"Casual\";s:0:\"\";s:11:\"Contractual\";s:0:\"\";s:9:\"Permanent\";s:0:\"\";s:8:\"Elective\";s:0:\"\";s:10:\"Coterminus\";s:0:\"\";}', 'a:3:{i:0;a:5:{i:0;s:26:\"Assistant Internal Auditor\";i:1;s:7:\"Regular\";i:2;s:5:\"PHCCI\";i:3;s:10:\"2016-09-16\";i:4;s:0:\"\";}i:1;a:5:{i:0;s:24:\"Finance Business Analyst\";i:1;s:0:\"\";i:2;s:29:\"Governace Commission for GOCC\";i:3;s:10:\"2016-01-03\";i:4;s:10:\"2016-06-30\";}i:2;a:5:{i:0;s:17:\"Associate Auditor\";i:1;s:0:\"\";i:2;s:25:\"Sycrip Velayo and Company\";i:3;s:10:\"2015-09-16\";i:4;s:10:\"2016-02-16\";}}', 'a:1:{i:0;s:3:\"CPA\";}', 'a:1:{i:0;s:33:\"PHCCI Employee of the Year (2017)\";}', 'N;', ''),
(35, 'Andulana, Brian D.', 27, 'Male', 'Married', '09771649493', 'Amparos Village, Villareal, Bayawan City', 'Masters in Business Administration (on-going); Bachelor of Science in Accountancy', 'St. Paul University; NURSO(Main Campus)', 'a:3:{i:0;s:22:\"PFRS Updates (8 hours)\";i:1;s:76:\"Common errors of accountants in the field taxation and tax updates (8 hours)\";i:2;s:50:\"Fraud detection, analysis and prevention (8 hours)\";}', 'a:7:{s:9:\"Temporary\";s:0:\"\";s:3:\"JOW\";s:8:\"6 months\";s:6:\"Casual\";s:0:\"\";s:11:\"Contractual\";s:0:\"\";s:9:\"Permanent\";s:0:\"\";s:8:\"Elective\";s:0:\"\";s:10:\"Coterminus\";s:0:\"\";}', 'a:3:{i:0;a:5:{i:0;s:21:\"Accounting Supervisor\";i:1;s:7:\"Regular\";i:2;s:10:\"URC-Tolong\";i:3;s:10:\"2017-07-01\";i:4;s:0:\"\";}i:1;a:5:{i:0;s:30:\"Instructor I/Campus Accountant\";i:1;s:9:\"Temporary\";i:2;s:20:\"NURSO(Siaton Campus)\";i:3;s:10:\"2013-06-01\";i:4;s:10:\"2017-05-31\";}i:2;a:5:{i:0;s:9:\"Job Order\";i:1;s:11:\"Contractual\";i:2;s:45:\"Bayawan Water District(Accounting Department)\";i:3;s:10:\"2013-01-01\";i:4;s:10:\"2013-05-31\";}}', 'a:1:{i:0;s:3:\"CPA\";}', 'N;', 'N;', ''),
(36, 'Salaw, Ariel R.', 47, 'Male', 'Married', '09068770795', 'Banga, Bayawan City', 'Bachelor of Science in Accountancy', 'University of the East', 'a:5:{i:0;s:37:\"Financial Audit under nGAS (16 hours)\";i:1;s:32:\"RA 9184 and its IRR-A (24 hours)\";i:2;s:55:\"eNGAS Technical/Functional Trainng (40 hours; 16 hours)\";i:3;s:34:\"Cash Management Control (24 hours)\";i:4;s:51:\"Laws and Rules on Government Expenditure (32 hours)\";}', 'a:7:{s:9:\"Temporary\";s:0:\"\";s:3:\"JOW\";s:0:\"\";s:6:\"Casual\";s:0:\"\";s:11:\"Contractual\";s:0:\"\";s:9:\"Permanent\";s:0:\"\";s:8:\"Elective\";s:0:\"\";s:10:\"Coterminus\";s:0:\"\";}', 'a:1:{i:0;a:5:{i:0;s:25:\"Administrative Officer IV\";i:1;s:9:\"Permanent\";i:2;s:40:\"LGU,Bayawan City(City Accounting Office)\";i:3;s:10:\"2003-05-01\";i:4;s:0:\"\";}}', 'a:1:{i:0;s:15:\"CS-Professional\";}', 'N;', 'N;', ''),
(37, 'Opamin, Francisco C.', 51, 'Male', 'Married', '09360245313', 'Suba, Bayawan City', 'Bachelor of Science in Commerce major in Accounting', 'Misamis University', 'a:4:{i:0;s:43:\"Supervisory Development Training (24 hours)\";i:1;s:80:\"Credibility, Transparency & Efficiency in Public Financial Management (24 hours)\";i:2;s:68:\"Electronics Statement of Receipts and Expenditures Clinic (16 hours)\";i:3;s:52:\"Laws and Rules on Government Expenditures (24 hours)\";}', 'a:7:{s:9:\"Temporary\";s:0:\"\";s:3:\"JOW\";s:0:\"\";s:6:\"Casual\";s:0:\"\";s:11:\"Contractual\";s:0:\"\";s:9:\"Permanent\";s:8:\"16 years\";s:8:\"Elective\";s:0:\"\";s:10:\"Coterminus\";s:0:\"\";}', 'a:1:{i:0;a:5:{i:0;s:20:\"Accounting Clerk III\";i:1;s:9:\"Permanent\";i:2;s:40:\"LGU,Bayawan City(City Accounting Office)\";i:3;s:10:\"2003-05-01\";i:4;s:0:\"\";}}', 'a:2:{i:0;s:27:\"CS-Professional (2nd Level)\";i:1;s:30:\"CS-Subprofessional (1st Level)\";}', 'N;', 'N;', ''),
(38, 'Pasilan, Mark Bryan P.', 29, 'Male', 'Married', '09263170067', 'Tinago, Bayawan City', 'Bachelor of Science in Accountancy', 'NURSO', 'a:1:{i:0;s:62:\"Law on Procurement and Philippine Bidding Documents (24 hours)\";}', 'a:7:{s:9:\"Temporary\";s:0:\"\";s:3:\"JOW\";s:0:\"\";s:6:\"Casual\";s:0:\"\";s:11:\"Contractual\";s:0:\"\";s:9:\"Permanent\";s:0:\"\";s:8:\"Elective\";s:0:\"\";s:10:\"Coterminus\";s:0:\"\";}', 'a:4:{i:0;a:5:{i:0;s:21:\"Accounting Supervisor\";i:1;s:7:\"Regular\";i:2;s:24:\"Abejo Waters Corporation\";i:3;s:10:\"2014-06-01\";i:4;s:10:\"2015-03-31\";}i:1;a:5:{i:0;s:18:\"Accounting Manager\";i:1;s:7:\"Regular\";i:2;s:24:\"Taking You Forward, Inc.\";i:3;s:10:\"2015-03-01\";i:4;s:10:\"2016-07-31\";}i:2;a:5:{i:0;s:17:\"Acounting Manager\";i:1;s:7:\"Regualr\";i:2;s:15:\"Grand Land Inc.\";i:3;s:10:\"2016-11-01\";i:4;s:10:\"2018-02-28\";}i:3;a:5:{i:0;s:21:\"Finance/Admin Manager\";i:1;s:7:\"Regular\";i:2;s:28:\"Citius Solutions Corporation\";i:3;s:10:\"2018-02-01\";i:4;s:0:\"\";}}', 'a:1:{i:0;s:3:\"CPA\";}', 'N;', 'N;', ''),
(39, 'Tuazon, Teresita O.', 54, 'Female', 'Married', '09263050474', 'Boyco, Bayawan City', 'Bachelor pf Business Administration major in Accounting', 'St. Paul University', 'a:6:{i:0;s:16:\"eNGAS (40 hours)\";i:1;s:78:\"Conversion of Revised Chart of Accounts for Local Government Sector (40 hours)\";i:2;s:32:\"RA 9184 and ITS IRR-A (24 HOURS)\";i:3;s:43:\"New Government Accounting System (32 hours)\";i:4;s:53:\"Laws and Rules for Government Expenditures (40 hours)\";i:5;s:27:\"Brgy. Accounting (40 hours)\";}', 'a:7:{s:9:\"Temporary\";s:0:\"\";s:3:\"JOW\";s:0:\"\";s:6:\"Casual\";s:0:\"\";s:11:\"Contractual\";s:0:\"\";s:9:\"Permanent\";s:8:\"24 years\";s:8:\"Elective\";s:0:\"\";s:10:\"Coterminus\";s:0:\"\";}', 'a:1:{i:0;a:5:{i:0;s:24:\"Administrative Officer V\";i:1;s:9:\"Permanent\";i:2;s:41:\"LGU,Bayawan City (City Accounting Office)\";i:3;s:10:\"1995-01-01\";i:4;s:0:\"\";}}', 'a:2:{i:0;s:27:\"CS-Professional (2nd Level)\";i:1;s:18:\"CS-Subprofessional\";}', 'N;', 'N;', ''),
(40, 'Ellima, Hazel G.', 35, 'Female', 'Married', '09157346373', 'Mayabon, Zambianguita, Negros Oriental', 'Masters in environmental Studies (12 units); BS in Environmental Resource Management major in CRM', 'St. Paul University;CVSCAFT now Bohol Island State University', 'a:3:{i:0;s:127:\"Retooling on Updated Fisheries Technicians with Emphasis on Aquaculture,Post Harvest, Capture Fisheries & Regulatory (40 hours)\";i:1;s:124:\"Philippine Nation Standar for Organic Aquaculture/Certification & Production System on Tilapia & Freshwater Prawn (40 hours)\";i:2;s:149:\"National Training workshop on Inegrating Gender Perspective in Project Proposals to BFAR Provincial Fisheries Officers and Technical Staff (24 hours)\";}', 'a:7:{s:9:\"Temporary\";s:0:\"\";s:3:\"JOW\";s:7:\"7 years\";s:6:\"Casual\";s:0:\"\";s:11:\"Contractual\";s:0:\"\";s:9:\"Permanent\";s:0:\"\";s:8:\"Elective\";s:0:\"\";s:10:\"Coterminus\";s:0:\"\";}', 'a:5:{i:0;a:5:{i:0;s:28:\"Technical Services Provider \";i:1;s:9:\"Job Order\";i:2;s:18:\"DENR-CENRO,Ayungon\";i:3;s:10:\"2018-02-01\";i:4;s:0:\"\";}i:1;a:5:{i:0;s:25:\"Aquacultural Technologist\";i:1;s:9:\"Job Order\";i:2;s:6:\"BFAR-7\";i:3;s:10:\"2017-01-03\";i:4;s:10:\"2018-01-31\";}i:2;a:5:{i:0;s:26:\"Aquacultural Technician II\";i:1;s:9:\"Job Order\";i:2;s:6:\"BFAR-7\";i:3;s:10:\"2016-01-04\";i:4;s:10:\"2016-12-31\";}i:3;a:5:{i:0;s:18:\"Fishery Technician\";i:1;s:9:\"Job Order\";i:2;s:6:\"BFAR-7\";i:3;s:10:\"2014-10-16\";i:4;s:10:\"2015-12-31\";}i:4;a:5:{i:0;s:19:\"CRM Technical Staff\";i:1;s:9:\"Job Order\";i:2;s:17:\"LGU, Zamboanguita\";i:3;s:10:\"2012-03-06\";i:4;s:10:\"2014-10-15\";}}', 'a:2:{i:0;s:6:\"PD 907\";i:1;s:27:\"CS-Professional (2nd Level)\";}', 'N;', 'N;', ''),
(41, 'Armenia, Abelardo N.', 53, 'Male', 'Married', '09165046437', 'Nangka, Bayawan City', 'Master of Arts in Agriculture major in Crop Science; BS Agriculture', 'NURSO,Bayawan; Central Philippines State University', 'a:2:{i:0;s:102:\"Mechanics of Expanded GPAK Program cum Review of Basic Gardening and Fish Culture Practices (24 hours)\";i:1;s:83:\"Hands-on Training on Freshwater Prawn Hatchery Operation and Management (248 hours)\";}', 'a:7:{s:9:\"Temporary\";s:0:\"\";s:3:\"JOW\";s:7:\"8 years\";s:6:\"Casual\";s:0:\"\";s:11:\"Contractual\";s:0:\"\";s:9:\"Permanent\";s:0:\"\";s:8:\"Elective\";s:0:\"\";s:10:\"Coterminus\";s:0:\"\";}', 'a:3:{i:0;a:5:{i:0;s:24:\"Secondary School Teacher\";i:1;s:9:\"Permanent\";i:2;s:19:\"DepEd, Bayawan City\";i:3;s:10:\"2013-05-15\";i:4;s:0:\"\";}i:1;a:5:{i:0;s:23:\"Agri-Fishery Technician\";i:1;s:9:\"Job Order\";i:2;s:41:\"LGU,Bayawan City(City Agriculture Office)\";i:3;s:10:\"2004-10-01\";i:4;s:10:\"2012-09-30\";}i:2;a:5:{i:0;s:19:\"Hatchery Technician\";i:1;s:9:\"Job Order\";i:2;s:30:\"Tolong Aquaculture Corporation\";i:3;s:10:\"1989-09-15\";i:4;s:10:\"1997-07-15\";}}', 'a:1:{i:0;s:3:\"LET\";}', 'N;', 'N;', ''),
(42, 'Alialy, Efren O.', 57, 'Male', 'Single', '09282112815', 'Asami Street, Sta. Rosa Hills, Putingkahoy, Silang, Cavite', 'Masters of Marine Ecology; Bachelor of Science in Fisheries', 'Vrije Universiteit Brussells; AR. Apaciole School of Fisheries', 'N;', 'a:7:{s:9:\"Temporary\";s:0:\"\";s:3:\"JOW\";s:0:\"\";s:6:\"Casual\";s:0:\"\";s:11:\"Contractual\";s:0:\"\";s:9:\"Permanent\";s:0:\"\";s:8:\"Elective\";s:0:\"\";s:10:\"Coterminus\";s:0:\"\";}', 'N;', 'N;', 'N;', 'N;', ''),
(43, 'Crisostomo, Alma D.', 40, 'Female', 'Married', '09979787080', 'Villareal, Bayawan City', 'BS in Agriculture major in Agricultural Economics', 'CVPC(Bayawan Campus)', 'a:4:{i:0;s:56:\"Leave Administration Course for Effectiveness (16 hours)\";i:1;s:30:\"Archives Management (24 hours)\";i:2;s:61:\"Positive Attitude in the Workplace Seminar-Workshop (8 hours)\";i:3;s:43:\"Customer Service Seminar Workshop (8 hours)\";}', 'a:7:{s:9:\"Temporary\";s:0:\"\";s:3:\"JOW\";s:0:\"\";s:6:\"Casual\";s:0:\"\";s:11:\"Contractual\";s:0:\"\";s:9:\"Permanent\";s:8:\"15 years\";s:8:\"Elective\";s:0:\"\";s:10:\"Coterminus\";s:0:\"\";}', 'a:1:{i:0;a:5:{i:0;s:16:\"Utility Worker I\";i:1;s:9:\"Permanent\";i:2;s:41:\"LGU,Bayawan City (City Accounting Office)\";i:3;s:10:\"2003-05-01\";i:4;s:0:\"\";}}', 'a:1:{i:0;s:15:\"CS-Professional\";}', 'N;', 'N;', ''),
(44, 'Alson, Romely H.', 38, 'Male', 'Married', '09954194506', 'Banga, Bayawan City', 'Master of Science in Agriculture major in Crop Science; BS Agriculture major in Agricultural Education', 'Central Philippines State University; NURSO(Bayawan Campus)', 'a:2:{i:0;s:64:\"Training on Records Management and Disposition Seminar (8 hours)\";i:1;s:56:\"Leave Administration Course for Effectiveness (16 hours)\";}', 'a:7:{s:9:\"Temporary\";s:0:\"\";s:3:\"JOW\";s:0:\"\";s:6:\"Casual\";s:0:\"\";s:11:\"Contractual\";s:0:\"\";s:9:\"Permanent\";s:8:\"16 years\";s:8:\"Elective\";s:0:\"\";s:10:\"Coterminus\";s:0:\"\";}', 'a:1:{i:0;a:5:{i:0;s:28:\"Administrative Assistant III\";i:1;s:9:\"Permanent\";i:2;s:16:\"LGU,Bayawan City\";i:3;s:10:\"2003-05-08\";i:4;s:0:\"\";}}', 'a:1:{i:0;s:3:\"LET\";}', 'a:1:{i:0;s:25:\"2004 Employee of the year\";}', 'N;', ''),
(45, 'Crisostomo, Reynaldo Jr., E.', 40, 'Male', 'Married', '09057075049', 'Lopezville Subdivision, Banga, Bayawan City', 'Computer Based Accountancy; AB History', 'Southern Tech College Foundation Inc.; Bayawan College', 'a:3:{i:0;s:21:\"Bookeeping (88 hours)\";i:1;s:89:\"Internal Control System for Property Supply Management(Appraisal and Disposal) (16 hours)\";i:2;s:43:\"Auditor\'s Summer Skills Training (24 hours)\";}', 'a:7:{s:9:\"Temporary\";s:0:\"\";s:3:\"JOW\";s:0:\"\";s:6:\"Casual\";s:0:\"\";s:11:\"Contractual\";s:0:\"\";s:9:\"Permanent\";s:8:\"16 years\";s:8:\"Elective\";s:0:\"\";s:10:\"Coterminus\";s:0:\"\";}', 'a:3:{i:0;a:5:{i:0;s:28:\"Administrative Assistant III\";i:1;s:9:\"Permanent\";i:2;s:20:\"CTO,LGU-Bayawan City\";i:3;s:10:\"2005-06-01\";i:4;s:0:\"\";}i:1;a:5:{i:0;s:35:\"CCTV Surveillance System Supervisor\";i:1;s:9:\"Designate\";i:2;s:23:\"CDRRMO,LGU-Bayawan City\";i:3;s:10:\"2017-06-16\";i:4;s:0:\"\";}i:2;a:5:{i:0;s:18:\"Sports Coordinator\";i:1;s:9:\"Designate\";i:2;s:30:\"ADMIN Office, LGU-Bayawan City\";i:3;s:10:\"2014-11-01\";i:4;s:10:\"2017-06-15\";}}', 'a:2:{i:0;s:27:\"CS-Professional (2nd Level)\";i:1;s:30:\"CS-Subprofessional (1st Level)\";}', 'a:1:{i:0;s:4:\"NONE\";}', 'N;', ''),
(46, 'Tumimbang, Charilyn P.', 28, 'Female', 'Single', '09366091956', 'Boyco, Bayawan City', 'BS Accountancy (Undergraduate)', 'University of Luzon', 'a:1:{i:0;s:4:\"NONE\";}', 'a:7:{s:9:\"Temporary\";s:0:\"\";s:3:\"JOW\";s:17:\"1 year & 2 months\";s:6:\"Casual\";s:0:\"\";s:11:\"Contractual\";s:0:\"\";s:9:\"Permanent\";s:0:\"\";s:8:\"Elective\";s:0:\"\";s:10:\"Coterminus\";s:0:\"\";}', 'a:2:{i:0;a:5:{i:0;s:17:\"Phil Health Clerk\";i:1;s:9:\"Job Order\";i:2;s:25:\"Bayawan District Hospital\";i:3;s:10:\"2017-03-06\";i:4;s:10:\"2018-06-10\";}i:1;a:5:{i:0;s:12:\"Office Staff\";i:1;s:0:\"\";i:2;s:22:\"Negros LPY Corporation\";i:3;s:10:\"2019-03-27\";i:4;s:0:\"\";}}', 'a:1:{i:0;s:15:\"CS-Professional\";}', 'a:1:{i:0;s:4:\"None\";}', 'N;', ''),
(47, 'Corpuz, Rhona Jean P.', 41, 'Female', 'Married', '09357593562', 'Cansig-id, Banga, Bayawan City', 'Bachelor of Seondary Education major in Mathematics', 'NURSO (Main Campus)', 'a:1:{i:0;s:43:\"Customer Service Seminar Workshop (8 hours)\";}', 'a:7:{s:9:\"Temporary\";s:0:\"\";s:3:\"JOW\";s:0:\"\";s:6:\"Casual\";s:0:\"\";s:11:\"Contractual\";s:0:\"\";s:9:\"Permanent\";s:7:\"4 years\";s:8:\"Elective\";s:0:\"\";s:10:\"Coterminus\";s:0:\"\";}', 'a:2:{i:0;a:5:{i:0;s:23:\"Administrative Aide III\";i:1;s:9:\"Permanent\";i:2;s:39:\"City Accounting Office,LGU-Bayawan City\";i:3;s:10:\"2015-04-01\";i:4;s:0:\"\";}i:1;a:5:{i:0;s:15:\"Brgy. Treasurer\";i:1;s:11:\"Co-terminus\";i:2;s:26:\"Brgy. Tinago, Bayawan City\";i:3;s:10:\"2003-05-05\";i:4;s:10:\"2015-03-31\";}}', 'a:1:{i:0;s:26:\"Brgy. Official Eligibility\";}', 'a:1:{i:0;s:4:\"None\";}', 'N;', ''),
(48, 'Muyco, Chany F.', 28, 'Female', 'Single', '09359146750', 'Pagatban, Bayawan City', 'Bachelor of Law; BS in Business Administration', 'NORSU (Main Campus); NORSU (Bayawan Campus)', 'a:1:{i:0;s:4:\"NONE\";}', 'a:7:{s:9:\"Temporary\";s:0:\"\";s:3:\"JOW\";s:8:\"2 months\";s:6:\"Casual\";s:0:\"\";s:11:\"Contractual\";s:0:\"\";s:9:\"Permanent\";s:0:\"\";s:8:\"Elective\";s:0:\"\";s:10:\"Coterminus\";s:0:\"\";}', 'a:2:{i:0;a:5:{i:0;s:12:\"SP Secretary\";i:1;s:9:\"Job Order\";i:2;s:26:\"SP Office,LGU-Bayawan City\";i:3;s:10:\"2019-07-01\";i:4;s:0:\"\";}i:1;a:5:{i:0;s:18:\"Account Supervisor\";i:1;s:9:\"Permanent\";i:2;s:29:\"RUSI, Borongan, Eastern Samar\";i:3;s:10:\"2011-09-01\";i:4;s:10:\"2012-05-16\";}}', 'a:1:{i:0;s:15:\"CS-Professional\";}', 'N;', 'N;', ''),
(49, 'Gutib, Ma. Rikka Lorraine L.', 32, 'Female', 'Married', '09654835991', 'Banga, Bayawan City', 'College Level', 'Diaz College, Tanjay City', 'a:2:{i:0;s:104:\"Enrichment training on Art Education for Education for Teachers and Ar-tists in the Community (40 hours)\";i:1;s:80:\"Rural Impact technical training-Digital marketing & E-Commerece Course (8 hours)\";}', 'a:7:{s:9:\"Temporary\";s:0:\"\";s:3:\"JOW\";s:8:\"8 months\";s:6:\"Casual\";s:0:\"\";s:11:\"Contractual\";s:0:\"\";s:9:\"Permanent\";s:0:\"\";s:8:\"Elective\";s:7:\"5 years\";s:10:\"Coterminus\";s:0:\"\";}', 'a:4:{i:0;a:5:{i:0;s:14:\"Technician III\";i:1;s:9:\"Job Order\";i:2;s:35:\"Media Bureau, CMO, LGU-Bayawan City\";i:3;s:10:\"2019-02-28\";i:4;s:0:\"\";}i:1;a:5:{i:0;s:27:\"Customer Service Specialist\";i:1;s:0:\"\";i:2;s:23:\"SPI-CRM, Dumaguete City\";i:3;s:10:\"2016-06-02\";i:4;s:10:\"2017-04-02\";}i:2;a:5:{i:0;s:32:\"Technical Service Representative\";i:1;s:0:\"\";i:2;s:8:\"Covergys\";i:3;s:10:\"2015-01-01\";i:4;s:10:\"2016-12-01\";}i:3;a:5:{i:0;s:11:\"SK Chairman\";i:1;s:8:\"Elective\";i:2;s:19:\"Banga, Bayawan City\";i:3;s:10:\"2002-07-15\";i:4;s:10:\"2007-08-11\";}}', 'a:1:{i:0;s:15:\"CS-Professional\";}', 'a:1:{i:0;s:4:\"None\";}', 'N;', ''),
(50, 'Olac, Ma. Aurene N.', 36, 'Female', 'Single', '09056864835', 'Mabini St., Boyco, Bayawan City', 'Bachelor of Business Administration major in Management', 'Silliman University', 'a:3:{i:0;s:58:\"Training on iClinicSys Version 3.1 with eClaims (24 hours)\";i:1;s:81:\"Orientation Workshopof Philheath Hospital Information and Claims System (16 hurs)\";i:2;s:57:\"eHATID LGU Training and Development in Neg. Or. (8 hours)\";}', 'a:7:{s:9:\"Temporary\";s:0:\"\";s:3:\"JOW\";s:18:\"4 years & 7 months\";s:6:\"Casual\";s:0:\"\";s:11:\"Contractual\";s:0:\"\";s:9:\"Permanent\";s:0:\"\";s:8:\"Elective\";s:0:\"\";s:10:\"Coterminus\";s:0:\"\";}', 'a:2:{i:0;a:5:{i:0;s:22:\"Supervising Technician\";i:1;s:9:\"Job Order\";i:2;s:21:\"CHO, LGU-Bayawan City\";i:3;s:10:\"2014-11-13\";i:4;s:0:\"\";}i:1;a:5:{i:0;s:23:\"Data Analyst/Pre-editor\";i:1;s:7:\"Regular\";i:2;s:16:\"SPi GLOBAL, Inc.\";i:3;s:10:\"2007-07-07\";i:4;s:10:\"2007-07-31\";}}', 'a:1:{i:0;s:15:\"CS-Professional\";}', 'N;', 'N;', ''),
(51, 'Valencia, Franz Joshua A.', 24, 'Male', 'Single', '0916498007', 'GV Subdivision, Villareal, Bayawan City', 'Bachelor of Science in Computer Engineering', 'Silliman University', 'a:1:{i:0;s:34:\"Values Formation Seminar (8 hours)\";}', 'a:7:{s:9:\"Temporary\";s:0:\"\";s:3:\"JOW\";s:6:\"1 year\";s:6:\"Casual\";s:0:\"\";s:11:\"Contractual\";s:0:\"\";s:9:\"Permanent\";s:0:\"\";s:8:\"Elective\";s:0:\"\";s:10:\"Coterminus\";s:0:\"\";}', 'a:1:{i:0;a:5:{i:0;s:30:\"Job Order (Computer Programer)\";i:1;s:9:\"Job Order\";i:2;s:21:\"HRMO,LGU-Bayawan City\";i:3;s:10:\"2018-07-16\";i:4;s:0:\"\";}}', 'a:1:{i:0;s:15:\"CS-Professional\";}', 'N;', 'N;', ''),
(52, 'Olasiman, Jelson ', 30, 'Male', 'Single', '09056476132', 'GV Subdivision, Villareal, Bayawan City', 'Masters in Business Administration (on-going); BS in Hospitality Management', 'NURSO(Main Campus); NURSO (Main Campus)', 'a:1:{i:0;s:4:\"None\";}', 'a:7:{s:9:\"Temporary\";s:0:\"\";s:3:\"JOW\";s:0:\"\";s:6:\"Casual\";s:0:\"\";s:11:\"Contractual\";s:0:\"\";s:9:\"Permanent\";s:0:\"\";s:8:\"Elective\";s:0:\"\";s:10:\"Coterminus\";s:0:\"\";}', 'a:2:{i:0;a:5:{i:0;s:31:\"Customer Service Representative\";i:1;s:7:\"Regular\";i:2;s:7:\"SPi CRM\";i:3;s:10:\"2017-02-08\";i:4;s:10:\"2018-02-28\";}i:1;a:5:{i:0;s:41:\"Cashier/Front Desk Officer/Food Attendant\";i:1;s:7:\"Regular\";i:2;s:24:\"Hermanos Del Prado, Inc.\";i:3;s:10:\"2010-06-10\";i:4;s:10:\"2017-01-31\";}}', 'a:1:{i:0;s:15:\"CS-Professional\";}', 'a:1:{i:0;s:4:\"None\";}', 'N;', ''),
(53, 'Patajo, Andrei Gleve T.', 28, 'Male', 'Single', '09652048252', 'GV Subdivision, Villareal, Bayawan City', 'BS Business Administration major in Human Resource Development Management', 'NURSO (Bayawan Campus)', 'a:1:{i:0;s:64:\"New Employee Orientation and Values Formation Seminar (16 hours)\";}', 'a:7:{s:9:\"Temporary\";s:0:\"\";s:3:\"JOW\";s:6:\"1 year\";s:6:\"Casual\";s:6:\"1 year\";s:11:\"Contractual\";s:0:\"\";s:9:\"Permanent\";s:0:\"\";s:8:\"Elective\";s:0:\"\";s:10:\"Coterminus\";s:0:\"\";}', 'a:3:{i:0;a:5:{i:0;s:22:\"Administrative Aide I \";i:1;s:6:\"Casual\";i:2;s:20:\"OSM,LGU-Bayawan City\";i:3;s:10:\"2017-05-16\";i:4;s:0:\"\";}i:1;a:5:{i:0;s:9:\"Job Order\";i:1;s:11:\"Contractual\";i:2;s:45:\"OSM, Administrator\'s Office, LGU-Bayawan City\";i:3;s:10:\"2016-02-22\";i:4;s:10:\"2017-05-15\";}i:2;a:5:{i:0;s:22:\"Cencus Area Supervisor\";i:1;s:11:\"Contarctual\";i:2;s:31:\"Philippine Statistics Authority\";i:3;s:10:\"2015-08-10\";i:4;s:10:\"2015-11-29\";}}', 'a:2:{i:0;s:15:\"CS-Professional\";i:1;s:25:\"Fire Officer Examinatioon\";}', 'a:1:{i:0;s:4:\"None\";}', 'N;', ''),
(54, 'Velez, Yucel B.', 25, 'Female', 'Married', '09972715368', 'Palongpong, Narra, Bayawan City', 'Bachelor of Science in Management Accounting', 'St. Paul University, Dumaguete City', 'a:1:{i:0;s:43:\"Customer Service Seminar-Workshop (8 hours)\";}', 'a:7:{s:9:\"Temporary\";s:0:\"\";s:3:\"JOW\";s:0:\"\";s:6:\"Casual\";s:18:\"2 years & 8 months\";s:11:\"Contractual\";s:0:\"\";s:9:\"Permanent\";s:0:\"\";s:8:\"Elective\";s:0:\"\";s:10:\"Coterminus\";s:0:\"\";}', 'a:3:{i:0;a:5:{i:0;s:21:\"Administrative Aide I\";i:1;s:6:\"Casual\";i:2;s:40:\"City Accounting Office, LGU-Bayawan City\";i:3;s:10:\"2018-08-09\";i:4;s:0:\"\";}i:1;a:5:{i:0;s:20:\"Accounting Assistant\";i:1;s:11:\"Contractual\";i:2;s:30:\"Royal Express Travel and Tours\";i:3;s:10:\"2015-06-08\";i:4;s:10:\"2016-12-27\";}i:2;a:5:{i:0;s:16:\"Accounting Clerk\";i:1;s:11:\"Contractual\";i:2;s:15:\"DU EK SAM, Inc.\";i:3;s:10:\"2014-11-07\";i:4;s:10:\"2015-05-15\";}}', 'a:1:{i:0;s:15:\"CS-Professional\";}', 'a:1:{i:0;s:4:\"NONE\";}', 'N;', ''),
(55, 'Caducoy, John Michael T.', 38, 'Male', 'Married', '09166032050', 'Bollos St., Ubos, Bayawan City', 'BS in Computer Engineering(College Level)', 'University of Cebu', 'a:2:{i:0;s:34:\"Values Formation Seminar (8 hours)\";i:1;s:49:\"Public Service Values Seminar Workshop (16 hours)\";}', 'a:7:{s:9:\"Temporary\";s:0:\"\";s:3:\"JOW\";s:8:\"12 years\";s:6:\"Casual\";s:0:\"\";s:11:\"Contractual\";s:0:\"\";s:9:\"Permanent\";s:0:\"\";s:8:\"Elective\";s:0:\"\";s:10:\"Coterminus\";s:0:\"\";}', 'a:1:{i:0;a:5:{i:0;s:17:\"Computer Operator\";i:1;s:9:\"Job Order\";i:2;s:27:\"HR Office, LGU-Bayawan City\";i:3;s:10:\"2007-01-16\";i:4;s:0:\"\";}}', 'a:1:{i:0;s:19:\"CS Sub-professional\";}', 'a:1:{i:0;s:4:\"NONE\";}', 'N;', ''),
(56, 'Martinez, Putcholo A.', 42, 'Male', 'Married', '0965322625', 'Villareal, Bayawan City', 'BBA; Bachelor of Business Economics and Accountancy', 'De La Salle University-Taft; Foundation University', 'a:1:{i:0;s:30:\"Business Application Software \";}', 'a:7:{s:9:\"Temporary\";s:0:\"\";s:3:\"JOW\";s:7:\"3 years\";s:6:\"Casual\";s:0:\"\";s:11:\"Contractual\";s:0:\"\";s:9:\"Permanent\";s:0:\"\";s:8:\"Elective\";s:0:\"\";s:10:\"Coterminus\";s:0:\"\";}', 'a:2:{i:0;a:5:{i:0;s:19:\"Revisor (2010-2011)\";i:1;s:9:\"Job Order\";i:2;s:40:\"City Assessor\'s Office, LGU-Bayawan City\";i:3;s:0:\"\";i:4;s:0:\"\";}i:1;a:5:{i:0;s:22:\"Supervising Technician\";i:1;s:9:\"Job Order\";i:2;s:36:\"City Health Office, LGU-Bayawan City\";i:3;s:10:\"2017-08-21\";i:4;s:0:\"\";}}', 'a:2:{i:0;s:15:\"CS-Professional\";i:1;s:19:\"CS Sub-Professional\";}', 'N;', 'N;', ''),
(57, 'Bayoguiña, Arian Mae D.', 33, 'Female', 'Married', '09750179923', 'Purok Masagan, Villareal, Bayawan City', 'Bachelor of Elementary Education', 'NURSO (Bayawan Campus)', 'a:1:{i:0;s:32:\"Team Building Workshop (8 hours)\";}', 'a:7:{s:9:\"Temporary\";s:0:\"\";s:3:\"JOW\";s:7:\"2 years\";s:6:\"Casual\";s:0:\"\";s:11:\"Contractual\";s:0:\"\";s:9:\"Permanent\";s:0:\"\";s:8:\"Elective\";s:0:\"\";s:10:\"Coterminus\";s:0:\"\";}', 'a:1:{i:0;a:5:{i:0;s:14:\"Technician III\";i:1;s:9:\"Job Order\";i:2;s:21:\"BOSS,LGU-Bayawan City\";i:3;s:10:\"2007-03-01\";i:4;s:0:\"\";}}', 'a:1:{i:0;s:40:\"LET (Licensure Examination for Teachers)\";}', 'N;', 'N;', ''),
(58, 'Bayoguiña, Emelyn Joy O.', 30, 'Female', 'Married', '09651736242', 'Purok Masagana, Villareal, Bayawan City', 'BS Office System Management', 'NURSO (Bayawan Campus)', 'a:1:{i:0;s:4:\"None\";}', 'a:7:{s:9:\"Temporary\";s:0:\"\";s:3:\"JOW\";s:7:\"4 years\";s:6:\"Casual\";s:0:\"\";s:11:\"Contractual\";s:0:\"\";s:9:\"Permanent\";s:0:\"\";s:8:\"Elective\";s:0:\"\";s:10:\"Coterminus\";s:0:\"\";}', 'a:3:{i:0;a:5:{i:0;s:22:\"Supervising Technician\";i:1;s:9:\"Job Order\";i:2;s:22:\"CCMDO,LGU-Bayawan City\";i:3;s:10:\"2019-01-16\";i:4;s:0:\"\";}i:1;a:5:{i:0;s:5:\"Clerk\";i:1;s:11:\"Contractual\";i:2;s:25:\"Office of the Congressman\";i:3;s:10:\"2014-03-01\";i:4;s:10:\"2014-12-13\";}i:2;a:5:{i:0;s:5:\"Clerk\";i:1;s:9:\"Job Order\";i:2;s:20:\"GSO,LGU-Bayawan City\";i:3;s:10:\"2009-05-15\";i:4;s:10:\"2013-06-30\";}}', 'a:1:{i:0;s:19:\"CS Sub-professional\";}', 'a:1:{i:0;s:4:\"None\";}', 'N;', '');
INSERT INTO `rsp_applicants` (`applicant_id`, `name`, `age`, `gender`, `civil_status`, `mobile_no`, `address`, `education`, `school`, `training`, `num_years_in_gov`, `experience`, `eligibility`, `awards`, `records_infractions`, `remarks`) VALUES
(59, 'Empeño, Jude Ann D.', 22, 'Female', 'Single', '09354640372', 'Boyco, Bayawan City', 'Bachelor of Mass Communication', 'NURSO (Main Campus)', 'a:3:{i:0;s:36:\"Bookeeping NC III (Basic) (32 hours)\";i:1;s:37:\"Bookeeping NC III (Common) (56 hours)\";i:2;s:34:\"Values Formation Seminar (8 hours)\";}', 'a:7:{s:9:\"Temporary\";s:0:\"\";s:3:\"JOW\";s:9:\"11 months\";s:6:\"Casual\";s:0:\"\";s:11:\"Contractual\";s:0:\"\";s:9:\"Permanent\";s:0:\"\";s:8:\"Elective\";s:0:\"\";s:10:\"Coterminus\";s:0:\"\";}', 'a:2:{i:0;a:5:{i:0;s:9:\"Clerk III\";i:1;s:9:\"Job Order\";i:2;s:30:\"Media Bureau, LGU-Bayawan City\";i:3;s:10:\"2018-07-19\";i:4;s:0:\"\";}i:1;a:5:{i:0;s:20:\"Orbitz Travel Expert\";i:1;s:7:\"Regular\";i:2;s:28:\"Teleperformance Cebu IT Park\";i:3;s:10:\"2017-10-17\";i:4;s:10:\"2017-04-20\";}}', 'a:1:{i:0;s:15:\"CS-Professional\";}', 'a:1:{i:0;s:4:\"None\";}', 'N;', ''),
(60, 'Reyes, Vladimir M.', 34, 'Male', 'Single', '09271540401', 'Banga, Bayawan City', 'Bachelor of Science in Architecture', 'NURSO (Main Campus)', 'a:2:{i:0;s:44:\"Area C Assembly-Pag-ululupod 2019 (16 hours)\";i:1;s:39:\"Microstation Training Design (32 hours)\";}', 'a:7:{s:9:\"Temporary\";s:0:\"\";s:3:\"JOW\";s:7:\"4 years\";s:6:\"Casual\";s:7:\"4 years\";s:11:\"Contractual\";s:0:\"\";s:9:\"Permanent\";s:0:\"\";s:8:\"Elective\";s:0:\"\";s:10:\"Coterminus\";s:0:\"\";}', 'a:1:{i:0;a:5:{i:0;s:22:\"CAD Operator/Architect\";i:1;s:6:\"Casual\";i:2;s:20:\"CEO,LGU-Bayawan City\";i:3;s:10:\"2014-07-16\";i:4;s:0:\"\";}}', 'a:1:{i:0;s:7:\"RA 1080\";}', 'N;', 'N;', ''),
(61, 'Melendres, Russel Ira B.', 30, 'Female', 'Married', '09069705050', 'Cambulo, Banga, Bayawan City', 'BS in Business Administration major in Management Accounting', 'St. Paul University(Dumaguete)', 'a:3:{i:0;s:64:\"Enhanced Tax Revenue Assessment and Collection System (24 hours)\";i:1;s:47:\"Financial Management and Life Coaching(8 hours)\";i:2;s:76:\"Seminar-Workshop in Business Gross Receipts/Sales Audit Evaluation(32 hours)\";}', 'a:7:{s:9:\"Temporary\";s:0:\"\";s:3:\"JOW\";s:0:\"\";s:6:\"Casual\";s:0:\"\";s:11:\"Contractual\";s:0:\"\";s:9:\"Permanent\";s:18:\"4 years & 4 months\";s:8:\"Elective\";s:0:\"\";s:10:\"Coterminus\";s:0:\"\";}', 'a:1:{i:0;a:5:{i:0;s:20:\"Licensed Inspector I\";i:1;s:9:\"Permanent\";i:2;s:20:\"CTO,LGU-Bayawan City\";i:3;s:10:\"2015-03-01\";i:4;s:0:\"\";}}', 'a:3:{i:0;s:47:\"Basic Competency for Local Treasury Examination\";i:1;s:15:\"CS-Professional\";i:2;s:18:\"CS-Subprofessional\";}', 'N;', 'a:1:{i:0;s:4:\"None\";}', ''),
(62, 'Gaga-a, Wilma D.', 47, 'Female', 'Married', '09751764696', 'Amparos Village, Villareal, Bayawan City', 'BS in Business Administration major in Management', 'Silliman University', 'a:1:{i:0;s:65:\"Establishment of LGU Archival Systemn in Visayas Region(24 hours)\";}', 'a:7:{s:9:\"Temporary\";s:0:\"\";s:3:\"JOW\";s:0:\"\";s:6:\"Casual\";s:0:\"\";s:11:\"Contractual\";s:0:\"\";s:9:\"Permanent\";s:8:\"16 years\";s:8:\"Elective\";s:0:\"\";s:10:\"Coterminus\";s:0:\"\";}', 'a:1:{i:0;a:5:{i:0;s:43:\"Administrative Assistant II(Cash Clerk III)\";i:1;s:9:\"Permanent\";i:2;s:21:\"CTO, LGU-Bayawan City\";i:3;s:10:\"2003-05-01\";i:4;s:0:\"\";}}', 'a:1:{i:0;s:15:\"CS-Professional\";}', 'a:1:{i:0;s:29:\"Sunshine Awardee (2016, 2018)\";}', 'N;', ''),
(63, 'Tubesa, Juvy D.', 47, 'Female', 'Single', '09263774618', 'Villareal, Bayawan City', 'Masters in Public Management (27 units); Bachelor of Science in Commerce', 'NURSO(Main Campus); West College(Bacolod)', 'a:2:{i:0;s:77:\"Seminar Workshop on Business Gross(Receipt/Sales Audit/Evaluation) (32 hours)\";i:1;s:37:\"Cash Management and Control(16 hours)\";}', 'a:7:{s:9:\"Temporary\";s:0:\"\";s:3:\"JOW\";s:0:\"\";s:6:\"Casual\";s:0:\"\";s:11:\"Contractual\";s:0:\"\";s:9:\"Permanent\";s:8:\"16 years\";s:8:\"Elective\";s:0:\"\";s:10:\"Coterminus\";s:0:\"\";}', 'a:1:{i:0;a:5:{i:0;s:34:\"Local Revenue Collection Officer I\";i:1;s:9:\"Permanent\";i:2;s:20:\"CTO,LGU-Bayawan City\";i:3;s:10:\"2003-05-01\";i:4;s:0:\"\";}}', 'a:1:{i:0;s:15:\"CS-Professional\";}', 'a:1:{i:0;s:21:\"Sunshine Award (2016)\";}', 'a:1:{i:0;s:4:\"None\";}', ''),
(64, 'Estiñoso, Ma. Jezebel G.', 39, 'Female', 'Married', '09777862585', 'Lopezville Subdivision, Banga, Bayawan City', 'Master in Governmental Management(major in Human Resource Management); Bachelor of Science in Criminology', 'CVPC, Dumaguete; NURSO(Main Campus)', 'a:5:{i:0;s:62:\"Enhanced Tax Revenue Assessment & Collection System (24 hours)\";i:1;s:77:\"Seminar Workshop on Business Gross Receipts/Sales Audit/Evaluation (32 hours)\";i:2;s:55:\"Training Workshop for LGU Revenue Collectors (24 hours)\";i:3;s:117:\"Seminar-Workshop on Monitoring and Evaluation Capability Build-up for Business Permit and Licensing System (16 hours)\";i:4;s:92:\"Seminar Workshop on Streaming the Business Permit and Licensing System (Phase II) (16 hours)\";}', 'a:7:{s:9:\"Temporary\";s:0:\"\";s:3:\"JOW\";s:0:\"\";s:6:\"Casual\";s:0:\"\";s:11:\"Contractual\";s:0:\"\";s:9:\"Permanent\";s:21:\"13 years and 6 months\";s:8:\"Elective\";s:0:\"\";s:10:\"Coterminus\";s:0:\"\";}', 'a:1:{i:0;a:5:{i:0;s:32:\"Local Revenue Collection Clerk I\";i:1;s:9:\"Permanent\";i:2;s:20:\"CTO,LGU-Bayawan City\";i:3;s:10:\"2006-01-16\";i:4;s:0:\"\";}}', 'a:1:{i:0;s:50:\"RA 1080( Licensure Examination for Criminologists)\";}', 'a:1:{i:0;s:4:\"NONE\";}', 'N;', ''),
(65, 'Jamandron, Johnjay F.', 38, 'Male', 'Married', '09263857670', 'Lopezville, Banga, Bayawan City', 'BS Agriculture; Masters in Public Administration (21 units)', 'CVPC,Bayawan; Central Visayas State University', 'a:5:{i:0;s:16:\"Bookeeping NC II\";i:1;s:42:\"Supervisory Development Training(24 hours)\";i:2;s:29:\"Leadership Training(24 hours)\";i:3;s:38:\"Revenue Collections Training(24 hours)\";i:4;s:62:\"Skills Development Training on Assessment Operations(32 hours)\";}', 'a:7:{s:9:\"Temporary\";s:0:\"\";s:3:\"JOW\";s:0:\"\";s:6:\"Casual\";s:0:\"\";s:11:\"Contractual\";s:0:\"\";s:9:\"Permanent\";s:8:\"16 years\";s:8:\"Elective\";s:0:\"\";s:10:\"Coterminus\";s:0:\"\";}', 'a:1:{i:0;a:5:{i:0;s:35:\"Local Revenue Collection Officer II\";i:1;s:9:\"Permanent\";i:2;s:20:\"CTO,LGU-Bayawan City\";i:3;s:10:\"2003-05-01\";i:4;s:0:\"\";}}', 'a:1:{i:0;s:13:\"RA 1080( LET)\";}', 'N;', 'N;', ''),
(66, 'Baynosa, Lodeber T.', 38, 'Male', 'Married', '09978158471', 'Pagatban, Bayawan City', 'Master of Public Management (30 units); BS Criminology', 'NURSO(Bayawan Campus); CVPC(Main Campus)', 'a:2:{i:0;s:49:\"Training Workshop for Revenue Collector(32 hours)\";i:1;s:57:\"Training of the Xamination of Books of Accounts(32 hours)\";}', 'a:7:{s:9:\"Temporary\";s:0:\"\";s:3:\"JOW\";s:0:\"\";s:6:\"Casual\";s:0:\"\";s:11:\"Contractual\";s:0:\"\";s:9:\"Permanent\";s:8:\"16 years\";s:8:\"Elective\";s:0:\"\";s:10:\"Coterminus\";s:0:\"\";}', 'a:1:{i:0;a:5:{i:0;s:34:\"Local Revenue Collection Clerk III\";i:1;s:9:\"Permanent\";i:2;s:21:\"CTO, LGU-Bayawan City\";i:3;s:10:\"2003-05-01\";i:4;s:0:\"\";}}', 'a:1:{i:0;s:44:\"RA 1080(Criminologist Licensure Examination)\";}', 'N;', 'N;', ''),
(67, 'Gotladera, Arnel Antonio Q.', 42, 'Male', 'Married', '091687748', 'Lopezville, Banga, Bayawan City', 'Bachelor of Science in Computer Science', 'University of the Visayas', 'a:4:{i:0;s:52:\"Retooling Seminar of anti-money laundering (8 hours)\";i:1;s:59:\"Updating of LGU Integrated Financial Tools System (8 hours)\";i:2;s:60:\"Roll-out of LGU Integrated Financial Tools System (32 hours)\";i:3;s:81:\"Coaching/Tutorial on Electronics Statement of receipts and expeditures (16 hours)\";}', 'a:7:{s:9:\"Temporary\";s:0:\"\";s:3:\"JOW\";s:0:\"\";s:6:\"Casual\";s:0:\"\";s:11:\"Contractual\";s:0:\"\";s:9:\"Permanent\";s:8:\"14 years\";s:8:\"Elective\";s:0:\"\";s:10:\"Coterminus\";s:0:\"\";}', 'a:1:{i:0;a:5:{i:0;s:39:\"Administrative Officer III (Cashier II)\";i:1;s:9:\"Permanent\";i:2;s:20:\"CTO,LGU-Bayawan City\";i:3;s:10:\"2005-06-01\";i:4;s:0:\"\";}}', 'a:2:{i:0;s:15:\"CS-Professional\";i:1;s:54:\"Basic Compentency on Local Treasury Examination(BCLTE)\";}', 'N;', 'N;', ''),
(68, 'Young, Kyle John A.', 32, 'Male', 'Married', '091756564271', 'Siaton, Negros Oriental', 'BS Business Administration major in Management Accounting', 'St. Paul University', 'a:2:{i:0;s:62:\"Advanced Credit Management and Collection Strategies(16 hours)\";i:1;s:44:\"The Habit of Customer Infatuation (16 hours)\";}', 'a:7:{s:9:\"Temporary\";s:0:\"\";s:3:\"JOW\";s:0:\"\";s:6:\"Casual\";s:0:\"\";s:11:\"Contractual\";s:0:\"\";s:9:\"Permanent\";s:0:\"\";s:8:\"Elective\";s:0:\"\";s:10:\"Coterminus\";s:0:\"\";}', 'a:1:{i:0;a:5:{i:0;s:40:\"Inventory Assistant & Property Custodian\";i:1;s:7:\"Regular\";i:2;s:34:\"Silliman University Medical Center\";i:3;s:10:\"2010-08-01\";i:4;s:0:\"\";}}', 'a:1:{i:0;s:15:\"CS-Professional\";}', 'N;', 'N;', ''),
(69, 'Salig, Kathleen B.', 26, 'Female', 'Single', '09055451975', 'Talungon, Bais City, Negros Oriental', 'BS in Business Administration', 'NURSO', 'a:4:{i:0;s:37:\"Organizational Communication(8 hours)\";i:1;s:23:\"Defining Roles(8 hours)\";i:2;s:38:\"Building and Coaching Culture(8 hours)\";i:3;s:25:\"Business Writing(8 hours)\";}', 'a:7:{s:9:\"Temporary\";s:0:\"\";s:3:\"JOW\";s:0:\"\";s:6:\"Casual\";s:0:\"\";s:11:\"Contractual\";s:0:\"\";s:9:\"Permanent\";s:0:\"\";s:8:\"Elective\";s:0:\"\";s:10:\"Coterminus\";s:0:\"\";}', 'a:1:{i:0;a:5:{i:0;s:13:\"Trainer/Admin\";i:1;s:0:\"\";i:2;s:36:\"Visaya Knowledge Process Outsourcing\";i:3;s:10:\"2015-12-03\";i:4;s:0:\"\";}}', 'a:2:{i:0;s:15:\"CS-Professional\";i:1;s:12:\"RA 1080(LET)\";}', 'N;', 'N;', ''),
(70, 'Catacutan, Anna Carissa A.', 28, 'Female', 'Single', '09975069041', 'Burgos St., Bais City, Negros Oriental', 'Bachelor of Science in Business Administration', 'St. Paul Univeristy', 'a:1:{i:0;s:73:\"Leaderstalk-Aligning Management Compentencies thru team Learning(8 hours)\";}', 'a:7:{s:9:\"Temporary\";s:0:\"\";s:3:\"JOW\";s:8:\"6 months\";s:6:\"Casual\";s:0:\"\";s:11:\"Contractual\";s:0:\"\";s:9:\"Permanent\";s:0:\"\";s:8:\"Elective\";s:0:\"\";s:10:\"Coterminus\";s:0:\"\";}', 'a:2:{i:0;a:5:{i:0;s:30:\"Admin/Coorrdinator/Recruitment\";i:1;s:7:\"Regular\";i:2;s:28:\"Paramount Human Resource MPC\";i:3;s:10:\"2015-04-13\";i:4;s:10:\"2019-02-28\";}i:1;a:5:{i:0;s:9:\"Job Order\";i:1;s:9:\"Job Order\";i:2;s:32:\"Bais City-Mabinay Water District\";i:3;s:10:\"2019-03-01\";i:4;s:0:\"\";}}', 'a:1:{i:0;s:26:\"CS-Professional(2nd Level)\";}', 'N;', 'N;', ''),
(71, 'Abellar, Hazel C.', 34, 'Female', 'Single', '099588445747', 'Mabini St., Suba, Bayawan City', 'Bachelor of Science in Business Administration and Marketing', 'Colegio San Agustin-Bacolod', 'a:5:{i:0;s:44:\"Local Legislation Semianr Workshop(16 hours)\";i:1;s:43:\"Technical Writing Seminar Workshop(8 hours)\";i:2;s:46:\"Technical Writing in Local Governance(24hours)\";i:3;s:57:\"Effective Crafting of Resolution and Ordinances(32 hours)\";i:4;s:42:\"Establishment of Archival System(24 hours)\";}', 'a:7:{s:9:\"Temporary\";s:0:\"\";s:3:\"JOW\";s:7:\"3 years\";s:6:\"Casual\";s:0:\"\";s:11:\"Contractual\";s:0:\"\";s:9:\"Permanent\";s:8:\"9 years \";s:8:\"Elective\";s:0:\"\";s:10:\"Coterminus\";s:0:\"\";}', 'a:1:{i:0;a:5:{i:0;s:22:\"Administrative Aide IV\";i:1;s:9:\"Permanent\";i:2;s:26:\"SP-Office,LGU-Bayawan City\";i:3;s:10:\"2009-07-16\";i:4;s:0:\"\";}}', 'a:1:{i:0;s:15:\"CS-Professional\";}', 'N;', 'N;', ''),
(72, 'Tuisa, Ma. Evelyn A.', 25, 'Female', 'Single', '09055600191', 'Cambulo, Banga, Bayawan City', 'Bachelor of Mass Communication major in Broadcasting', 'Silliman University', 'a:2:{i:0;s:39:\"Philgeps Training for Buyers (16 hours)\";i:1;s:45:\"Skills Development Program for IPs (32 hours)\";}', 'a:7:{s:9:\"Temporary\";s:0:\"\";s:3:\"JOW\";s:8:\"7 months\";s:6:\"Casual\";s:0:\"\";s:11:\"Contractual\";s:0:\"\";s:9:\"Permanent\";s:19:\"1 year and 9 months\";s:8:\"Elective\";s:0:\"\";s:10:\"Coterminus\";s:0:\"\";}', 'a:2:{i:0;a:5:{i:0;s:13:\"Support Staff\";i:1;s:9:\"Job Order\";i:2;s:42:\"TESDA Provincial Office of Negros Oriental\";i:3;s:10:\"2016-07-04\";i:4;s:10:\"2017-01-31\";}i:1;a:5:{i:0;s:56:\"Technical Education and Skills Development Specialist II\";i:1;s:9:\"Permanent\";i:2;s:31:\"TESDA Provincial Office of Cebu\";i:3;s:10:\"2017-02-01\";i:4;s:10:\"2018-11-24\";}}', 'a:1:{i:0;s:15:\"CS-Professional\";}', 'N;', 'N;', ''),
(73, 'Ardina, Sheena Lee Y.', 23, 'Female', 'Single', '09171564069', 'CArlos Gamboa St., Boyco, Bayawan City', 'BS Pharmacy', 'NURSO (Main Campus)', 'a:2:{i:0;s:95:\"Pharmacists as Adocasies, protectors and educators of Health and Environmental Safety (8 hours)\";i:1;s:69:\"Advancing Pharmacy practice with current regulatory reforms (8 hours)\";}', 'a:7:{s:9:\"Temporary\";s:0:\"\";s:3:\"JOW\";s:0:\"\";s:6:\"Casual\";s:0:\"\";s:11:\"Contractual\";s:18:\"1 year & 11 months\";s:9:\"Permanent\";s:0:\"\";s:8:\"Elective\";s:0:\"\";s:10:\"Coterminus\";s:0:\"\";}', 'a:1:{i:0;a:5:{i:0;s:10:\"Pharmacist\";i:1;s:11:\"Contarctual\";i:2;s:25:\"Bayawan District Hospital\";i:3;s:10:\"2017-07-11\";i:4;s:0:\"\";}}', 'a:1:{i:0;s:7:\"RA 1081\";}', 'N;', 'N;', ''),
(74, 'Torred, Doris Gay S.', 41, 'Female', 'Married', '09991986980', 'Nangka, Bayawan City', 'BS Pharmacy', 'Southwestern University', 'a:2:{i:0;s:50:\"Pharmacy Services going beyond Medicines (8 hours)\";i:1;s:87:\"Pharmacists Ready for the Demands of Improved and Expanded Pharmacy Services (16 hours)\";}', 'a:7:{s:9:\"Temporary\";s:0:\"\";s:3:\"JOW\";s:0:\"\";s:6:\"Casual\";s:7:\"3 years\";s:11:\"Contractual\";s:0:\"\";s:9:\"Permanent\";s:0:\"\";s:8:\"Elective\";s:0:\"\";s:10:\"Coterminus\";s:0:\"\";}', 'a:1:{i:0;a:5:{i:0;s:34:\"Administrative Aide I (Pharmacist)\";i:1;s:6:\"Casual\";i:2;s:21:\"CHO, LGU-Bayawan City\";i:3;s:10:\"2015-07-23\";i:4;s:0:\"\";}}', 'a:1:{i:0;s:7:\"RA 1081\";}', 'N;', 'N;', ''),
(75, 'Carreon, Desiree T.', 21, 'Female', 'Single', '09261749373/09291549752', 'Magsaysay St., Boyco, Bayawan City', 'BS Pharmacy', 'NURSO (Main Campus)', 'a:1:{i:0;s:35:\"Unified Licensing Seminar (8 hours)\";}', 'a:7:{s:9:\"Temporary\";s:0:\"\";s:3:\"JOW\";s:0:\"\";s:6:\"Casual\";s:0:\"\";s:11:\"Contractual\";s:0:\"\";s:9:\"Permanent\";s:0:\"\";s:8:\"Elective\";s:0:\"\";s:10:\"Coterminus\";s:0:\"\";}', 'a:1:{i:0;a:5:{i:0;s:10:\"Pharmacist\";i:1;s:9:\"Volunteer\";i:2;s:15:\"D\'spot Pharmacy\";i:3;s:10:\"2018-10-01\";i:4;s:0:\"\";}}', 'N;', 'N;', 'N;', ''),
(76, 'Lachica, Elaine Marie G.', 28, 'Female', 'Single', '09268320670', 'NORSU Compound, Villareal, Bayawan City', 'BS Pharmacy', 'NURSO (Main Campus)', 'a:2:{i:0;s:73:\"Unleash the Hero in you: Pharmacist Rising Beyond Expectations (40 hours)\";i:1;s:84:\"Transforming process and outcomes Pharmacy Services going beyond medicines (8 hours)\";}', 'a:7:{s:9:\"Temporary\";s:0:\"\";s:3:\"JOW\";s:0:\"\";s:6:\"Casual\";s:0:\"\";s:11:\"Contractual\";s:0:\"\";s:9:\"Permanent\";s:0:\"\";s:8:\"Elective\";s:0:\"\";s:10:\"Coterminus\";s:0:\"\";}', 'a:1:{i:0;a:5:{i:0;s:34:\"Pharmacist/Assistant Store Manager\";i:1;s:9:\"Permanent\";i:2;s:36:\"Rose Pharmacy, Inc. (Bayawan Branch)\";i:3;s:10:\"2012-03-18\";i:4;s:0:\"\";}}', 'a:1:{i:0;s:7:\"RA 1081\";}', 'N;', 'N;', ''),
(77, 'Gaga-a, Wenefred T.', 52, 'Male', 'Married', '09152909388', 'Mabini St., Bayawan City', 'BS in Civil Engineering', 'Silliman University', 'a:2:{i:0;s:55:\"Computer Aided Design (Auto Cad) (March 1-June 1, 2019)\";i:1;s:60:\"Challenges of Hot Wather Concreting/QC of Concrete(16 hours)\";}', 'a:7:{s:9:\"Temporary\";s:0:\"\";s:3:\"JOW\";s:0:\"\";s:6:\"Casual\";s:17:\"1 year & 6 months\";s:11:\"Contractual\";s:0:\"\";s:9:\"Permanent\";s:0:\"\";s:8:\"Elective\";s:0:\"\";s:10:\"Coterminus\";s:0:\"\";}', 'a:3:{i:0;a:5:{i:0;s:31:\"Administrative Aide I(Engineer)\";i:1;s:6:\"Casual\";i:2;s:19:\"CEO,LGU-Baywan City\";i:3;s:10:\"2017-11-02\";i:4;s:0:\"\";}i:1;a:5:{i:0;s:14:\"Civil Engineer\";i:1;s:11:\"Contractual\";i:2;s:36:\"Ichijo Housing Company Limited,Japan\";i:3;s:10:\"2000-03-01\";i:4;s:10:\"2017-08-31\";}i:2;a:5:{i:0;s:18:\"Technical Engineer\";i:1;s:11:\"Contractual\";i:2;s:36:\"Ichijo Housing Company Limited,Japan\";i:3;s:10:\"1997-03-07\";i:4;s:10:\"1997-05-07\";}}', 'a:1:{i:0;s:7:\"RA 1080\";}', 'N;', 'N;', ''),
(78, 'Patigayon, Amelyn', 40, 'Female', 'Married', '09269739994', 'Block 4, Lot 16, Lopezville Subdivision, Bayawan City', 'BS Computer Education; Master in Public Management(18 units earned)', 'CVPC(Main Campus); CVPC(Bayawan Camps)', 'a:3:{i:0;s:27:\"Records Management (8hours)\";i:1;s:125:\"General Labor Standards, Labor and Human Relations, Labor Management Education, Employment Relation and Productivity(5 hours)\";i:2;s:45:\"Staff Developmnent Seminar Workshop(16 hours)\";}', 'a:7:{s:9:\"Temporary\";s:0:\"\";s:3:\"JOW\";s:7:\"2 years\";s:6:\"Casual\";s:0:\"\";s:11:\"Contractual\";s:0:\"\";s:9:\"Permanent\";s:8:\"3 years \";s:8:\"Elective\";s:0:\"\";s:10:\"Coterminus\";s:0:\"\";}', 'a:1:{i:0;a:5:{i:0;s:22:\"Adminsitrative Aide IV\";i:1;s:9:\"Permanent\";i:2;s:39:\"City Accounting Office,LGU-Bayawan City\";i:3;s:10:\"2005-02-01\";i:4;s:0:\"\";}}', 'a:2:{i:0;s:15:\"CS-Professional\";i:1;s:3:\"LET\";}', 'a:1:{i:0;s:4:\"NONE\";}', 'N;', ''),
(79, 'Martinez, Kimberly Lourdes S.', 27, 'Female', 'Single', '09669658553', 'Purok Sampaguita, Villareal, Bayawan City', 'Bachelor of Science in Nursing', 'NURSO (Main Campus)', 'a:4:{i:0;s:43:\"Nurse Triage in Theory & Practice (8 hours)\";i:1;s:96:\"Leading the way to excellence: Enhancing Nursing Practice through Global Collaboration (8 hours)\";i:2;s:57:\"Skills enhancement, Basic IV Therapy,Basic CPR (60 hours)\";i:3;s:45:\"Basic Cardiac Life Support Provider (8 hours)\";}', 'a:7:{s:9:\"Temporary\";s:0:\"\";s:3:\"JOW\";s:19:\"1 year and 8 months\";s:6:\"Casual\";s:0:\"\";s:11:\"Contractual\";s:0:\"\";s:9:\"Permanent\";s:0:\"\";s:8:\"Elective\";s:0:\"\";s:10:\"Coterminus\";s:0:\"\";}', 'a:3:{i:0;a:5:{i:0;s:11:\"Staff Nurse\";i:1;s:11:\"Contractual\";i:2;s:25:\"Bayawan District Hospital\";i:3;s:10:\"2019-02-01\";i:4;s:0:\"\";}i:1;a:5:{i:0;s:11:\"Staff Nurse\";i:1;s:11:\"Contractual\";i:2;s:20:\"Riyadh, Saudi Arabia\";i:3;s:10:\"2016-07-03\";i:4;s:10:\"2018-11-07\";}i:2;a:5:{i:0;s:11:\"Staff Nurse\";i:1;s:11:\"Contractual\";i:2;s:25:\"Bayawan District Hospital\";i:3;s:10:\"0015-03-22\";i:4;s:10:\"2016-07-31\";}}', 'a:2:{i:0;s:26:\"RA 1080 (Registered Nurse)\";i:1;s:32:\"Registered Nurse in Saudi Arabia\";}', 'N;', 'N;', ''),
(80, 'Feril, Roselyn S.', 29, 'Female', 'Single', '09264653129', 'Purok 2, Malabugas, Bayawan City', 'Bachelor of Science in Nursing', 'Silliman University', 'a:2:{i:0;s:51:\"Conflict Management in Nursing Leadership (8 hours)\";i:1;s:94:\"Resuscitation Intervention according to american heart asscociation 2015 Guidelines (16 hours)\";}', 'a:7:{s:9:\"Temporary\";s:0:\"\";s:3:\"JOW\";s:7:\"5 years\";s:6:\"Casual\";s:0:\"\";s:11:\"Contractual\";s:0:\"\";s:9:\"Permanent\";s:0:\"\";s:8:\"Elective\";s:0:\"\";s:10:\"Coterminus\";s:0:\"\";}', 'a:2:{i:0;a:5:{i:0;s:3:\"NDP\";i:1;s:11:\"Contractual\";i:2;s:3:\"DOH\";i:3;s:10:\"2015-01-16\";i:4;s:0:\"\";}i:1;a:5:{i:0;s:11:\"Staff Nurse\";i:1;s:9:\"Job Order\";i:2;s:21:\"CHO, LGU-Bayawan City\";i:3;s:10:\"2014-06-06\";i:4;s:10:\"2015-01-15\";}}', 'a:1:{i:0;s:26:\"RA 1080 (Registered Nurse)\";}', 'N;', 'N;', ''),
(81, 'Montederamos, Pel Carmen Y.', 30, 'Female', 'Single', '09276850487', 'Purok 5, Poblacion, Basay, Negros Oriental', 'Bachelor of Science in Nursing', 'Silliman University', 'a:4:{i:0;s:165:\"Training Workshop on matrix intensive outpatient program among service providers on community-based treatment rehabilitation program for drug surrenderees (16 hours)\";i:1;s:51:\"Conflict Management in Nursing Leadership (8 hours)\";i:2;s:87:\"Positive practice environment, code of ethics & Philippine Nurses Association (8 hours)\";i:3;s:83:\"Neglected tropical diseases management information system users, training (8 hours)\";}', 'a:7:{s:9:\"Temporary\";s:0:\"\";s:3:\"JOW\";s:7:\"5 years\";s:6:\"Casual\";s:7:\"3 years\";s:11:\"Contractual\";s:0:\"\";s:9:\"Permanent\";s:0:\"\";s:8:\"Elective\";s:0:\"\";s:10:\"Coterminus\";s:0:\"\";}', 'a:3:{i:0;a:5:{i:0;s:14:\"Nurse II (NDP)\";i:1;s:11:\"Contractual\";i:2;s:7:\"DOH-RO7\";i:3;s:10:\"2019-06-03\";i:4;s:0:\"\";}i:1;a:5:{i:0;s:14:\"Nurse II (NDP)\";i:1;s:9:\"Job Order\";i:2;s:7:\"DOH-RO7\";i:3;s:10:\"2014-01-01\";i:4;s:10:\"2018-12-31\";}i:2;a:5:{i:0;s:4:\"PHN \";i:1;s:6:\"Casual\";i:2;s:9:\"LGU-Basay\";i:3;s:10:\"2010-07-01\";i:4;s:10:\"2013-06-30\";}}', 'a:1:{i:0;s:26:\"RA 1080 (Registered Nurse)\";}', 'N;', 'N;', ''),
(82, 'Carballo, Melinda Grace M.', 41, 'Female', 'Married', '09177195575', 'Villareal, Bayawan City', 'Bachelor of Science in Nursing; AB Political Science', 'Silliman University', 'a:2:{i:0;s:42:\"Barangay Health Workers Training (8 hours)\";i:1;s:29:\"Basic Life Support (16 hours)\";}', 'a:7:{s:9:\"Temporary\";s:0:\"\";s:3:\"JOW\";s:0:\"\";s:6:\"Casual\";s:7:\"3 years\";s:11:\"Contractual\";s:0:\"\";s:9:\"Permanent\";s:0:\"\";s:8:\"Elective\";s:0:\"\";s:10:\"Coterminus\";s:7:\"9 years\";}', 'a:2:{i:0;a:5:{i:0;s:23:\"Executive Assistant III\";i:1;s:11:\"Co-Terminus\";i:2;s:21:\"CVMO-LGU,Bayawan City\";i:3;s:10:\"2014-10-14\";i:4;s:0:\"\";}i:1;a:5:{i:0;s:11:\"Staff Nurse\";i:1;s:11:\"Co-Terminus\";i:2;s:20:\"CHO,LGU-Bayawan City\";i:3;s:10:\"2010-05-08\";i:4;s:10:\"2014-06-30\";}}', 'a:1:{i:0;s:25:\"RA 1080(Registered Nurse)\";}', 'N;', 'N;', ''),
(83, 'Aguilar, Lyanada Feiam F.', 23, 'Female', 'Single', '09554810704', 'Lopezville, Banga, Bayawan City', 'Bachelor of Science in Nursing', 'NURSO (Main Campus)', 'a:4:{i:0;s:105:\"Voluntary Blood Donors Recruitment of the National Voluntary Blood Services Program Orientation (8 hours)\";i:1;s:44:\"Smoking Cessation Seminar Workshop (8 hours)\";i:2;s:38:\"Basic Life Support Training (32 hours)\";i:3;s:125:\"Skills Enhancement Program of Cardiopulmonary Resuscitation with AED use and on care of Patients in Cardiac Arrest (40 hours)\";}', 'a:6:{s:9:\"Temporary\";s:0:\"\";s:3:\"JOW\";s:0:\"\";s:6:\"Casual\";s:7:\"2 years\";s:11:\"Contractual\";s:0:\"\";s:9:\"Permanent\";s:0:\"\";s:8:\"Elective\";s:0:\"\";}', 'a:1:{i:0;a:5:{i:0;s:28:\"Administrative Aide I(Nurse)\";i:1;s:6:\"Casual\";i:2;s:20:\"CHO,LGU-Bayawan City\";i:3;s:10:\"2017-03-06\";i:4;s:0:\"\";}}', 'a:1:{i:0;s:25:\"RA 1080(Registered Nurse)\";}', 'N;', 'N;', ''),
(84, 'Carrascoso, Lealiz Esther A.', 0, '', '', '', '', '', '', 'N;', 'a:6:{s:9:\"Temporary\";s:0:\"\";s:3:\"JOW\";s:0:\"\";s:6:\"Casual\";s:0:\"\";s:11:\"Contractual\";s:0:\"\";s:9:\"Permanent\";s:0:\"\";s:8:\"Elective\";s:0:\"\";}', 'N;', 'N;', 'N;', 'N;', '');

-- --------------------------------------------------------

--
-- Table structure for table `rsp_comparative`
--

CREATE TABLE `rsp_comparative` (
  `rspcomp_id` int(11) NOT NULL,
  `rspvac_id` int(11) NOT NULL,
  `applicant_id` int(11) NOT NULL
) ENGINE=InnoDB DEFAULT CHARSET=latin1;

--
-- Dumping data for table `rsp_comparative`
--

INSERT INTO `rsp_comparative` (`rspcomp_id`, `rspvac_id`, `applicant_id`) VALUES
(2, 2, 2),
(3, 2, 3),
(5, 3, 5),
(6, 3, 6),
(7, 3, 7),
(8, 3, 8),
(9, 3, 9),
(10, 3, 10),
(11, 4, 11),
(12, 4, 12),
(13, 4, 21),
(14, 4, 14),
(15, 4, 15),
(16, 4, 16),
(17, 6, 17),
(18, 6, 18),
(19, 6, 16),
(20, 7, 12),
(21, 7, 21),
(22, 7, 22),
(23, 7, 16),
(24, 7, 24),
(25, 8, 25),
(26, 8, 26),
(27, 8, 27),
(28, 9, 22),
(29, 9, 28),
(30, 10, 29),
(33, 14, 32),
(40, 15, 32),
(41, 15, 39),
(42, 17, 40),
(43, 17, 41),
(45, 18, 43),
(46, 18, 44),
(47, 18, 45),
(48, 11, 46),
(49, 11, 47),
(51, 11, 43),
(52, 11, 49),
(57, 12, 46),
(58, 12, 47),
(59, 12, 48),
(60, 12, 43),
(61, 12, 49),
(62, 12, 50),
(63, 12, 51),
(64, 12, 52),
(66, 13, 46),
(67, 13, 43),
(68, 13, 49),
(69, 13, 47),
(70, 13, 50),
(71, 13, 54),
(72, 13, 51),
(73, 13, 53),
(74, 13, 55),
(75, 13, 56),
(77, 32, 50),
(78, 32, 46),
(79, 32, 57),
(80, 32, 48),
(81, 32, 58),
(82, 32, 59),
(83, 32, 49),
(84, 32, 55),
(85, 32, 51),
(86, 32, 52),
(87, 33, 60),
(88, 28, 61),
(89, 28, 62),
(90, 28, 63),
(91, 28, 45),
(92, 27, 62),
(93, 27, 61),
(94, 27, 63),
(95, 27, 64),
(96, 27, 65),
(97, 27, 66),
(98, 27, 67),
(109, 15, 30),
(113, 14, 31),
(116, 34, 69),
(117, 34, 70),
(118, 34, 71),
(119, 34, 25),
(120, 34, 50),
(121, 34, 72),
(122, 14, 33),
(123, 14, 36),
(124, 14, 37),
(125, 14, 35),
(126, 15, 34),
(127, 25, 73),
(128, 25, 74),
(129, 25, 75),
(130, 25, 76),
(131, 30, 77),
(132, 35, 78),
(133, 35, 33),
(134, 35, 37),
(135, 35, 45),
(136, 17, 42),
(142, 11, 48),
(143, 11, 50),
(144, 11, 51),
(145, 11, 52),
(146, 11, 55),
(147, 11, 53),
(148, 12, 55),
(149, 12, 53),
(150, 22, 79),
(151, 22, 80),
(152, 22, 81),
(153, 22, 82),
(154, 22, 83),
(155, 22, 84);

-- --------------------------------------------------------

--
-- Table structure for table `rsp_indturnarroundtime`
--

CREATE TABLE `rsp_indturnarroundtime` (
  `rsp_indTATid` int(11) NOT NULL,
  `rspvac_id` int(11) NOT NULL,
  `itat0` text COMMENT 'PUBLICATION PERIOD',
  `itat1` text COMMENT 'SCREENING OF APPLICANT (Paper Reliberation)',
  `itat2` text COMMENT 'SENDING OF NOTIFICATION/ DISQUALIFICATION',
  `itat3` text COMMENT 'POSTING OF QUALIFIED APPLICANT',
  `itat4` text COMMENT 'CONDUCT OF INTERVIEW',
  `itat5` text COMMENT 'BACKGROUND INVESTIGATION',
  `itat6` text COMMENT 'RECOMMENDATION OF PSB FOR FINAL ACTION OF LCE',
  `itat7` text COMMENT 'APPOINTMENT PREPARATION',
  `itat8` text COMMENT 'OATH OF OFFICE',
  `costOfSourcing` text,
  `timestamp` timestamp NULL DEFAULT CURRENT_TIMESTAMP
) ENGINE=InnoDB DEFAULT CHARSET=latin1;

--
-- Dumping data for table `rsp_indturnarroundtime`
--

INSERT INTO `rsp_indturnarroundtime` (`rsp_indTATid`, `rspvac_id`, `itat0`, `itat1`, `itat2`, `itat3`, `itat4`, `itat5`, `itat6`, `itat7`, `itat8`, `costOfSourcing`, `timestamp`) VALUES
(1, 2, 'a:16:{i:0;s:10:\"2019-06-13\";i:1;s:10:\"2019-06-14\";i:2;s:10:\"2019-06-15\";i:3;s:10:\"2019-06-16\";i:4;s:10:\"2019-06-17\";i:5;s:10:\"2019-06-18\";i:6;s:10:\"2019-06-19\";i:7;s:10:\"2019-06-20\";i:8;s:10:\"2019-06-21\";i:9;s:10:\"2019-06-22\";i:10;s:10:\"2019-06-23\";i:11;s:10:\"2019-06-24\";i:12;s:10:\"2019-06-25\";i:13;s:10:\"2019-06-26\";i:14;s:10:\"2019-06-27\";i:15;s:10:\"2019-06-28\";}', 'a:3:{i:0;s:10:\"2019-06-29\";i:1;s:10:\"2019-06-30\";i:2;s:10:\"2019-07-01\";}', 'a:1:{i:0;s:10:\"2019-07-02\";}', 'a:26:{i:0;s:10:\"2019-07-03\";i:1;s:10:\"2019-07-04\";i:2;s:10:\"2019-07-05\";i:3;s:10:\"2019-07-06\";i:4;s:10:\"2019-07-07\";i:5;s:10:\"2019-07-08\";i:6;s:10:\"2019-07-09\";i:7;s:10:\"2019-07-10\";i:8;s:10:\"2019-07-11\";i:9;s:10:\"2019-07-12\";i:10;s:10:\"2019-07-13\";i:11;s:10:\"2019-07-14\";i:12;s:10:\"2019-07-15\";i:13;s:10:\"2019-07-16\";i:14;s:10:\"2019-07-17\";i:15;s:10:\"2019-07-18\";i:16;s:10:\"2019-07-19\";i:17;s:10:\"2019-07-20\";i:18;s:10:\"2019-07-21\";i:19;s:10:\"2019-07-22\";i:20;s:10:\"2019-07-23\";i:21;s:10:\"2019-07-24\";i:22;s:10:\"2019-07-25\";i:23;s:10:\"2019-07-26\";i:24;s:10:\"2019-07-27\";i:25;s:10:\"2019-07-28\";}', 'a:1:{i:0;s:10:\"2019-07-29\";}', 'a:1:{i:0;s:10:\"2019-07-30\";}', 'a:7:{i:0;s:10:\"2019-07-31\";i:1;s:10:\"2019-08-01\";i:2;s:10:\"2019-08-02\";i:3;s:10:\"2019-08-03\";i:4;s:10:\"2019-08-04\";i:5;s:10:\"2019-08-05\";i:6;s:10:\"2019-08-06\";}', 'a:2:{i:0;s:10:\"2019-08-07\";i:1;s:10:\"2019-08-08\";}', 'a:1:{i:0;s:10:\"2019-08-09\";}', NULL, '2019-10-07 00:44:26'),
(2, 4, 'a:16:{i:0;s:10:\"2019-06-14\";i:1;s:10:\"2019-06-15\";i:2;s:10:\"2019-06-16\";i:3;s:10:\"2019-06-17\";i:4;s:10:\"2019-06-18\";i:5;s:10:\"2019-06-19\";i:6;s:10:\"2019-06-20\";i:7;s:10:\"2019-06-21\";i:8;s:10:\"2019-06-22\";i:9;s:10:\"2019-06-23\";i:10;s:10:\"2019-06-24\";i:11;s:10:\"2019-06-25\";i:12;s:10:\"2019-06-26\";i:13;s:10:\"2019-06-27\";i:14;s:10:\"2019-06-28\";i:15;s:10:\"2019-06-13\";}', 'a:4:{i:0;s:10:\"2019-06-29\";i:1;s:10:\"2019-06-30\";i:2;s:10:\"2019-07-01\";i:3;s:10:\"2019-07-02\";}', 'a:2:{i:0;s:10:\"2019-07-03\";i:1;s:10:\"2019-07-04\";}', 'a:35:{i:0;s:10:\"2019-07-05\";i:1;s:10:\"2019-07-06\";i:2;s:10:\"2019-07-07\";i:3;s:10:\"2019-07-08\";i:4;s:10:\"2019-07-09\";i:5;s:10:\"2019-07-10\";i:6;s:10:\"2019-07-11\";i:7;s:10:\"2019-07-12\";i:8;s:10:\"2019-07-13\";i:9;s:10:\"2019-07-14\";i:10;s:10:\"2019-07-15\";i:11;s:10:\"2019-07-16\";i:12;s:10:\"2019-07-17\";i:13;s:10:\"2019-07-18\";i:14;s:10:\"2019-07-19\";i:15;s:10:\"2019-07-20\";i:16;s:10:\"2019-07-21\";i:17;s:10:\"2019-07-22\";i:18;s:10:\"2019-07-23\";i:19;s:10:\"2019-07-24\";i:20;s:10:\"2019-07-25\";i:21;s:10:\"2019-07-26\";i:22;s:10:\"2019-07-27\";i:23;s:10:\"2019-07-28\";i:24;s:10:\"2019-07-29\";i:25;s:10:\"2019-07-30\";i:26;s:10:\"2019-07-31\";i:27;s:10:\"2019-08-01\";i:28;s:10:\"2019-08-02\";i:29;s:10:\"2019-08-03\";i:30;s:10:\"2019-08-04\";i:31;s:10:\"2019-08-05\";i:32;s:10:\"2019-08-06\";i:33;s:10:\"2019-08-07\";i:34;s:10:\"2019-08-08\";}', 'a:1:{i:0;s:10:\"2019-08-09\";}', 'a:6:{i:0;s:10:\"2019-08-10\";i:1;s:10:\"2019-08-11\";i:2;s:10:\"2019-08-12\";i:3;s:10:\"2019-08-13\";i:4;s:10:\"2019-08-14\";i:5;s:10:\"2019-08-15\";}', 'a:32:{i:0;s:10:\"2019-08-16\";i:1;s:10:\"2019-08-17\";i:2;s:10:\"2019-08-18\";i:3;s:10:\"2019-08-19\";i:4;s:10:\"2019-08-20\";i:5;s:10:\"2019-08-21\";i:6;s:10:\"2019-08-22\";i:7;s:10:\"2019-08-23\";i:8;s:10:\"2019-08-24\";i:9;s:10:\"2019-08-25\";i:10;s:10:\"2019-08-26\";i:11;s:10:\"2019-08-27\";i:12;s:10:\"2019-08-28\";i:13;s:10:\"2019-08-29\";i:14;s:10:\"2019-08-30\";i:15;s:10:\"2019-08-31\";i:16;s:10:\"2019-09-01\";i:17;s:10:\"2019-09-02\";i:18;s:10:\"2019-09-03\";i:19;s:10:\"2019-09-04\";i:20;s:10:\"2019-09-05\";i:21;s:10:\"2019-09-06\";i:22;s:10:\"2019-09-07\";i:23;s:10:\"2019-09-08\";i:24;s:10:\"2019-09-09\";i:25;s:10:\"2019-09-10\";i:26;s:10:\"2019-09-11\";i:27;s:10:\"2019-09-12\";i:28;s:10:\"2019-09-13\";i:29;s:10:\"2019-09-14\";i:30;s:10:\"2019-09-15\";i:31;s:10:\"2019-09-16\";}', 'a:14:{i:0;s:10:\"2019-09-17\";i:1;s:10:\"2019-09-18\";i:2;s:10:\"2019-09-19\";i:3;s:10:\"2019-09-20\";i:4;s:10:\"2019-09-21\";i:5;s:10:\"2019-09-22\";i:6;s:10:\"2019-09-23\";i:7;s:10:\"2019-09-24\";i:8;s:10:\"2019-09-25\";i:9;s:10:\"2019-09-26\";i:10;s:10:\"2019-09-27\";i:11;s:10:\"2019-09-28\";i:12;s:10:\"2019-09-29\";i:13;s:10:\"2019-09-30\";}', 'a:1:{i:0;s:10:\"2019-10-01\";}', NULL, '2019-10-10 07:16:00'),
(3, 6, 'a:16:{i:0;s:10:\"2019-06-14\";i:1;s:10:\"2019-06-13\";i:2;s:10:\"2019-06-15\";i:3;s:10:\"2019-06-16\";i:4;s:10:\"2019-06-17\";i:5;s:10:\"2019-06-18\";i:6;s:10:\"2019-06-19\";i:7;s:10:\"2019-06-20\";i:8;s:10:\"2019-06-21\";i:9;s:10:\"2019-06-22\";i:10;s:10:\"2019-06-23\";i:11;s:10:\"2019-06-24\";i:12;s:10:\"2019-06-25\";i:13;s:10:\"2019-06-26\";i:14;s:10:\"2019-06-27\";i:15;s:10:\"2019-06-28\";}', 'a:3:{i:0;s:10:\"2019-06-29\";i:1;s:10:\"2019-06-30\";i:2;s:10:\"2019-07-01\";}', 'a:1:{i:0;s:10:\"2019-07-02\";}', 'a:26:{i:0;s:10:\"2019-07-03\";i:1;s:10:\"2019-07-04\";i:2;s:10:\"2019-07-05\";i:3;s:10:\"2019-07-06\";i:4;s:10:\"2019-07-07\";i:5;s:10:\"2019-07-08\";i:6;s:10:\"2019-07-09\";i:7;s:10:\"2019-07-10\";i:8;s:10:\"2019-07-11\";i:9;s:10:\"2019-07-12\";i:10;s:10:\"2019-07-13\";i:11;s:10:\"2019-07-14\";i:12;s:10:\"2019-07-15\";i:13;s:10:\"2019-07-16\";i:14;s:10:\"2019-07-17\";i:15;s:10:\"2019-07-18\";i:16;s:10:\"2019-07-19\";i:17;s:10:\"2019-07-20\";i:18;s:10:\"2019-07-21\";i:19;s:10:\"2019-07-22\";i:20;s:10:\"2019-07-23\";i:21;s:10:\"2019-07-24\";i:22;s:10:\"2019-07-25\";i:23;s:10:\"2019-07-26\";i:24;s:10:\"2019-07-27\";i:25;s:10:\"2019-07-28\";}', 'a:1:{i:0;s:10:\"2019-07-29\";}', 'a:2:{i:0;s:10:\"2019-07-30\";i:1;s:10:\"2019-07-31\";}', 'a:26:{i:0;s:10:\"2019-08-01\";i:1;s:10:\"2019-08-02\";i:2;s:10:\"2019-08-03\";i:3;s:10:\"2019-08-04\";i:4;s:10:\"2019-08-05\";i:5;s:10:\"2019-08-06\";i:6;s:10:\"2019-08-07\";i:7;s:10:\"2019-08-08\";i:8;s:10:\"2019-08-09\";i:9;s:10:\"2019-08-10\";i:10;s:10:\"2019-08-11\";i:11;s:10:\"2019-08-13\";i:12;s:10:\"2019-08-12\";i:13;s:10:\"2019-08-14\";i:14;s:10:\"2019-08-16\";i:15;s:10:\"2019-08-15\";i:16;s:10:\"2019-08-17\";i:17;s:10:\"2019-08-18\";i:18;s:10:\"2019-08-19\";i:19;s:10:\"2019-08-20\";i:20;s:10:\"2019-08-21\";i:21;s:10:\"2019-08-22\";i:22;s:10:\"2019-08-23\";i:23;s:10:\"2019-08-24\";i:24;s:10:\"2019-08-25\";i:25;s:10:\"2019-08-26\";}', 'a:35:{i:0;s:10:\"2019-08-27\";i:1;s:10:\"2019-08-28\";i:2;s:10:\"2019-08-29\";i:3;s:10:\"2019-08-30\";i:4;s:10:\"2019-08-31\";i:5;s:10:\"2019-09-02\";i:6;s:10:\"2019-09-01\";i:7;s:10:\"2019-09-03\";i:8;s:10:\"2019-09-04\";i:9;s:10:\"2019-09-05\";i:10;s:10:\"2019-09-06\";i:11;s:10:\"2019-09-07\";i:12;s:10:\"2019-09-08\";i:13;s:10:\"2019-09-09\";i:14;s:10:\"2019-09-10\";i:15;s:10:\"2019-09-11\";i:16;s:10:\"2019-09-12\";i:17;s:10:\"2019-09-13\";i:18;s:10:\"2019-09-14\";i:19;s:10:\"2019-09-15\";i:20;s:10:\"2019-09-16\";i:21;s:10:\"2019-09-17\";i:22;s:10:\"2019-09-18\";i:23;s:10:\"2019-09-19\";i:24;s:10:\"2019-09-20\";i:25;s:10:\"2019-09-21\";i:26;s:10:\"2019-09-23\";i:27;s:10:\"2019-09-24\";i:28;s:10:\"2019-09-25\";i:29;s:10:\"2019-09-26\";i:30;s:10:\"2019-09-27\";i:31;s:10:\"2019-09-28\";i:32;s:10:\"2019-09-22\";i:33;s:10:\"2019-09-29\";i:34;s:10:\"2019-09-30\";}', 'a:1:{i:0;s:10:\"2019-10-01\";}', NULL, '2019-09-30 06:41:04'),
(4, 7, 'a:16:{i:0;s:10:\"2019-06-14\";i:1;s:10:\"2019-06-15\";i:2;s:10:\"2019-06-16\";i:3;s:10:\"2019-06-17\";i:4;s:10:\"2019-06-18\";i:5;s:10:\"2019-06-19\";i:6;s:10:\"2019-06-20\";i:7;s:10:\"2019-06-21\";i:8;s:10:\"2019-06-22\";i:9;s:10:\"2019-06-23\";i:10;s:10:\"2019-06-24\";i:11;s:10:\"2019-06-25\";i:12;s:10:\"2019-06-26\";i:13;s:10:\"2019-06-27\";i:14;s:10:\"2019-06-28\";i:15;s:10:\"2019-06-13\";}', 'a:3:{i:0;s:10:\"2019-06-29\";i:1;s:10:\"2019-06-30\";i:2;s:10:\"2019-07-01\";}', 'a:1:{i:0;s:10:\"2019-07-02\";}', 'a:37:{i:0;s:10:\"2019-07-03\";i:1;s:10:\"2019-07-04\";i:2;s:10:\"2019-07-05\";i:3;s:10:\"2019-07-06\";i:4;s:10:\"2019-07-07\";i:5;s:10:\"2019-07-08\";i:6;s:10:\"2019-07-09\";i:7;s:10:\"2019-07-10\";i:8;s:10:\"2019-07-11\";i:9;s:10:\"2019-07-12\";i:10;s:10:\"2019-07-13\";i:11;s:10:\"2019-07-14\";i:12;s:10:\"2019-07-15\";i:13;s:10:\"2019-07-16\";i:14;s:10:\"2019-07-17\";i:15;s:10:\"2019-07-18\";i:16;s:10:\"2019-07-19\";i:17;s:10:\"2019-07-20\";i:18;s:10:\"2019-07-21\";i:19;s:10:\"2019-07-22\";i:20;s:10:\"2019-07-23\";i:21;s:10:\"2019-07-24\";i:22;s:10:\"2019-07-25\";i:23;s:10:\"2019-07-26\";i:24;s:10:\"2019-07-27\";i:25;s:10:\"2019-07-28\";i:26;s:10:\"2019-07-29\";i:27;s:10:\"2019-07-30\";i:28;s:10:\"2019-07-31\";i:29;s:10:\"2019-08-01\";i:30;s:10:\"2019-08-02\";i:31;s:10:\"2019-08-03\";i:32;s:10:\"2019-08-04\";i:33;s:10:\"2019-08-05\";i:34;s:10:\"2019-08-06\";i:35;s:10:\"2019-08-07\";i:36;s:10:\"2019-08-08\";}', 'a:1:{i:0;s:10:\"2019-08-09\";}', 'a:4:{i:0;s:10:\"2019-08-10\";i:1;s:10:\"2019-08-11\";i:2;s:10:\"2019-08-12\";i:3;s:10:\"2019-08-13\";}', 'a:34:{i:0;s:10:\"2019-08-14\";i:1;s:10:\"2019-08-15\";i:2;s:10:\"2019-08-16\";i:3;s:10:\"2019-08-17\";i:4;s:10:\"2019-08-18\";i:5;s:10:\"2019-08-19\";i:6;s:10:\"2019-08-20\";i:7;s:10:\"2019-08-21\";i:8;s:10:\"2019-08-22\";i:9;s:10:\"2019-08-23\";i:10;s:10:\"2019-08-24\";i:11;s:10:\"2019-08-25\";i:12;s:10:\"2019-08-26\";i:13;s:10:\"2019-08-27\";i:14;s:10:\"2019-08-28\";i:15;s:10:\"2019-08-29\";i:16;s:10:\"2019-08-30\";i:17;s:10:\"2019-08-31\";i:18;s:10:\"2019-09-01\";i:19;s:10:\"2019-09-02\";i:20;s:10:\"2019-09-03\";i:21;s:10:\"2019-09-04\";i:22;s:10:\"2019-09-05\";i:23;s:10:\"2019-09-06\";i:24;s:10:\"2019-09-07\";i:25;s:10:\"2019-09-08\";i:26;s:10:\"2019-09-09\";i:27;s:10:\"2019-09-10\";i:28;s:10:\"2019-09-11\";i:29;s:10:\"2019-09-12\";i:30;s:10:\"2019-09-13\";i:31;s:10:\"2019-09-14\";i:32;s:10:\"2019-09-15\";i:33;s:10:\"2019-09-16\";}', 'a:14:{i:0;s:10:\"2019-09-17\";i:1;s:10:\"2019-09-18\";i:2;s:10:\"2019-09-19\";i:3;s:10:\"2019-09-20\";i:4;s:10:\"2019-09-21\";i:5;s:10:\"2019-09-22\";i:6;s:10:\"2019-09-23\";i:7;s:10:\"2019-09-24\";i:8;s:10:\"2019-09-25\";i:9;s:10:\"2019-09-27\";i:10;s:10:\"2019-09-26\";i:11;s:10:\"2019-09-28\";i:12;s:10:\"2019-09-29\";i:13;s:10:\"2019-09-30\";}', 'a:1:{i:0;s:10:\"2019-10-01\";}', NULL, '2019-09-30 06:36:36'),
(5, 9, 'a:16:{i:0;s:10:\"2019-06-14\";i:1;s:10:\"2019-06-13\";i:2;s:10:\"2019-06-15\";i:3;s:10:\"2019-06-16\";i:4;s:10:\"2019-06-17\";i:5;s:10:\"2019-06-18\";i:6;s:10:\"2019-06-19\";i:7;s:10:\"2019-06-20\";i:8;s:10:\"2019-06-21\";i:9;s:10:\"2019-06-22\";i:10;s:10:\"2019-06-23\";i:11;s:10:\"2019-06-24\";i:12;s:10:\"2019-06-25\";i:13;s:10:\"2019-06-26\";i:14;s:10:\"2019-06-27\";i:15;s:10:\"2019-06-28\";}', 'a:3:{i:0;s:10:\"2019-06-29\";i:1;s:10:\"2019-06-30\";i:2;s:10:\"2019-07-01\";}', 'a:1:{i:0;s:10:\"2019-07-02\";}', 'a:37:{i:0;s:10:\"2019-07-03\";i:1;s:10:\"2019-07-04\";i:2;s:10:\"2019-07-05\";i:3;s:10:\"2019-07-06\";i:4;s:10:\"2019-07-07\";i:5;s:10:\"2019-07-08\";i:6;s:10:\"2019-07-09\";i:7;s:10:\"2019-07-10\";i:8;s:10:\"2019-07-11\";i:9;s:10:\"2019-07-12\";i:10;s:10:\"2019-07-13\";i:11;s:10:\"2019-07-14\";i:12;s:10:\"2019-07-15\";i:13;s:10:\"2019-07-16\";i:14;s:10:\"2019-07-17\";i:15;s:10:\"2019-07-18\";i:16;s:10:\"2019-07-19\";i:17;s:10:\"2019-07-20\";i:18;s:10:\"2019-07-21\";i:19;s:10:\"2019-07-22\";i:20;s:10:\"2019-07-23\";i:21;s:10:\"2019-07-24\";i:22;s:10:\"2019-07-25\";i:23;s:10:\"2019-07-26\";i:24;s:10:\"2019-07-27\";i:25;s:10:\"2019-07-28\";i:26;s:10:\"2019-07-29\";i:27;s:10:\"2019-07-30\";i:28;s:10:\"2019-07-31\";i:29;s:10:\"2019-08-01\";i:30;s:10:\"2019-08-02\";i:31;s:10:\"2019-08-03\";i:32;s:10:\"2019-08-04\";i:33;s:10:\"2019-08-05\";i:34;s:10:\"2019-08-06\";i:35;s:10:\"2019-08-07\";i:36;s:10:\"2019-08-08\";}', 'a:1:{i:0;s:10:\"2019-08-09\";}', 'a:3:{i:0;s:10:\"2019-08-10\";i:1;s:10:\"2019-08-11\";i:2;s:10:\"2019-08-12\";}', 'a:35:{i:0;s:10:\"2019-08-13\";i:1;s:10:\"2019-08-14\";i:2;s:10:\"2019-08-15\";i:3;s:10:\"2019-08-16\";i:4;s:10:\"2019-08-17\";i:5;s:10:\"2019-08-18\";i:6;s:10:\"2019-08-19\";i:7;s:10:\"2019-08-20\";i:8;s:10:\"2019-08-21\";i:9;s:10:\"2019-08-22\";i:10;s:10:\"2019-08-23\";i:11;s:10:\"2019-08-24\";i:12;s:10:\"2019-08-25\";i:13;s:10:\"2019-08-26\";i:14;s:10:\"2019-08-27\";i:15;s:10:\"2019-08-28\";i:16;s:10:\"2019-08-29\";i:17;s:10:\"2019-08-30\";i:18;s:10:\"2019-08-31\";i:19;s:10:\"2019-09-01\";i:20;s:10:\"2019-09-02\";i:21;s:10:\"2019-09-03\";i:22;s:10:\"2019-09-04\";i:23;s:10:\"2019-09-05\";i:24;s:10:\"2019-09-06\";i:25;s:10:\"2019-09-07\";i:26;s:10:\"2019-09-08\";i:27;s:10:\"2019-09-09\";i:28;s:10:\"2019-09-10\";i:29;s:10:\"2019-09-11\";i:30;s:10:\"2019-09-12\";i:31;s:10:\"2019-09-13\";i:32;s:10:\"2019-09-14\";i:33;s:10:\"2019-09-15\";i:34;s:10:\"2019-09-16\";}', 'a:14:{i:0;s:10:\"2019-09-17\";i:1;s:10:\"2019-09-18\";i:2;s:10:\"2019-09-19\";i:3;s:10:\"2019-09-20\";i:4;s:10:\"2019-09-21\";i:5;s:10:\"2019-09-22\";i:6;s:10:\"2019-09-23\";i:7;s:10:\"2019-09-24\";i:8;s:10:\"2019-09-25\";i:9;s:10:\"2019-09-26\";i:10;s:10:\"2019-09-27\";i:11;s:10:\"2019-09-28\";i:12;s:10:\"2019-09-29\";i:13;s:10:\"2019-09-30\";}', 'a:1:{i:0;s:10:\"2019-10-01\";}', NULL, '2019-09-30 07:11:41'),
(6, 30, 'a:16:{i:0;s:10:\"2019-06-13\";i:1;s:10:\"2019-06-14\";i:2;s:10:\"2019-06-15\";i:3;s:10:\"2019-06-16\";i:4;s:10:\"2019-06-17\";i:5;s:10:\"2019-06-18\";i:6;s:10:\"2019-06-19\";i:7;s:10:\"2019-06-20\";i:8;s:10:\"2019-06-21\";i:9;s:10:\"2019-06-22\";i:10;s:10:\"2019-06-23\";i:11;s:10:\"2019-06-24\";i:12;s:10:\"2019-06-25\";i:13;s:10:\"2019-06-26\";i:14;s:10:\"2019-06-27\";i:15;s:10:\"2019-06-28\";}', 'a:3:{i:0;s:10:\"2019-06-29\";i:1;s:10:\"2019-06-30\";i:2;s:10:\"2019-07-01\";}', 'a:1:{i:0;s:10:\"2019-07-02\";}', 'a:83:{i:0;s:10:\"2019-07-03\";i:1;s:10:\"2019-07-04\";i:2;s:10:\"2019-07-05\";i:3;s:10:\"2019-07-06\";i:4;s:10:\"2019-07-07\";i:5;s:10:\"2019-07-08\";i:6;s:10:\"2019-07-09\";i:7;s:10:\"2019-07-10\";i:8;s:10:\"2019-07-11\";i:9;s:10:\"2019-07-12\";i:10;s:10:\"2019-07-13\";i:11;s:10:\"2019-07-14\";i:12;s:10:\"2019-07-15\";i:13;s:10:\"2019-07-16\";i:14;s:10:\"2019-07-17\";i:15;s:10:\"2019-07-18\";i:16;s:10:\"2019-07-19\";i:17;s:10:\"2019-07-20\";i:18;s:10:\"2019-07-21\";i:19;s:10:\"2019-07-22\";i:20;s:10:\"2019-07-23\";i:21;s:10:\"2019-07-24\";i:22;s:10:\"2019-07-25\";i:23;s:10:\"2019-07-26\";i:24;s:10:\"2019-07-27\";i:25;s:10:\"2019-07-28\";i:26;s:10:\"2019-07-29\";i:27;s:10:\"2019-07-30\";i:28;s:10:\"2019-07-31\";i:29;s:10:\"2019-08-01\";i:30;s:10:\"2019-08-02\";i:31;s:10:\"2019-08-03\";i:32;s:10:\"2019-08-04\";i:33;s:10:\"2019-08-05\";i:34;s:10:\"2019-08-06\";i:35;s:10:\"2019-08-07\";i:36;s:10:\"2019-08-08\";i:37;s:10:\"2019-08-10\";i:38;s:10:\"2019-08-09\";i:39;s:10:\"2019-08-11\";i:40;s:10:\"2019-08-12\";i:41;s:10:\"2019-08-13\";i:42;s:10:\"2019-08-14\";i:43;s:10:\"2019-08-15\";i:44;s:10:\"2019-08-16\";i:45;s:10:\"2019-08-17\";i:46;s:10:\"2019-08-18\";i:47;s:10:\"2019-08-19\";i:48;s:10:\"2019-08-20\";i:49;s:10:\"2019-08-21\";i:50;s:10:\"2019-08-22\";i:51;s:10:\"2019-08-23\";i:52;s:10:\"2019-08-24\";i:53;s:10:\"2019-08-25\";i:54;s:10:\"2019-08-26\";i:55;s:10:\"2019-08-27\";i:56;s:10:\"2019-08-28\";i:57;s:10:\"2019-08-29\";i:58;s:10:\"2019-08-30\";i:59;s:10:\"2019-08-31\";i:60;s:10:\"2019-09-01\";i:61;s:10:\"2019-09-02\";i:62;s:10:\"2019-09-03\";i:63;s:10:\"2019-09-04\";i:64;s:10:\"2019-09-05\";i:65;s:10:\"2019-09-06\";i:66;s:10:\"2019-09-07\";i:67;s:10:\"2019-09-08\";i:68;s:10:\"2019-09-09\";i:69;s:10:\"2019-09-10\";i:70;s:10:\"2019-09-11\";i:71;s:10:\"2019-09-12\";i:72;s:10:\"2019-09-13\";i:73;s:10:\"2019-09-14\";i:74;s:10:\"2019-09-15\";i:75;s:10:\"2019-09-16\";i:76;s:10:\"2019-09-17\";i:77;s:10:\"2019-09-18\";i:78;s:10:\"2019-09-19\";i:79;s:10:\"2019-09-20\";i:80;s:10:\"2019-09-21\";i:81;s:10:\"2019-09-22\";i:82;s:10:\"2019-09-23\";}', 'a:1:{i:0;s:10:\"2019-09-24\";}', 'a:1:{i:0;s:10:\"2019-09-25\";}', 'a:1:{i:0;s:10:\"2019-09-26\";}', 'a:4:{i:0;s:10:\"2019-09-27\";i:1;s:10:\"2019-09-28\";i:2;s:10:\"2019-09-29\";i:3;s:10:\"2019-09-30\";}', 'a:1:{i:0;s:10:\"2019-10-01\";}', NULL, '2019-10-01 08:48:38'),
(7, 3, 'N;', 'N;', 'N;', 'N;', 'N;', 'N;', 'N;', 'N;', 'N;', NULL, '2019-09-30 02:18:15'),
(8, 8, 'a:16:{i:0;s:10:\"2019-06-13\";i:1;s:10:\"2019-06-14\";i:2;s:10:\"2019-06-15\";i:3;s:10:\"2019-06-16\";i:4;s:10:\"2019-06-17\";i:5;s:10:\"2019-06-18\";i:6;s:10:\"2019-06-19\";i:7;s:10:\"2019-06-20\";i:8;s:10:\"2019-06-21\";i:9;s:10:\"2019-06-22\";i:10;s:10:\"2019-06-23\";i:11;s:10:\"2019-06-24\";i:12;s:10:\"2019-06-25\";i:13;s:10:\"2019-06-26\";i:14;s:10:\"2019-06-27\";i:15;s:10:\"2019-06-28\";}', 'a:4:{i:0;s:10:\"2019-06-29\";i:1;s:10:\"2019-06-30\";i:2;s:10:\"2019-07-01\";i:3;s:10:\"2019-07-02\";}', 'a:2:{i:0;s:10:\"2019-07-03\";i:1;s:10:\"2019-07-04\";}', 'a:63:{i:0;s:10:\"2019-07-05\";i:1;s:10:\"2019-07-06\";i:2;s:10:\"2019-07-07\";i:3;s:10:\"2019-07-08\";i:4;s:10:\"2019-07-10\";i:5;s:10:\"2019-07-09\";i:6;s:10:\"2019-07-12\";i:7;s:10:\"2019-07-11\";i:8;s:10:\"2019-07-13\";i:9;s:10:\"2019-07-14\";i:10;s:10:\"2019-07-15\";i:11;s:10:\"2019-07-16\";i:12;s:10:\"2019-07-18\";i:13;s:10:\"2019-07-17\";i:14;s:10:\"2019-07-19\";i:15;s:10:\"2019-07-20\";i:16;s:10:\"2019-07-21\";i:17;s:10:\"2019-07-22\";i:18;s:10:\"2019-07-23\";i:19;s:10:\"2019-07-24\";i:20;s:10:\"2019-07-25\";i:21;s:10:\"2019-07-26\";i:22;s:10:\"2019-07-27\";i:23;s:10:\"2019-07-28\";i:24;s:10:\"2019-07-29\";i:25;s:10:\"2019-07-30\";i:26;s:10:\"2019-07-31\";i:27;s:10:\"2019-08-01\";i:28;s:10:\"2019-08-02\";i:29;s:10:\"2019-08-03\";i:30;s:10:\"2019-08-04\";i:31;s:10:\"2019-08-05\";i:32;s:10:\"2019-08-07\";i:33;s:10:\"2019-08-06\";i:34;s:10:\"2019-08-08\";i:35;s:10:\"2019-08-09\";i:36;s:10:\"2019-08-10\";i:37;s:10:\"2019-08-11\";i:38;s:10:\"2019-08-12\";i:39;s:10:\"2019-08-14\";i:40;s:10:\"2019-08-13\";i:41;s:10:\"2019-08-15\";i:42;s:10:\"2019-08-16\";i:43;s:10:\"2019-08-17\";i:44;s:10:\"2019-08-18\";i:45;s:10:\"2019-08-19\";i:46;s:10:\"2019-08-20\";i:47;s:10:\"2019-08-21\";i:48;s:10:\"2019-08-22\";i:49;s:10:\"2019-08-23\";i:50;s:10:\"2019-08-24\";i:51;s:10:\"2019-08-25\";i:52;s:10:\"2019-08-26\";i:53;s:10:\"2019-08-27\";i:54;s:10:\"2019-08-28\";i:55;s:10:\"2019-08-29\";i:56;s:10:\"2019-08-30\";i:57;s:10:\"2019-08-31\";i:58;s:10:\"2019-09-01\";i:59;s:10:\"2019-09-02\";i:60;s:10:\"2019-09-03\";i:61;s:10:\"2019-09-04\";i:62;s:10:\"2019-09-05\";}', 'a:1:{i:0;s:10:\"2019-09-06\";}', 'a:3:{i:0;s:10:\"2019-09-07\";i:1;s:10:\"2019-09-08\";i:2;s:10:\"2019-09-09\";}', 'a:7:{i:0;s:10:\"2019-09-10\";i:1;s:10:\"2019-09-11\";i:2;s:10:\"2019-09-12\";i:3;s:10:\"2019-09-13\";i:4;s:10:\"2019-09-14\";i:5;s:10:\"2019-09-15\";i:6;s:10:\"2019-09-16\";}', 'a:14:{i:0;s:10:\"2019-09-17\";i:1;s:10:\"2019-09-18\";i:2;s:10:\"2019-09-19\";i:3;s:10:\"2019-09-20\";i:4;s:10:\"2019-09-21\";i:5;s:10:\"2019-09-22\";i:6;s:10:\"2019-09-23\";i:7;s:10:\"2019-09-24\";i:8;s:10:\"2019-09-25\";i:9;s:10:\"2019-09-26\";i:10;s:10:\"2019-09-27\";i:11;s:10:\"2019-09-28\";i:12;s:10:\"2019-09-29\";i:13;s:10:\"2019-09-30\";}', 'a:1:{i:0;s:10:\"2019-10-01\";}', NULL, '2019-09-30 06:46:06'),
(9, 36, 's:0:\"\";', 's:0:\"\";', NULL, NULL, NULL, NULL, NULL, NULL, NULL, NULL, '2019-09-30 02:18:10'),
(10, 12, 'N;', 'N;', 'N;', 'N;', 'N;', 'N;', 'N;', 'N;', 'N;', NULL, '2019-09-30 03:58:50'),
(11, 10, 's:0:\"\";', NULL, NULL, NULL, NULL, NULL, NULL, NULL, NULL, NULL, '2019-09-30 03:59:44'),
(12, 14, 'a:16:{i:0;s:10:\"2019-06-13\";i:1;s:10:\"2019-06-14\";i:2;s:10:\"2019-06-15\";i:3;s:10:\"2019-06-16\";i:4;s:10:\"2019-06-17\";i:5;s:10:\"2019-06-18\";i:6;s:10:\"2019-06-20\";i:7;s:10:\"2019-06-19\";i:8;s:10:\"2019-06-21\";i:9;s:10:\"2019-06-22\";i:10;s:10:\"2019-06-23\";i:11;s:10:\"2019-06-24\";i:12;s:10:\"2019-06-25\";i:13;s:10:\"2019-06-26\";i:14;s:10:\"2019-06-27\";i:15;s:10:\"2019-06-28\";}', 'a:5:{i:0;s:10:\"2019-06-29\";i:1;s:10:\"2019-06-30\";i:2;s:10:\"2019-07-01\";i:3;s:10:\"2019-07-02\";i:4;s:10:\"2019-07-03\";}', 'a:5:{i:0;s:10:\"2019-07-04\";i:1;s:10:\"2019-07-05\";i:2;s:10:\"2019-07-06\";i:3;s:10:\"2019-07-07\";i:4;s:10:\"2019-07-08\";}', 'a:83:{i:0;s:10:\"2019-07-09\";i:1;s:10:\"2019-07-10\";i:2;s:10:\"2019-07-11\";i:3;s:10:\"2019-07-12\";i:4;s:10:\"2019-07-13\";i:5;s:10:\"2019-07-14\";i:6;s:10:\"2019-07-15\";i:7;s:10:\"2019-07-16\";i:8;s:10:\"2019-07-17\";i:9;s:10:\"2019-07-18\";i:10;s:10:\"2019-07-19\";i:11;s:10:\"2019-07-20\";i:12;s:10:\"2019-07-21\";i:13;s:10:\"2019-07-22\";i:14;s:10:\"2019-07-23\";i:15;s:10:\"2019-07-24\";i:16;s:10:\"2019-07-25\";i:17;s:10:\"2019-07-27\";i:18;s:10:\"2019-07-26\";i:19;s:10:\"2019-07-28\";i:20;s:10:\"2019-07-29\";i:21;s:10:\"2019-07-30\";i:22;s:10:\"2019-07-31\";i:23;s:10:\"2019-08-01\";i:24;s:10:\"2019-08-02\";i:25;s:10:\"2019-08-03\";i:26;s:10:\"2019-08-04\";i:27;s:10:\"2019-08-05\";i:28;s:10:\"2019-08-06\";i:29;s:10:\"2019-08-07\";i:30;s:10:\"2019-08-08\";i:31;s:10:\"2019-08-09\";i:32;s:10:\"2019-08-10\";i:33;s:10:\"2019-08-11\";i:34;s:10:\"2019-08-12\";i:35;s:10:\"2019-08-13\";i:36;s:10:\"2019-08-14\";i:37;s:10:\"2019-08-15\";i:38;s:10:\"2019-08-16\";i:39;s:10:\"2019-08-17\";i:40;s:10:\"2019-08-18\";i:41;s:10:\"2019-08-19\";i:42;s:10:\"2019-08-20\";i:43;s:10:\"2019-08-21\";i:44;s:10:\"2019-08-22\";i:45;s:10:\"2019-08-23\";i:46;s:10:\"2019-08-24\";i:47;s:10:\"2019-08-25\";i:48;s:10:\"2019-08-26\";i:49;s:10:\"2019-08-27\";i:50;s:10:\"2019-08-28\";i:51;s:10:\"2019-08-29\";i:52;s:10:\"2019-08-30\";i:53;s:10:\"2019-08-31\";i:54;s:10:\"2019-09-01\";i:55;s:10:\"2019-09-02\";i:56;s:10:\"2019-09-03\";i:57;s:10:\"2019-09-04\";i:58;s:10:\"2019-09-05\";i:59;s:10:\"2019-09-06\";i:60;s:10:\"2019-09-07\";i:61;s:10:\"2019-09-08\";i:62;s:10:\"2019-09-09\";i:63;s:10:\"2019-09-10\";i:64;s:10:\"2019-09-11\";i:65;s:10:\"2019-09-12\";i:66;s:10:\"2019-09-13\";i:67;s:10:\"2019-09-14\";i:68;s:10:\"2019-09-15\";i:69;s:10:\"2019-09-16\";i:70;s:10:\"2019-09-17\";i:71;s:10:\"2019-09-18\";i:72;s:10:\"2019-09-19\";i:73;s:10:\"2019-09-20\";i:74;s:10:\"2019-09-21\";i:75;s:10:\"2019-09-22\";i:76;s:10:\"2019-09-23\";i:77;s:10:\"2019-09-24\";i:78;s:10:\"2019-09-25\";i:79;s:10:\"2019-09-26\";i:80;s:10:\"2019-09-27\";i:81;s:10:\"2019-09-28\";i:82;s:10:\"2019-09-29\";}', 'a:1:{i:0;s:10:\"2019-09-30\";}', 'a:3:{i:0;s:10:\"2019-10-01\";i:1;s:10:\"2019-10-02\";i:2;s:10:\"2019-10-03\";}', NULL, NULL, NULL, NULL, '2019-09-30 08:42:07'),
(13, 17, 'N;', 'N;', 'N;', 'N;', 'N;', 'N;', 'N;', 'N;', 'N;', NULL, '2019-09-30 08:56:19'),
(14, 33, 'a:16:{i:0;s:10:\"2019-06-13\";i:1;s:10:\"2019-06-14\";i:2;s:10:\"2019-06-15\";i:3;s:10:\"2019-06-16\";i:4;s:10:\"2019-06-17\";i:5;s:10:\"2019-06-18\";i:6;s:10:\"2019-06-19\";i:7;s:10:\"2019-06-20\";i:8;s:10:\"2019-06-21\";i:9;s:10:\"2019-06-22\";i:10;s:10:\"2019-06-23\";i:11;s:10:\"2019-06-24\";i:12;s:10:\"2019-06-25\";i:13;s:10:\"2019-06-26\";i:14;s:10:\"2019-06-27\";i:15;s:10:\"2019-06-28\";}', 'a:3:{i:0;s:10:\"2019-06-29\";i:1;s:10:\"2019-06-30\";i:2;s:10:\"2019-07-01\";}', NULL, NULL, 'a:1:{i:0;s:10:\"2019-09-24\";}', NULL, NULL, NULL, NULL, NULL, '2019-10-01 08:56:57'),
(15, 11, 's:0:\"\";', NULL, NULL, NULL, NULL, NULL, NULL, NULL, NULL, NULL, '2019-10-02 00:22:11'),
(16, 13, 'N;', 'N;', 'N;', 'N;', 'N;', 'N;', 'N;', 'N;', 'N;', NULL, '2019-10-02 00:26:17'),
(17, 32, 'N;', 'N;', 'N;', 'N;', 'N;', 'N;', 'N;', 'N;', 'N;', NULL, '2019-10-02 00:26:17'),
(18, 21, 's:0:\"\";', NULL, NULL, NULL, NULL, NULL, NULL, NULL, NULL, NULL, '2019-10-09 01:41:55');

-- --------------------------------------------------------

--
-- Table structure for table `rsp_vacant_positions`
--

CREATE TABLE `rsp_vacant_positions` (
  `rspvac_id` int(11) NOT NULL,
  `positiontitle` tinytext NOT NULL,
  `itemNo` tinytext NOT NULL,
  `sg` tinyint(4) NOT NULL,
  `office` tinytext NOT NULL,
  `dateVacated` date NOT NULL,
  `dateOfInterview` date DEFAULT '0000-00-00',
  `education` text,
  `training` text,
  `experience` text,
  `eligibility` text,
  `datetime_added` datetime NOT NULL DEFAULT CURRENT_TIMESTAMP
) ENGINE=InnoDB DEFAULT CHARSET=latin1;

--
-- Dumping data for table `rsp_vacant_positions`
--

INSERT INTO `rsp_vacant_positions` (`rspvac_id`, `positiontitle`, `itemNo`, `sg`, `office`, `dateVacated`, `dateOfInterview`, `education`, `training`, `experience`, `eligibility`, `datetime_added`) VALUES
(2, 'City Government Department Head I (City Veterinarian)', 'CVO-1', 25, '10', '2018-02-27', '2019-07-29', 'a:1:{i:0;s:29:\"Doctor of Veterinary Medicine\";}', 'a:1:{i:0;s:13:\"None Required\";}', 'a:1:{i:0;s:30:\"3 years of veterinary medicine\";}', 'a:1:{i:0;s:7:\"RA 1080\";}', '2019-07-23 14:20:13'),
(3, 'Engineer III ', 'GSO-22', 19, '21', '2019-01-01', '0000-00-00', 'a:1:{i:0;s:45:\"Bachelor\'s Degree in Electrical Engineering \";}', 'a:1:{i:0;s:28:\"8 hours of relevant training\";}', 'a:1:{i:0;s:30:\"2 years of relevant experience\";}', 'a:1:{i:0;s:7:\"RA 1080\";}', '2019-07-24 14:22:30'),
(4, 'Supervising Administrative Officer (Administrative Officer IV)', 'ADM-10', 1, '1', '0000-00-00', '2019-08-09', 'a:1:{i:0;s:17:\"Bachelor\'s Degree\";}', 'a:1:{i:0;s:29:\"16 hours of relevant training\";}', 'a:1:{i:0;s:30:\"3 years of relevant experience\";}', 'a:1:{i:0;s:27:\"CS-Professional (2nd Level)\";}', '2019-07-24 16:36:21'),
(6, 'Supervising Administrative Officer (Administrative Officer IV)', 'CVO-2.1', 22, '10', '0000-00-00', '2019-07-29', 'a:1:{i:0;s:17:\"Bachelor\'s Degree\";}', 'a:1:{i:0;s:29:\"16 hours of relevant training\";}', 'a:1:{i:0;s:30:\"3 years of relevant experience\";}', 'a:1:{i:0;s:27:\"CS-Professional (2nd Level)\";}', '2019-07-25 11:36:12'),
(7, 'Supervising Administrative Officer  (Administrative Officer IV)', 'OM-11', 15, '15', '0000-00-00', '2019-08-09', 'a:1:{i:0;s:17:\"Bachelor\'s Degree\";}', 'a:1:{i:0;s:29:\"16 hours of relevant training\";}', 'a:1:{i:0;s:30:\"3 years of relevant experience\";}', 'a:1:{i:0;s:27:\"CS-Professional (2nd Level)\";}', '2019-07-25 15:56:50'),
(8, 'Administrative Officer V (Budget Officer III)', 'CBO-4.1', 18, '5', '0000-00-00', '2019-09-06', 'a:1:{i:0;s:37:\"Bachelor\'s Degree relevant to the Job\";}', 'a:1:{i:0;s:28:\"8 hours of relevant training\";}', 'a:1:{i:0;s:30:\"2 years of relevant experience\";}', 'a:1:{i:0;s:27:\"CS-Professional (2nd Level)\";}', '2019-07-26 09:11:32'),
(9, 'City Government Assistant Department Head I', 'ADM-1.1', 23, '1', '0000-00-00', '2019-08-09', 'a:1:{i:0;s:17:\"Bachelor\'s Degree\";}', 'a:1:{i:0;s:29:\"16 hours of relevant training\";}', 'a:1:{i:0;s:28:\"3 years of relevant training\";}', 'a:1:{i:0;s:27:\"CS-Professional (2nd Level)\";}', '2019-07-26 11:15:05'),
(10, 'Local Legislative Staff Officer IV', 'SP-2', 19, '16', '0000-00-00', '0000-00-00', 'a:1:{i:0;s:37:\"Bachelor\'s Degree relevant to the job\";}', 'a:1:{i:0;s:28:\"8 hours of relevant training\";}', 'a:1:{i:0;s:30:\"2 years of relevant experience\";}', 'a:1:{i:0;s:27:\"CS-Professional (2nd Level)\";}', '2019-07-26 11:50:03'),
(11, 'Administrative Aide IV (Accounting Clerk I)', 'ACC-16', 4, '2', '2019-03-01', '0000-00-00', 'a:1:{i:0;s:42:\"Completion of two years studies in College\";}', 'a:1:{i:0;s:13:\"None Required\";}', 'a:1:{i:0;s:13:\"None Required\";}', 'a:1:{i:0;s:18:\"CS-Subprofessional\";}', '2019-08-05 11:46:22'),
(12, 'Administrative Aide IV(Accounting Clerk I)', 'ACC-9', 4, '2', '2019-07-01', '0000-00-00', 'a:1:{i:0;s:42:\"Completion of two years studies in College\";}', 'a:1:{i:0;s:13:\"None Required\";}', 'a:1:{i:0;s:13:\"None Required\";}', 'a:1:{i:0;s:18:\"CS-Subprofessional\";}', '2019-08-05 11:47:50'),
(13, 'Administrative Aide VI (Accounting Clerk II)', 'ACC-15', 6, '2', '2019-07-01', '0000-00-00', 'a:1:{i:0;s:42:\"Completion of two years studies in College\";}', 'a:1:{i:0;s:13:\"None Required\";}', 'a:1:{i:0;s:13:\"None Required\";}', 'a:1:{i:0;s:19:\"CS- Subprofessional\";}', '2019-08-05 13:28:17'),
(14, 'Supervising Administrative Officer (Management & Audit Analyst IV)', 'ACC-17', 22, '2', '0000-00-00', '2019-09-30', 'a:1:{i:0;s:37:\"Bachelor\'s Degree relevant to the job\";}', 'a:1:{i:0;s:29:\"16 hours of relevant training\";}', 'a:1:{i:0;s:30:\"3 years of relevant experience\";}', 'a:1:{i:0;s:27:\"CS-Professional (2nd Level)\";}', '2019-08-07 09:22:28'),
(15, 'Supervising Administrative Officer (Management and Audit Analyst IV)', 'ACC-26', 2, '2', '0000-00-00', '2019-10-02', 'a:1:{i:0;s:37:\"Bachelor\'s Degree relevant to the job\";}', 'a:1:{i:0;s:29:\"16 hours of relevant training\";}', 'a:1:{i:0;s:30:\"3 years of relevant experience\";}', 'a:1:{i:0;s:27:\"CS-Professional (2nd Level)\";}', '2019-08-07 09:24:34'),
(16, 'City Government Department Head I (City Agriculturist)', 'AGR-1', 25, '4', '2019-07-01', '0000-00-00', 'a:1:{i:0;s:105:\"Bachelor\'s Degree in Agriculture (General Course) or BS Agriculture with relevant field of specialization\";}', 'a:1:{i:0;s:4:\"NONE\";}', 'a:1:{i:0;s:62:\"5 years acquired experience in agriculture or in related field\";}', 'a:1:{i:0;s:8:\"RA 1080 \";}', '2019-08-07 09:30:49'),
(17, 'Senior Aquaculturist', 'AGR-7', 18, '4', '2018-06-01', '0000-00-00', 'a:1:{i:0;s:37:\"Bachelor\'s Degree relevant to the job\";}', 'a:1:{i:0;s:28:\"8 hours of relevant training\";}', 'a:1:{i:0;s:30:\"2 years of relevant experience\";}', 'a:1:{i:0;s:27:\"CS-Professional (2nd Level)\";}', '2019-08-07 09:44:42'),
(18, 'Administrative Officer III (Records Officer II)', 'AGR-3', 14, '4', '2019-05-01', '0000-00-00', 'a:1:{i:0;s:17:\"Bachelor\'s Degree\";}', 'a:1:{i:0;s:28:\"4 hours of relevant training\";}', 'a:1:{i:0;s:29:\"1 year of relevant experience\";}', 'a:1:{i:0;s:27:\"CS-Professional (2nd Level)\";}', '2019-08-07 09:47:50'),
(19, 'Agricultural Technician I', 'AGRI-13.1', 4, '4', '0000-00-00', '0000-00-00', 'a:1:{i:0;s:42:\"Completion of two years studies in college\";}', 'a:1:{i:0;s:28:\"4 hours of relevant training\";}', 'a:1:{i:0;s:29:\"1 year of relevant experience\";}', 'a:1:{i:0;s:18:\"CS-Subprofessional\";}', '2019-08-07 09:55:06'),
(20, 'Agricultural Technician I', 'AGR-13.2', 8, '4', '0000-00-00', '0000-00-00', 'a:1:{i:0;s:42:\"Completion of two years studies in college\";}', 'a:1:{i:0;s:28:\"4 hours of relevant training\";}', 'a:1:{i:0;s:27:\"1 year of relevant training\";}', 'a:1:{i:0;s:18:\"CS-Subprofessional\";}', '2019-08-07 09:56:43'),
(21, 'Agricultural Technician I', 'AGR-13.3', 8, '4', '0000-00-00', '0000-00-00', 'a:1:{i:0;s:42:\"Completion of two years studies in college\";}', 'a:1:{i:0;s:28:\"4 hours of relevant training\";}', 'a:1:{i:0;s:29:\"1 year of relevant experience\";}', 'a:1:{i:0;s:18:\"CS-Subprofessional\";}', '2019-08-07 09:58:18'),
(22, 'Nurse III', 'CHO-19.3', 17, '11', '2019-05-01', '0000-00-00', 'a:1:{i:0;s:30:\"Bachelor of Science in Nursing\";}', 'a:1:{i:0;s:28:\"4 hours of relevant training\";}', 'a:1:{i:0;s:29:\"1 year of relevant experience\";}', 'a:1:{i:0;s:7:\"RA 1080\";}', '2019-08-07 10:01:21'),
(23, 'Nurse III', 'CHO-19.5', 17, '11', '0000-00-00', '0000-00-00', 'a:1:{i:0;s:30:\"Bachelor of Science in Nursing\";}', 'a:1:{i:0;s:28:\"4 hours of relevant training\";}', 'a:1:{i:0;s:29:\"1 year of relavant experience\";}', 'a:1:{i:0;s:7:\"RA 1080\";}', '2019-08-07 10:07:12'),
(24, 'Nurse III', 'CHO-19.6', 17, '11', '0000-00-00', '0000-00-00', 'a:1:{i:0;s:30:\"Bachelor of Science in Nursing\";}', 'a:1:{i:0;s:28:\"4 hours of relevant training\";}', 'a:1:{i:0;s:27:\"1 year of relevant training\";}', 'a:1:{i:0;s:7:\"RA 1080\";}', '2019-08-07 10:08:34'),
(25, 'Pharmacist I', 'CHO-21', 11, '11', '0000-00-00', '0000-00-00', 'a:1:{i:0;s:29:\"Bachelor\'s Degree in Pharmacy\";}', 'a:1:{i:0;s:13:\"None Required\";}', 'a:1:{i:0;s:13:\"None Required\";}', 'a:1:{i:0;s:7:\"RA 1081\";}', '2019-08-07 10:10:16'),
(26, 'Adminstrative Assistant I (Computer Operator I)', 'SS-6.1', 7, '15', '2019-03-15', '0000-00-00', 'a:1:{i:0;s:103:\"Completion of 2 years studies in College or High School Graduate with relevant vocational/trade course)\";}', 'a:1:{i:0;s:13:\"None Required\";}', 'a:1:{i:0;s:13:\"None Required\";}', 'a:1:{i:0;s:78:\"CS-Subprofessional; Data Encoder (MC II, s. 96-Cat. I) (1st Level Eligibility)\";}', '2019-08-07 10:16:26'),
(27, 'Local Revenue Collection Officer III', 'CTO-14', 6, '6', '2019-07-08', '2019-09-18', 'a:1:{i:0;s:17:\"Bachelor\'s Degree\";}', 'a:1:{i:0;s:28:\"8 hours of relevant training\";}', 'a:1:{i:0;s:30:\"2 years of relevant experience\";}', 'a:1:{i:0;s:96:\"CS-Professional; BCLTE (Basic Compentency for Local Treasurer Examinaton) (2nd Level Eligiblity)\";}', '2019-08-07 10:52:44'),
(28, 'Administrative Officer IV (Fiscal Examiner II)', 'CTO-4.1', 15, '6', '0000-00-00', '0000-00-00', 'a:1:{i:0;s:37:\"Bachelor\'s Degree relevant to the job\";}', 'a:1:{i:0;s:28:\"4 hours of relevant training\";}', 'a:1:{i:0;s:29:\"1 year of relevant experience\";}', 'a:1:{i:0;s:98:\"CS-Professional (2nd Level Eligibility); BCLTE (Basic Compentency for Local Treasurer Examination)\";}', '2019-08-07 11:05:27'),
(29, 'Agriculturist II', 'CVO-5', 15, '10', '0000-00-00', '0000-00-00', 'a:1:{i:0;s:37:\"Bachelor\'s Degree relevant to the job\";}', 'a:1:{i:0;s:28:\"4 hours of relevant training\";}', 'a:1:{i:0;s:29:\"1 year of relevant expereince\";}', 'a:1:{i:0;s:7:\"RA 1080\";}', '2019-08-07 14:09:34'),
(30, 'Engineer III', 'CEO-32.1', 19, '9', '0000-00-00', '2019-09-24', 'a:1:{i:0;s:52:\"Bachelor\'s Degree in Engineering relevant to the job\";}', 'a:1:{i:0;s:28:\"8 hours of relevant training\";}', 'a:1:{i:0;s:30:\"2 years of relevant experience\";}', 'a:1:{i:0;s:7:\"RA 1080\";}', '2019-08-07 14:15:29'),
(31, 'Administrative Aide IV (Mechanic)', 'CEO-24', 9, '9', '2019-03-01', '2019-09-24', 'a:1:{i:0;s:70:\"High School Graduate or Completion of relevant vocational/trade course\";}', 'a:1:{i:0;s:13:\"None Required\";}', 'a:1:{i:0;s:13:\"None Required\";}', 'a:1:{i:0;s:29:\"Mechanic (MC II, s. 96-Cat.I)\";}', '2019-08-07 14:19:02'),
(32, 'Administrative Aide IV (Clerk II)', 'ADM-13', 4, '1', '0000-00-00', '0000-00-00', 'a:1:{i:0;s:42:\"Completion of two years studies in college\";}', 'a:1:{i:0;s:13:\"None Required\";}', 'a:1:{i:0;s:13:\"None Required\";}', 'a:1:{i:0;s:19:\"CS Sub-professional\";}', '2019-09-03 11:32:22'),
(33, 'Architect II', 'CEO-40', 15, '9', '0000-00-00', '0000-00-00', 'a:1:{i:0;s:33:\"Bachelor\'s Degree in Architecture\";}', 'a:1:{i:0;s:28:\"8 hours of relevant training\";}', 'a:1:{i:0;s:29:\"1 year of relevant experience\";}', 'a:1:{i:0;s:7:\"RA 1080\";}', '2019-09-05 14:08:27'),
(34, 'Administrative Officer IV(Administrative Officer II)', 'SP-6', 16, '16', '0000-00-00', '2019-09-27', 'a:1:{i:0;s:17:\"Bachelor\'s Degree\";}', 'a:1:{i:0;s:28:\"4 hours of relevant training\";}', 'a:1:{i:0;s:29:\"1 year of relevant experience\";}', 'a:1:{i:0;s:27:\"CS-Professional (2nd Level)\";}', '2019-09-11 10:42:35'),
(35, 'Administrative Officer V(Administrative Officer III)', 'CNR-2.1', 13, '13', '0000-00-00', '0000-00-00', 'a:1:{i:0;s:17:\"Bachelor\'s Degree\";}', 'a:1:{i:0;s:28:\"8 hours of relevant training\";}', 'a:1:{i:0;s:30:\"2 years of relevant experience\";}', 'a:1:{i:0;s:27:\"CS-Professional (2nd Level)\";}', '2019-09-19 16:15:23'),
(36, 'Environmental Management Specialist I', 'CNR-2.2', 11, '13', '0000-00-00', '0000-00-00', 'a:1:{i:0;s:17:\"Bachelor\'s Degree\";}', 'a:1:{i:0;s:13:\"None Required\";}', 'a:1:{i:0;s:13:\"None Required\";}', 'a:1:{i:0;s:27:\"CS-Professional (2nd Level)\";}', '2019-09-19 16:45:41');

-- --------------------------------------------------------

--
-- Table structure for table `si_child`
--

CREATE TABLE `si_child` (
  `si_idC` int(11) NOT NULL,
  `mfo_idC` int(11) NOT NULL,
  `SI_desc` text NOT NULL,
  `Q` text NOT NULL,
  `E` text NOT NULL,
  `T` text NOT NULL,
  `incharge` varchar(255) NOT NULL
) ENGINE=InnoDB DEFAULT CHARSET=latin1;

--
-- Dumping data for table `si_child`
--

INSERT INTO `si_child` (`si_idC`, `mfo_idC`, `SI_desc`, `Q`, `E`, `T`, `incharge`) VALUES
(1, 1, 'Actual budget utilization (next preceeding year) per office prepared accurately and available on May 22, 2018', '5- No error\n4-1 error\n3-2 error\n2 - 3 error\n1- 4 or more error\n								', '', '5 - available on or before deadline\n2 - available after deadline', '1360'),
(2, 2, 'PS Limitation computed accurately & available on May 31, 2018', '5- No error\n4-1 error\n3-2 error\n2 - 3 error\n1- 4 or more error\n								', '', '5 - Available on or before deadline\n2 - available after deadline', '1360'),
(4, 3, 'Budget Ceiling prepared accurately & available on April 10, 2019', '5- No error\n4-1 error\n3-2 error\n2 - 3 error\n1- 4 or more error\n								', '', '5 - available on or before deadline\n2 - available after deadline', '1360'),
(5, 4, 'PS Budgetary requirement for the ensuing  budget year prepared accurately and available on April 10, 2018', '5- No error\n4-1 error\n3-2 error\n2 - 3 error\n1- 4 or more error\n								', '', '5 - available on or before deadline\n2 - available after deadline\n', '1708'),
(6, 5, 'Annual Budget CY 2018 Cover Designed and Printed submitted before October 16, 2018', '5- No error\n4-1 error\n3-2 error\n2 - 3 error\n1- 4 or more error\n								', '', '5 - submitted on or before deadline\n2 - submitted after deadline', '212'),
(7, 6, 'Powerpoint presentation prepared and ready before budget hearing', '5- No error\n2 - with error\n\n								', '', '5 - ready a day before schedule budget hearing\n2 - ready on the day of scheduled budget hearing', '212'),
(8, 7, 'Actual budget utilization per office prepared accurately & available on May 22.\n\n\n', '5- No error\n4-1 error\n3-2 error\n2 - 3 error\n1- 4 or more error\n								', '', '5- available on or before deadline\n2 - available after deadline\n', '1360'),
(9, 8, 'PS Limitation computed accurately & available on May 31.\n\n', '5 - no error\n4 - 1 minor error\n3 - 2 or more minor errors\n2 - 1 major error\n1 - 2 or more major errors\n', '', '5- available on or before deadline\n2 - available after deadline\n', '1360'),
(10, 9, 'Budget Ceiling Prepared Accurately &\nAvailable on April 10\n', '5 - no error\n4 - 1 minor error\n3 - 2 or more minor errors\n2 - 1 major error\n1 - 2 or more major errors\n\n								', '', '5- available on or before deadline\n2 - available after deadline\n', '1360'),
(11, 10, 'PS Budgetary requirement for the ensuing budget year prepared accurately and available on April 10\n\n\n', '5 - no error\n4 - 1 minor error\n3 - 2 or more minor errors\n2 - 1 major error\n1 - 2 or more major errors\n\n								', '', '5-available on or before deadline\n2-available after deadline\n', '1708'),
(12, 11, 'Minutes prepared with no revision in 3 working days from the conduct of meeting\n\n', '5 - no error\n4 - 1 minor error\n3 - 2 or more minor errors\n2 - 1 major error\n1 - 2 or more major errors\n\n								', '5 - all meetings with minutes\n2 - incomplete minutes\n', '5 - available on or before deadline\n2- available after deadline\n', '1360'),
(13, 12, 'Annual Budget CY 2020 Cover Designed and Printed accurately; Submitted on or before September 30\n\n\n\n', '5 - no error\n4 - 1 minor error\n3 - 2 or more minor errors\n2 - 1 major error\n1 - 2 or more major errors\n\n								', '', '5-submitted on or before deadline\n2-submitted after deadline\n', '212'),
(14, 13, 'Powerpoint presentation prepared accurately & ready before Budget hearing.\n\n', '5 - no error\n4 - 1 minor error\n3 - 2 or more minor errors\n2 - 1 major error\n1 - 2 or more major errors\n\n								', '', '5-ready a day before scheduled budget hearing\n\n2-ready on the day of scheduled budget hearing\n\n', '212'),
(17, 14, 'Annual Budget Message encoded accurately in 3 days from receipt of draft.\n\n', '5 - no error\n4 - 1 minor error\n3 - 2 or more minor errors\n2 - 1 major error\n1 - 2 or more major errors\n\n								', '', '5 - on or before deadline\n2 - after deadline\n', '212'),
(18, 15, 'Annual Budget proposals consolidated accurately & available 15 working days after budget hearing\n\n\n', '5 - no error\n4 - 1 minor error\n3 - 2 or more minor errors\n2 - 1 major error\n1 - 2 or more major errors\n\n								', '', '5- available on or before deadline\n2-available after deadline\n', '1708'),
(19, 16, 'LBP Form #1 prepared accurately and available\non or before deadline\n\nLBP Form #6 prepared accurately and available\non or before deadline\n\nLBP Form #7 prepared accurately and available\non or before deadline\n\nLBP Form #2 prepared accurately and available\non or before deadline\n', '5 - no error\n4 - 1 minor error\n3 - 2 or more minor errors\n2 - 1 major error\n1 - 2 or more major errors\n\n								', '', '5- available on or before deadline\n2-available after deadline', '1708'),
(20, 16, 'LBP Form #2a prepared accurately and available\non or before deadline\n', '5 - no error\n4 - 1 minor error\n3 - 2 or more minor errors\n2 - 1 major error\n1 - 2 or more major errors\n\n								', '', '5- available on or before deadline\n2-available after deadline\n', '1360'),
(21, 16, 'LBP Form #4 prepared accurately and available\non or before deadline\n', '5 - no error\n4 - 1 minor error\n3 - 2 or more minor errors\n2 - 1 major error\n1 - 2 or more major errors\n\n								', '', '5- available on or before deadline\n2-available after deadline\n', '212'),
(22, 17, 'Local Expenditure Program prepared accurately & available on or before deadline.\n', '5 - no error\n4 - 1 minor error\n3 - 2 or more minor errors\n2 - 1 major error\n1 - 2 or more major errors\n\n								', '', '5-Available on or before deadline\n2-Available after deadline', '1708'),
(23, 18, 'Accurate Annual Budget Completed submitted on October 16.\n\n', '5 - no error\n4 - 1 minor error\n3 - 2 or more minor errors\n2 - 1 major error\n1 - 2 or more major errors\n				', '', '5- Submitted on or before deadline\n2- Submitted after deadline', '1360,212,1708'),
(24, 19, 'Registry of supplemental budget requests maintained accurately and updated in 3 working days upon receipt of source documents\n\n\n', '5 - no error\n4 - 1 minor error\n3 - 2 or more minor errors\n2 - 1 major error\n1 - 2 or more major errors\n\n								', '', '5 - updated in three days\n2 - updated after three days\n', '1708'),
(25, 20, 'Registry of available sources of funds maintained accurately and updated in 3 working days upon receipt of source document.\n\n\n', '5 - no error\n4 - 1 minor error\n3 - 2 or more minor errors\n2 - 1 major error\n1 - 2 or more major errors\n\n								', '', '5 - updated in three days\n2 - updated after three days', '1708'),
(26, 21, 'Request for supplemental budget prepared accurately & 100% of supporting documents attached.\n\n\n', '5- No error\n4- 1 error\n3- 2 errors\n2- 3 errors\n1- more than 3 errors\n\n								', '5 - 100% supporting documents attached\n2- lacking 1 or more documents', '', '1708'),
(27, 22, 'LBPF # 8 accurately prepared 3 hrs. from receipt of the AIP', '5 - no error\n4 - 1 minor error\n3 - 2 or more minor errors\n2 - 1 major error\n1 - 2 or more major errors\n\n								', '', '5 - prepared on or before deadline\n2 - prepared after deadline', '1360'),
(28, 22, 'LBPF # 9 accurately prepared 3 hrs. from receipt of the AIP\n', '5 - no error\n4 - 1 minor error\n3 - 2 or more minor errors\n2 - 1 major error\n1 - 2 or more major errors\n								', '', '5 - prepared on or before deadline\n2 - prepared after deadline', '1360'),
(29, 23, '100% supplemental budgets are supported with funds and complete accurate documents and resubmitted to SP 3 working days from receipt of Appropriation Ordinance.\n\n\n\n', '5 - no error\n4 - 1 minor error\n3 - 2 or more minor errors\n2 - 1 major error\n1 - 2 or more major errors\n								', '5-All SBs supported with funds \n4-1 SB not supported\n3-2 SBs not supported \n2-3 SBs not supported \n1-4 SBs or more not supported ', '5 -resubmitted on or before deadline\n2 - resubmitted after deadline', '1360'),
(30, 24, 'Approved supplemental budgets with complete & accurate supporting documents are disseminated to concerned offices in 3 working days from receipt of the appropriation ordinance.', '5 - no error\n4 - 1 minor error\n3 - 2 or more minor errors\n2 - 1 major error\n								', '', '5 - disseminated on or before deadline\n2 - disseminated after deadline', '1360'),
(31, 25, 'POWs, RDs & PPMP reviewed accurately in 8 hours from receipt of complete documents.\n\n', '5 - no error\n4 - 1 minor error\n3 - 2 or more minor errors\n2 - 1 major error\n1 - 2 or more major errors\n								', '', '5  - Reviewed on or before deadline\n2 - Reviewed after deadline', '1877'),
(32, 25, '100% of POWs are accurately numbered & recorded in the registry.', '5 - no error\n4 - 1 minor error\n3 - 2 or more minor errors\n2 - 1 major error\n1 - 2 or more major errors\n								', '5 - All POWs numbered & recorded in the registry.\n4 - 1  POW not numbered and recorded\n3  -2  POWs not numbered and recorded\n2 - 3  POWs not numbered and recorded\n1  - 4 POWs or more are not numbered and recorded', '', '1877'),
(33, 26, 'Allotment Release Order Issued Accurately                               \n a) on or before the start of the current year (annual budget)\n\n', '5 - no error\n4 - 1 minor error\n3 - 2 or more minor errors\n2 - 1 major error\n1 - 2 or more major errors\n								', '', '5- Issued on the day received\n2- Issued after deadline', '1877'),
(34, 26, 'b) on the day approved request was received (supplemental budget)', '5 - no error\n4 - 1 minor error\n3 - 2 or more minor errors\n2 - 1 major error\n1 - 2 or more major errors\n								', '', '5- Issued on the day received\n2- Issued after deadline', '1877'),
(35, 26, '100% of AROs are posted and recorded in the registry accurately.', '5 - no error\n4 - 1 minor error\n3 - 2 or more minor errors\n2 - 1 major error\n1 - 2 or more major errors\n								', '5-100% of AROs are posted and recorded in the registry.\n4-1 ARO not posted or recorded in the registry\n3-2 AROs not posted or recorded in the registry\n2-3 AROs not posted or recorded in the registry\n1- 4 or more AROs not posted or recorded in the registry', '', '1877'),
(36, 26, '100% of AROs are posted in 3 conspicuous places in the LGU  within 20 days from the release of the allotment.', '', '5-100% of AROs are posted in 3 conspicuous places in the LGU\n4-1 ARO not posted.\n3-2 AROs not posted.\n2-3 AROs not posted.\n1-4 AROs or more not posted.', '5- Posted on or before deadline\n2- Posted after deadline', '1877'),
(37, 27, 'Summary of Financial and Physical Performance Target prepared accurately and posted in 3 conspicuous places in the LGU 20 days after the end of 1st quarter of the current year.', '5 - no error\n4 - 1 minor error\n3 - 2 or more minor errors\n2 - 1 major error\n1 - 2 or more major errors\n								', '', '5- Posted on or before deadline\n2- Posted after deadline\n', '1877'),
(38, 28, 'Amended/revised POWs, RDs & PPMP reviewed accurately in 8 hours from receipt of complete documents', '5 - no error\n4 - 1 minor error\n3 - 2 or more minor errors\n2 - 1 major error\n1 - 2 or more major errors\n								', '', '5  - Reviewed on or before deadline\n2  - Reviewed after deadline', '1877'),
(39, 29, 'asd', '5- No error\n4-1 error\n3-2 error\n2 - 3 error\n1- 4 or more error\n								', '', '', '819'),
(40, 32, 'bnjb', '5- No error\n4-1 error\n3-2 error\n2 - 3 error\n1- 4 or more error\n								', '', '', '1360,1410'),
(41, 32, 'hjh', '5- No error\n4-1 error\n3-2 error\n2 - 3 error\n1- 4 or more error\n								', '', '', '1292'),
(42, 32, 'xdfdf', '5- No error\n4-1 error\n3-2 error\n2 - 3 error\n1- 4 or more error\n								', '', '', '1292');

-- --------------------------------------------------------

--
-- Table structure for table `si_parent`
--

CREATE TABLE `si_parent` (
  `SI_idP` int(11) NOT NULL,
  `mfo_subP_id` int(11) NOT NULL,
  `SI_desc` text NOT NULL,
  `Q` text NOT NULL,
  `E` text NOT NULL,
  `T` text NOT NULL,
  `incharge` varchar(255) NOT NULL
) ENGINE=InnoDB DEFAULT CHARSET=latin1;

--
-- Dumping data for table `si_parent`
--

INSERT INTO `si_parent` (`SI_idP`, `mfo_subP_id`, `SI_desc`, `Q`, `E`, `T`, `incharge`) VALUES
(1, 1, 'All budgetary requirements & limitations complied\n1.  20% EDF\n2.  5% CDRRMF\n3.  2% Discretionary Fund\n4.  GAD Mainstreaming (5%)\n5.  Confidential Fund Limitation\n6.  LCPC (1%)\n7.  Provision for Sr. Citizen / PWD\n8.  Provision for Statutory & Contractual Obligation\n9.  PS Limitation\nAB submitted to SP on October 02, 2018', '', '5 - all budgetary requirements / limitations complied\n\n2 - 1 or more not complied', '5 - submitted on or before deadline\n2 - submitted after deadline', '1292'),
(2, 3, 'All budgetary requirements & limitations complied \n1.) 20% EDF \n2.) 5% CDRRMF\n3.) 2% Discretionary Fund\n4.) GAD Mainstreaming (5%)\n5.) Confidential Fund Limitation\n6.) LCPC (1%)\n7.)  Provision for Sr. Citizen / PWD\n8.) Provision for Statutory& Contractual Obligation\n9.)PS Limitation\nAB submitted to SP on Oct. 16, 2019\n', '', '5 - all budgetary requirements/limitations complied\n2 - 1 or more not complied\n', '5 - submitted on or before deadline\n2 - submitted after deadline\n', '1292'),
(3, 4, '100% supplemental budgets are supported with funds & complete accurate documents and re-submitted to SP 3 working days from receipt of Appropriation Ordinance\n\n\n', '5 - no error\n4 - 1 minor error\n3 - 2 or more minor errors\n2 - 1 major error\n1 - 2 or more major errors\n', '5 - All SBs supported with funds\n4 - 1 SB not supported\n3 - 2 SBs not supported\n2 - 3 SBs not supportedp\n1 - 4 SBs or more not supported\n', '5 - resubmitted on or before deadline\n2 - resubmitted after deadline\n', '1292'),
(4, 7, 'Allotment Release Order reviewed accurately and signed on the day received.\n\n\n', '5 - no error\n4 - 1 minor error\n3 - 2 or more minor errors\n2 - 1 major error\n1 - 2 or more major errors', '5 - 96 - 100% signed on the day received\n4 - 91 - 95% signed on the day received\n3 - 86 - 90% signed on the day received\n2 - 81 - 85% signed on the day received\n1 - 80% or more signed on the day received\n', '5- Reviewed and signed on the day received\n2- Reviewed and signed on the day received\n', '1292'),
(5, 8, 'asd', 'asd', '', '', '164'),
(6, 10, 'jhghf', 'mjhgjhg', '', '', '164');

-- --------------------------------------------------------

--
-- Table structure for table `tna`
--

CREATE TABLE `tna` (
  `tna_id` int(11) NOT NULL,
  `department_id` int(11) NOT NULL,
  `manager_trs` longtext NOT NULL,
  `staff_trs` longtext NOT NULL,
  `all_trs` longtext NOT NULL,
  `tools` longtext NOT NULL
) ENGINE=InnoDB DEFAULT CHARSET=latin1;

--
-- Dumping data for table `tna`
--

INSERT INTO `tna` (`tna_id`, `department_id`, `manager_trs`, `staff_trs`, `all_trs`, `tools`) VALUES
(1, 1, 'a:4:{i:0;s:2:\"52\";i:1;s:2:\"53\";i:2;s:2:\"54\";i:3;s:2:\"55\";}', 'a:3:{i:0;s:2:\"52\";i:1;s:2:\"56\";i:2;s:2:\"53\";}', 'a:5:{i:0;s:2:\"57\";i:1;s:2:\"58\";i:2;s:2:\"59\";i:3;s:2:\"60\";i:4;s:2:\"61\";}', 'a:2:{i:0;s:19:\"Training Facilities\";i:1;s:55:\"Pre-evaluation and Post-evaluation Meetings/Conferences\";}'),
(2, 2, 'a:7:{i:0;s:2:\"52\";i:1;i:73;i:2;s:2:\"68\";i:3;i:74;i:4;i:75;i:5;s:2:\"67\";i:6;s:2:\"54\";}', 'a:10:{i:0;s:2:\"53\";i:1;i:76;i:2;i:77;i:3;i:78;i:4;s:2:\"51\";i:5;i:79;i:6;i:80;i:7;i:81;i:8;i:82;i:9;s:2:\"54\";}', 'a:7:{i:0;i:83;i:1;s:2:\"71\";i:2;s:2:\"51\";i:3;i:84;i:4;i:85;i:5;i:86;i:6;i:87;}', 'a:4:{i:0;s:13:\"Team Building\";i:1;s:11:\"Lakbay Aral\";i:2;s:15:\"Internet Access\";i:3;s:9:\"Computers\";}'),
(3, 3, 'a:2:{i:0;i:88;i:1;i:89;}', 'a:3:{i:0;i:90;i:1;i:91;i:2;i:92;}', 'a:13:{i:0;i:93;i:1;i:94;i:2;i:95;i:3;i:96;i:4;i:97;i:5;i:98;i:6;i:99;i:7;s:2:\"67\";i:8;i:100;i:9;i:101;i:10;i:102;i:11;i:103;i:12;i:104;}', 'a:1:{i:0;s:27:\"Advanced Technical Training\";}'),
(4, 12, 'a:5:{i:0;s:2:\"51\";i:1;s:2:\"68\";i:2;i:127;i:3;i:128;i:4;s:2:\"62\";}', 'a:1:{i:0;s:2:\"51\";}', 'a:9:{i:0;i:129;i:1;i:130;i:2;i:131;i:3;i:132;i:4;i:133;i:5;i:134;i:6;i:135;i:7;s:2:\"88\";i:8;s:2:\"67\";}', 'a:6:{i:0;s:13:\"Team Building\";i:1;s:8:\"Teamwork\";i:2;s:9:\"Computers\";i:3;s:41:\"Abled, Efficient, Less Problematic Server\";i:4;s:8:\"Manpower\";i:5;s:12:\"Xerox Copier\";}'),
(5, 4, 'a:14:{i:0;s:2:\"52\";i:1;s:2:\"97\";i:2;s:3:\"105\";i:3;s:2:\"53\";i:4;s:3:\"136\";i:5;s:3:\"107\";i:6;s:2:\"68\";i:7;s:2:\"51\";i:8;s:3:\"132\";i:9;s:3:\"108\";i:10;s:2:\"73\";i:11;s:2:\"54\";i:12;s:3:\"110\";i:13;s:3:\"137\";}', 'a:8:{i:0;s:2:\"53\";i:1;s:3:\"111\";i:2;s:2:\"56\";i:3;s:2:\"68\";i:4;s:2:\"52\";i:5;s:3:\"112\";i:6;s:3:\"108\";i:7;s:3:\"114\";}', 'a:20:{i:0;s:3:\"115\";i:1;s:3:\"116\";i:2;s:3:\"117\";i:3;s:3:\"118\";i:4;s:3:\"119\";i:5;s:3:\"120\";i:6;s:3:\"121\";i:7;s:3:\"122\";i:8;s:2:\"67\";i:9;s:3:\"123\";i:10;s:3:\"124\";i:11;s:3:\"125\";i:12;s:3:\"126\";i:13;s:2:\"68\";i:14;s:3:\"138\";i:15;s:3:\"139\";i:16;s:3:\"140\";i:17;s:2:\"76\";i:18;s:3:\"141\";i:19;s:3:\"142\";}', 'a:9:{i:0;s:15:\"Gardening Tools\";i:1;s:10:\"Motorcycle\";i:2;s:15:\"Computer/Laptop\";i:3;s:49:\"Vehicles (MC & 4-Wheels) for BAT\\\'s & Supervisors\";i:4;s:45:\"Like Gloves, Mask, Hand Cup or Head Protector\";i:5;s:8:\"PH Meter\";i:6;s:13:\"Refragrometer\";i:7;s:10:\"Soil Auger\";i:8;s:33:\"Laboratory Supplies and Materials\";}'),
(6, 5, 'a:4:{i:0;s:2:\"52\";i:1;i:143;i:2;s:2:\"49\";i:3;s:2:\"56\";}', 'a:3:{i:0;i:144;i:1;s:2:\"65\";i:2;s:2:\"68\";}', 'a:11:{i:0;s:2:\"52\";i:1;s:2:\"53\";i:2;i:145;i:3;s:2:\"59\";i:4;i:146;i:5;i:147;i:6;i:148;i:7;i:149;i:8;s:2:\"54\";i:9;i:150;i:10;s:2:\"51\";}', 'a:5:{i:0;s:18:\"In-House Trainings\";i:1;s:54:\"Regular Meeting & Updates on New Ideas about Functions\";i:2;s:8:\"Coaching\";i:3;s:33:\"Automated Budget Execution System\";i:4;s:19:\"Advanced Technology\";}'),
(7, 6, 'a:7:{i:0;s:2:\"88\";i:1;s:2:\"51\";i:2;s:3:\"132\";i:3;s:2:\"68\";i:4;s:3:\"124\";i:5;s:2:\"54\";i:6;s:2:\"73\";}', 'a:8:{i:0;s:2:\"88\";i:1;s:2:\"54\";i:2;s:2:\"51\";i:3;s:2:\"49\";i:4;s:2:\"76\";i:5;s:2:\"68\";i:6;i:151;i:7;i:152;}', 'a:19:{i:0;s:2:\"68\";i:1;i:153;i:2;i:154;i:3;i:155;i:4;i:156;i:5;s:2:\"53\";i:6;i:157;i:7;i:158;i:8;s:2:\"76\";i:9;i:159;i:10;s:2:\"49\";i:11;i:160;i:12;s:2:\"71\";i:13;i:161;i:14;i:162;i:15;i:163;i:16;i:164;i:17;i:165;i:18;i:166;}', 'a:5:{i:0;s:30:\"Preventive Maintenance Service\";i:1;s:43:\"Continuous paper and more improved software\";i:2;s:18:\"Traffic management\";i:3;s:34:\"Queuing System for Takay Personnel\";i:4;s:15:\"Office Supplies\";}'),
(8, 7, 'a:11:{i:0;i:167;i:1;i:168;i:2;s:3:\"133\";i:3;s:2:\"88\";i:4;i:169;i:5;s:3:\"155\";i:6;s:2:\"76\";i:7;s:2:\"53\";i:8;s:2:\"51\";i:9;i:170;i:10;s:2:\"68\";}', 'a:5:{i:0;s:3:\"169\";i:1;s:3:\"167\";i:2;s:3:\"155\";i:3;i:171;i:4;s:2:\"95\";}', 'a:11:{i:0;s:3:\"170\";i:1;i:172;i:2;i:173;i:3;i:174;i:4;i:175;i:5;s:2:\"49\";i:6;s:3:\"110\";i:7;i:176;i:8;i:177;i:9;i:178;i:10;i:179;}', 'a:2:{i:0;s:31:\"Mobilization/Motorcycle/Gadgets\";i:1;s:9:\"Computers\";}'),
(9, 8, 'a:7:{i:0;s:2:\"88\";i:1;s:2:\"67\";i:2;s:2:\"54\";i:3;i:180;i:4;i:181;i:5;s:2:\"76\";i:6;s:2:\"97\";}', 'a:4:{i:0;i:182;i:1;s:2:\"88\";i:2;s:3:\"180\";i:3;i:183;}', 'a:19:{i:0;i:184;i:1;s:2:\"53\";i:2;i:185;i:3;s:2:\"51\";i:4;i:186;i:5;i:187;i:6;i:188;i:7;i:189;i:8;i:190;i:9;i:191;i:10;i:192;i:11;i:193;i:12;i:194;i:13;i:195;i:14;s:2:\"68\";i:15;i:196;i:16;i:197;i:17;i:198;i:18;i:199;}', 'a:3:{i:0;s:34:\"Data base 9 Sex Disaggregated Data\";i:1;s:28:\"Staff Development Assessment\";i:2;s:13:\"Laptop/Camera\";}'),
(10, 9, 'a:12:{i:0;i:200;i:1;s:2:\"88\";i:2;s:2:\"97\";i:3;i:201;i:4;i:202;i:5;i:203;i:6;s:2:\"49\";i:7;s:2:\"68\";i:8;s:2:\"51\";i:9;s:2:\"53\";i:10;i:204;i:11;i:205;}', 'a:0:{}', 'a:11:{i:0;i:206;i:1;i:207;i:2;i:208;i:3;i:209;i:4;i:210;i:5;i:211;i:6;i:212;i:7;i:213;i:8;i:214;i:9;i:215;i:10;i:216;}', 'a:0:{}'),
(11, 10, 'a:0:{}', 'a:0:{}', 'a:7:{i:0;s:2:\"88\";i:1;i:217;i:2;i:218;i:3;i:219;i:4;s:2:\"76\";i:5;s:3:\"163\";i:6;i:220;}', 'a:0:{}'),
(12, 11, 'a:10:{i:0;s:3:\"221\";i:1;s:2:\"88\";i:2;s:3:\"222\";i:3;s:2:\"51\";i:4;s:2:\"97\";i:5;s:3:\"223\";i:6;s:3:\"224\";i:7;s:3:\"225\";i:8;s:2:\"69\";i:9;s:2:\"53\";}', 'a:6:{i:0;s:3:\"226\";i:1;s:3:\"227\";i:2;s:3:\"228\";i:3;s:3:\"229\";i:4;s:3:\"230\";i:5;s:2:\"49\";}', 'a:24:{i:0;s:3:\"231\";i:1;s:3:\"232\";i:2;s:3:\"233\";i:3;s:3:\"234\";i:4;s:2:\"68\";i:5;s:3:\"235\";i:6;s:3:\"236\";i:7;s:2:\"67\";i:8;s:3:\"237\";i:9;s:3:\"238\";i:10;s:3:\"239\";i:11;s:3:\"240\";i:12;s:3:\"241\";i:13;s:3:\"242\";i:14;s:3:\"243\";i:15;s:3:\"244\";i:16;s:3:\"245\";i:17;s:3:\"246\";i:18;s:3:\"247\";i:19;s:3:\"248\";i:20;s:3:\"249\";i:21;i:250;i:22;i:251;i:23;i:252;}', 'a:4:{i:0;s:13:\"Communication\";i:1;s:14:\"Transportation\";i:2;s:9:\"Computers\";i:3;s:25:\"More Healthcare Equipment\";}'),
(13, 13, 'a:8:{i:0;s:2:\"88\";i:1;s:2:\"51\";i:2;s:2:\"76\";i:3;s:2:\"69\";i:4;s:2:\"67\";i:5;s:3:\"253\";i:6;s:2:\"49\";i:7;s:3:\"124\";}', 'a:4:{i:0;s:3:\"192\";i:1;s:2:\"70\";i:2;s:3:\"254\";i:3;s:2:\"68\";}', 'a:22:{i:0;s:3:\"232\";i:1;s:3:\"255\";i:2;s:3:\"256\";i:3;s:3:\"257\";i:4;s:3:\"258\";i:5;s:3:\"259\";i:6;s:2:\"88\";i:7;s:2:\"86\";i:8;s:3:\"260\";i:9;s:3:\"261\";i:10;s:3:\"262\";i:11;i:263;i:12;i:264;i:13;i:265;i:14;i:266;i:15;i:267;i:16;s:3:\"105\";i:17;s:2:\"69\";i:18;i:268;i:19;i:269;i:20;i:270;i:21;s:2:\"68\";}', 'a:4:{i:0;s:32:\"Visualize Procedure and Policies\";i:1;s:19:\"Computerized System\";i:2;s:14:\"Transportation\";i:3;s:14:\"More Equipment\";}'),
(14, 14, 'a:0:{}', 'a:0:{}', 'a:6:{i:0;s:3:\"271\";i:1;s:3:\"272\";i:2;s:2:\"53\";i:3;s:3:\"273\";i:4;s:3:\"274\";i:5;s:3:\"275\";}', 'a:3:{i:0;s:46:\"LGU Internet and Communication Systems Upgrade\";i:1;s:36:\"Database Systems (document-oriented)\";i:2;s:16:\"PCs and Printers\";}'),
(15, 15, 'a:7:{i:0;i:276;i:1;s:2:\"51\";i:2;s:2:\"88\";i:3;i:277;i:4;s:2:\"73\";i:5;s:2:\"49\";i:6;s:2:\"68\";}', 'a:5:{i:0;s:2:\"88\";i:1;s:2:\"69\";i:2;s:2:\"51\";i:3;i:278;i:4;s:2:\"53\";}', 'a:24:{i:0;s:3:\"232\";i:1;i:279;i:2;i:280;i:3;i:281;i:4;i:282;i:5;i:283;i:6;i:284;i:7;i:285;i:8;i:286;i:9;s:3:\"100\";i:10;i:287;i:11;i:288;i:12;i:289;i:13;i:290;i:14;i:291;i:15;i:292;i:16;i:293;i:17;s:2:\"60\";i:18;s:2:\"76\";i:19;s:3:\"192\";i:20;i:294;i:21;i:295;i:22;s:3:\"104\";i:23;i:296;}', 'a:3:{i:0;s:13:\"Team Building\";i:1;s:19:\"Constant Monitoring\";i:2;s:30:\"Projector and Projector Screen\";}'),
(16, 16, 'a:6:{i:0;s:2:\"88\";i:1;i:297;i:2;s:3:\"200\";i:3;s:2:\"51\";i:4;s:2:\"68\";i:5;s:2:\"53\";}', 'a:1:{i:0;s:2:\"53\";}', 'a:10:{i:0;s:3:\"232\";i:1;s:2:\"51\";i:2;i:298;i:3;i:299;i:4;s:2:\"67\";i:5;s:2:\"53\";i:6;s:2:\"59\";i:7;i:300;i:8;i:301;i:9;i:302;}', 'a:1:{i:0;s:30:\"Organizational Management Tool\";}'),
(17, 17, 'a:5:{i:0;s:2:\"53\";i:1;i:303;i:2;i:304;i:3;s:2:\"54\";i:4;s:2:\"51\";}', 'a:3:{i:0;s:2:\"53\";i:1;s:2:\"67\";i:2;s:2:\"51\";}', 'a:15:{i:0;s:2:\"54\";i:1;i:305;i:2;i:306;i:3;i:307;i:4;s:3:\"232\";i:5;s:3:\"132\";i:6;i:308;i:7;s:2:\"68\";i:8;s:2:\"88\";i:9;i:309;i:10;i:310;i:11;i:311;i:12;i:312;i:13;i:313;i:14;i:314;}', 'a:4:{i:0;s:23:\"Feedback and Monitoring\";i:1;s:38:\"Community Mobilization and involvement\";i:2;s:21:\"Tie ups and linkaging\";i:3;s:70:\"Resources coming from partner agencies, coops, association and persons\";}'),
(18, 18, 'a:11:{i:0;s:2:\"51\";i:1;s:2:\"88\";i:2;i:315;i:3;i:316;i:4;s:2:\"73\";i:5;s:3:\"132\";i:6;s:3:\"124\";i:7;s:2:\"54\";i:8;s:2:\"69\";i:9;s:2:\"97\";i:10;s:2:\"68\";}', 'a:8:{i:0;s:2:\"88\";i:1;s:2:\"51\";i:2;s:2:\"71\";i:3;i:317;i:4;s:3:\"124\";i:5;s:3:\"132\";i:6;i:318;i:7;i:319;}', 'a:21:{i:0;s:3:\"243\";i:1;i:320;i:2;i:321;i:3;i:322;i:4;i:323;i:5;i:324;i:6;i:325;i:7;i:326;i:8;i:327;i:9;s:3:\"199\";i:10;i:328;i:11;i:329;i:12;i:330;i:13;s:2:\"51\";i:14;i:331;i:15;s:3:\"145\";i:16;s:3:\"162\";i:17;s:3:\"133\";i:18;i:332;i:19;s:2:\"76\";i:20;i:333;}', 'a:0:{}'),
(19, 19, 'a:7:{i:0;s:3:\"124\";i:1;s:2:\"54\";i:2;s:2:\"88\";i:3;s:2:\"97\";i:4;i:334;i:5;i:335;i:6;i:336;}', 'a:6:{i:0;s:2:\"51\";i:1;i:337;i:2;s:2:\"88\";i:3;s:2:\"53\";i:4;s:3:\"151\";i:5;s:2:\"76\";}', 'a:11:{i:0;i:338;i:1;s:3:\"334\";i:2;s:2:\"70\";i:3;i:339;i:4;s:3:\"145\";i:5;i:340;i:6;i:341;i:7;i:342;i:8;s:2:\"89\";i:9;i:343;i:10;i:344;}', 'a:1:{i:0;s:13:\"Team Building\";}'),
(20, 20, 'a:5:{i:0;i:345;i:1;i:346;i:2;s:3:\"132\";i:3;s:3:\"182\";i:4;s:2:\"88\";}', 'a:7:{i:0;i:347;i:1;s:3:\"294\";i:2;s:2:\"70\";i:3;i:348;i:4;s:3:\"257\";i:5;i:349;i:6;i:350;}', 'a:17:{i:0;i:351;i:1;i:352;i:2;i:353;i:3;i:354;i:4;i:355;i:5;i:356;i:6;i:357;i:7;i:358;i:8;i:359;i:9;i:360;i:10;s:3:\"232\";i:11;s:2:\"95\";i:12;s:2:\"68\";i:13;i:361;i:14;s:2:\"97\";i:15;s:2:\"73\";i:16;i:362;}', 'a:5:{i:0;s:60:\"Computers, Mobile Phones, VHF Radios, Rescue Equipment, etc.\";i:1;s:8:\"Vehicles\";i:2;s:29:\"Personal Protective Equipment\";i:3;s:21:\"Computers and Laptops\";i:4;s:17:\"Medical Equipment\";}'),
(21, 21, 'a:10:{i:0;s:2:\"97\";i:1;s:2:\"88\";i:2;i:363;i:3;i:364;i:4;s:2:\"86\";i:5;s:2:\"69\";i:6;s:2:\"54\";i:7;i:365;i:8;s:3:\"132\";i:9;s:2:\"51\";}', 'a:6:{i:0;i:366;i:1;i:367;i:2;i:368;i:3;i:369;i:4;i:370;i:5;s:2:\"53\";}', 'a:11:{i:0;s:3:\"177\";i:1;i:371;i:2;i:372;i:3;s:3:\"232\";i:4;i:373;i:5;i:374;i:6;s:2:\"56\";i:7;i:375;i:8;s:2:\"59\";i:9;s:3:\"243\";i:10;i:376;}', 'a:3:{i:0;s:14:\"Air Compressor\";i:1;s:28:\"Tools and Equipment Mechanic\";i:2;s:21:\"Telephone/Fax Machine\";}'),
(22, 22, 'a:7:{i:0;s:2:\"88\";i:1;s:2:\"76\";i:2;s:3:\"363\";i:3;s:2:\"54\";i:4;s:3:\"132\";i:5;s:2:\"69\";i:6;s:2:\"51\";}', 'a:4:{i:0;s:2:\"51\";i:1;s:2:\"73\";i:2;s:2:\"69\";i:3;s:2:\"88\";}', 'a:11:{i:0;i:377;i:1;s:2:\"76\";i:2;s:2:\"51\";i:3;s:3:\"132\";i:4;s:3:\"363\";i:5;i:378;i:6;i:379;i:7;i:380;i:8;s:3:\"232\";i:9;s:3:\"276\";i:10;i:381;}', 'a:1:{i:0;s:18:\"Cleaning Equipment\";}'),
(23, 23, 'a:4:{i:0;s:2:\"88\";i:1;i:382;i:2;i:383;i:3;i:384;}', 'a:0:{}', 'a:11:{i:0;s:3:\"151\";i:1;s:3:\"384\";i:2;i:385;i:3;s:2:\"51\";i:4;s:3:\"366\";i:5;s:3:\"132\";i:6;i:386;i:7;i:387;i:8;i:388;i:9;s:2:\"71\";i:10;s:3:\"163\";}', 'a:2:{i:0;s:14:\"Computer Units\";i:1;s:17:\"Computer Software\";}'),
(24, 28, 'a:4:{i:0;s:2:\"52\";i:1;s:2:\"53\";i:2;s:2:\"54\";i:3;s:2:\"55\";}', 'a:3:{i:0;s:2:\"52\";i:1;s:2:\"56\";i:2;s:2:\"53\";}', 'a:5:{i:0;s:2:\"57\";i:1;s:2:\"58\";i:2;s:2:\"59\";i:3;s:2:\"60\";i:4;s:2:\"61\";}', 'a:2:{i:0;s:19:\"Training Facilities\";i:1;s:55:\"Pre-evaluation and Post-evaluation Meetings/Conferences\";}');

-- --------------------------------------------------------

--
-- Table structure for table `tna_tools`
--

CREATE TABLE `tna_tools` (
  `tna_tool_id` int(11) NOT NULL,
  `tool` text NOT NULL
) ENGINE=InnoDB DEFAULT CHARSET=latin1;

-- --------------------------------------------------------

--
-- Table structure for table `trainingeval`
--

CREATE TABLE `trainingeval` (
  `evalId` bigint(20) NOT NULL,
  `training_id` int(11) NOT NULL,
  `training_date` date NOT NULL,
  `dateTimeAdded` datetime NOT NULL,
  `subj_matter_1_rating` tinyint(4) NOT NULL COMMENT 'Rating for Interesting',
  `subj_matter_2_rating` tinyint(4) NOT NULL COMMENT 'Rating for  Relevant to my Job',
  `subj_matter_3_rating` tinyint(4) NOT NULL COMMENT 'Rating for Easy to understand',
  `subj_matter_4_rating` tinyint(4) NOT NULL COMMENT 'Rating for Appropriate to course objectives',
  `subj_matter_comment` longtext COLLATE utf8_swedish_ci NOT NULL,
  `presentation_1_rating` tinyint(4) NOT NULL COMMENT 'Rating for Length of Activity',
  `presentation_2_rating` tinyint(4) NOT NULL COMMENT 'Rating for Sequence of Topics',
  `presentation_3_rating` tinyint(4) NOT NULL COMMENT 'Rating for Visual/Training Aids used',
  `presentation_4_rating` tinyint(4) NOT NULL COMMENT 'Rating for Group/Individual Exercise',
  `presentation_5_rating` tinyint(4) NOT NULL COMMENT 'Rating for Methods used were appropriate and helpful',
  `presentation_comment` longtext COLLATE utf8_swedish_ci NOT NULL,
  `resource_pip_1_rating` tinyint(4) NOT NULL COMMENT 'Rating for Knowledge of the subject matter',
  `resource_pip_2_rating` tinyint(4) NOT NULL COMMENT 'Rating for Style of Presentation',
  `resource_pip_3_rating` tinyint(4) NOT NULL COMMENT 'Rating for Clarity of presentation',
  `resource_pip_4_rating` tinyint(4) NOT NULL COMMENT 'Rating for Sensitivity to participant''s needs/questions',
  `resource_pip_5_rating` tinyint(4) NOT NULL COMMENT 'Rating for Effective overall',
  `resource_pip_comment` longtext COLLATE utf8_swedish_ci NOT NULL,
  `administrative_1_rating` tinyint(4) NOT NULL COMMENT 'Rating for Secretariat/Traning Staff',
  `administrative_2_rating` tinyint(4) NOT NULL COMMENT 'Rating for Registration Procedures',
  `administrative_3_rating` tinyint(4) NOT NULL COMMENT 'Rating for Venue is conducive to venue',
  `administrative_4_rating` tinyint(4) NOT NULL COMMENT 'Rating for Facilities',
  `administrative_comment` longtext COLLATE utf8_swedish_ci NOT NULL,
  `overall_ass_1` tinyint(4) NOT NULL COMMENT 'This training helped me do a better job in the office',
  `overall_ass_2` tinyint(4) NOT NULL COMMENT 'This seminar helped me identify areas I need to develop',
  `overall_ass_3` tinyint(4) NOT NULL COMMENT 'The seminar was worthy of my time',
  `overall_ass_4` tinyint(4) NOT NULL COMMENT 'The program as a whole was a worthwhile educational experience',
  `overall_ass_5` tinyint(4) NOT NULL COMMENT 'Overall, the seminar was effective',
  `assessment_1` longtext COLLATE utf8_swedish_ci NOT NULL COMMENT ' What was the high point of the whole learning experience?',
  `assessment_2` longtext COLLATE utf8_swedish_ci NOT NULL COMMENT 'What major benefit/s you received from this training/workshop?',
  `assessment_3` longtext COLLATE utf8_swedish_ci NOT NULL COMMENT 'In what specific ways this training/workshop can be improved?',
  `assessment_4` longtext COLLATE utf8_swedish_ci NOT NULL COMMENT 'What other trainings you want HRMO to conduct to make you become more competent in your job?',
  `assessment_5` longtext COLLATE utf8_swedish_ci NOT NULL COMMENT 'Other comments and suggestions:'
) ENGINE=InnoDB DEFAULT CHARSET=utf8 COLLATE=utf8_swedish_ci;

-- --------------------------------------------------------

--
-- Table structure for table `trainings`
--

CREATE TABLE `trainings` (
  `training_id` int(11) NOT NULL,
  `training` varchar(255) COLLATE utf8_swedish_ci NOT NULL,
  `dateAdded` datetime NOT NULL
) ENGINE=InnoDB DEFAULT CHARSET=utf8 COLLATE=utf8_swedish_ci;

--
-- Dumping data for table `trainings`
--

INSERT INTO `trainings` (`training_id`, `training`, `dateAdded`) VALUES
(35, 'Team Building Seminar - Workshop', '2018-10-10 08:11:06'),
(40, 'Technical Writing Seminar - Workshop', '2018-10-10 13:08:18'),
(41, 'Leadership Development Programme', '2018-10-10 15:45:37'),
(42, 'New Employees Orientation & Values Formation Seminar', '2018-10-22 09:56:59'),
(47, 'Positive Attitude in the Workplace Seminar - Workshop', '2018-10-22 10:07:40'),
(49, 'Strategic Planning Workshop', '2018-10-23 08:00:00'),
(51, 'Customer Service Seminar - Workshop', '2018-10-23 08:00:00'),
(52, 'Leadership and Team Management', '2019-03-06 11:17:29'),
(53, 'Technical and Report Writing', '2019-03-06 11:17:29'),
(54, 'Innovation Management', '2019-03-06 11:17:29'),
(55, 'Advanced Management/Strategic Management', '2019-03-06 11:17:29'),
(56, 'Customer Service/Frontline/Interpersonal', '2019-03-06 11:17:29'),
(57, 'New System/Technology Training (HRIS, NGAS, LACE)', '2019-03-06 11:17:29'),
(58, 'Strategic Management/Planning', '2019-03-06 11:17:29'),
(59, 'Records Keeping', '2019-03-06 11:17:29'),
(60, 'Science of Consciousness', '2019-03-06 11:17:29'),
(61, 'Public Governance/Government Public Enterprise Skills', '2019-03-06 11:17:29'),
(62, 'Building Effective Teams', '2019-03-14 09:11:09'),
(63, 'New Employees Orientation Seminar', '2019-03-14 09:14:16'),
(64, 'Developing Leadership and Team Management Skills', '2019-03-14 09:38:18'),
(65, 'Employee Engagement', '2019-03-14 09:39:35'),
(66, 'Creativity and Innovation in the Workplace', '2019-03-14 09:40:59'),
(67, 'Process Improvement Workshop', '2019-03-14 09:41:39'),
(68, 'Financial Management', '2019-03-14 09:46:20'),
(69, 'Problem Solving Workshop', '2019-03-14 09:47:10'),
(70, 'Technical Writing', '2019-03-14 09:48:56'),
(71, '7 Habits of Highly Effective People', '2019-03-14 09:49:40'),
(72, 'TESTING', '2019-03-14 10:00:37'),
(73, 'Objective Setting', '2019-03-18 10:12:28'),
(74, 'Employee Motivation', '2019-03-18 10:12:28'),
(75, 'Rewards/Good Performance Recognition', '2019-03-18 10:12:28'),
(76, 'Conflict Management', '2019-03-18 10:12:28'),
(77, 'PR System', '2019-03-18 10:12:28'),
(78, 'Character', '2019-03-18 10:12:28'),
(79, 'RA 9184/Procurement', '2019-03-18 10:12:28'),
(80, 'Tax Rules', '2019-03-18 10:12:28'),
(81, 'Inventory Warehousing/Recording', '2019-03-18 10:12:28'),
(82, 'Financial Statement Preparation & Cashiering', '2019-03-18 10:12:28'),
(83, 'Supplies Inventory', '2019-03-18 10:12:28'),
(84, 'Basic Accounting Rules', '2019-03-18 10:12:28'),
(85, 'BIR Remittances', '2019-03-18 10:12:28'),
(86, 'Clerical Training', '2019-03-18 10:12:28'),
(87, 'PPSAS Training', '2019-03-18 10:12:28'),
(88, 'Team Management and Leadership Skills', '2019-03-18 10:16:59'),
(89, 'Monitoring and Evaluation', '2019-03-18 10:16:59'),
(90, 'Technical Course', '2019-03-18 10:16:59'),
(91, 'Structured Programming', '2019-03-18 10:16:59'),
(92, 'Language-Based Programming Courses', '2019-03-18 10:16:59'),
(93, 'Latest Technologies and Techniques', '2019-03-18 10:16:59'),
(94, 'ETRACS-based platform training', '2019-03-18 10:16:59'),
(95, 'Information Technology', '2019-03-18 10:16:59'),
(96, 'Server Configuration', '2019-03-18 10:16:59'),
(97, 'Project Management', '2019-03-18 10:16:59'),
(98, 'System Designing', '2019-03-18 10:16:59'),
(99, 'Advanced Computer Programming', '2019-03-18 10:16:59'),
(100, 'Records Management', '2019-03-18 10:16:59'),
(101, 'Graphics Designing', '2019-03-18 10:16:59'),
(102, 'Visual Aid Preparation', '2019-03-18 10:16:59'),
(103, 'Video Processing', '2019-03-18 10:16:59'),
(104, 'Lean Management Training', '2019-03-18 10:16:59'),
(105, 'Food Processing', '2019-03-18 10:52:03'),
(106, 'PCPA Accredited  Training Provider/Tax Seminar', '2019-03-18 10:52:03'),
(107, 'PERM Culture', '2019-03-18 10:52:03'),
(108, 'Marketing Strategy Training', '2019-03-18 10:52:03'),
(109, 'Innovative Management', '2019-03-18 10:52:03'),
(110, 'Anger and Stress Management', '2019-03-18 10:52:03'),
(111, 'Technical Fisheries Training', '2019-03-18 10:52:03'),
(112, 'Management and Strategic Planning', '2019-03-18 10:52:03'),
(113, 'Marketing Strategy Planning', '2019-03-18 10:52:03'),
(114, 'Updates of Recent Issuances by COA, DBM, DILG, and CSC', '2019-03-18 10:52:03'),
(115, 'Computerized Storekeeping', '2019-03-18 10:52:03'),
(116, 'Computer Enhancement', '2019-03-18 10:52:03'),
(117, 'Mass Production', '2019-03-18 10:52:03'),
(118, 'ENGAS Version 2', '2019-03-18 10:52:03'),
(119, 'Revised IRR of RA 9184', '2019-03-18 10:52:03'),
(120, 'Records Management System/Data Assessment', '2019-03-18 10:52:03'),
(121, 'New Technology Training', '2019-03-18 10:52:03'),
(122, 'Social Works Experience', '2019-03-18 10:52:03'),
(123, 'Writing Ordinances (DRAFF) related to Fisheries', '2019-03-18 10:52:03'),
(124, 'Delegation', '2019-03-18 10:52:03'),
(125, 'Agriculture and Green Engineering', '2019-03-18 10:52:03'),
(126, 'Refresher Training on Rice Production', '2019-03-18 10:52:03'),
(127, 'Values Reorientation', '2019-03-18 10:59:16'),
(128, 'Training or Subscription on Civil Registration', '2019-03-18 10:59:16'),
(129, 'PHILCTUS', '2019-03-18 10:59:16'),
(130, 'PHIL CRIS', '2019-03-18 10:59:16'),
(131, 'On League Jurisprudence Related to Civil Registration', '2019-03-18 10:59:16'),
(132, 'Strategic Planning', '2019-03-18 10:59:16'),
(133, 'Computer Training', '2019-03-18 10:59:16'),
(134, 'Nursing Care', '2019-03-18 10:59:16'),
(135, 'Civil Registration Training', '2019-03-18 10:59:16'),
(136, 'PICPA Accredited  Training Provider/Tax Seminar', '0000-00-00 00:00:00'),
(137, 'Agri-Business Management Training', '0000-00-00 00:00:00'),
(138, 'Refresher Training on Organic Farming', '0000-00-00 00:00:00'),
(139, 'Grafting', '0000-00-00 00:00:00'),
(140, 'Data Management/Data Assessment', '0000-00-00 00:00:00'),
(141, 'Store Keeping', '0000-00-00 00:00:00'),
(142, 'Market Link Aging Strategy', '0000-00-00 00:00:00'),
(143, 'Operational Management', '2019-03-18 14:26:12'),
(144, 'Government Budgeting', '2019-03-18 14:26:12'),
(145, 'Clerical', '2019-03-18 14:26:12'),
(146, 'Budget System Training', '2019-03-18 14:26:12'),
(147, 'Computer Skills', '2019-03-18 14:26:12'),
(148, 'Leave Laws', '2019-03-18 14:26:12'),
(149, 'E-record Keeping', '2019-03-18 14:26:12'),
(150, 'Values/Character Development Training', '2019-03-18 14:26:12'),
(151, 'Managing Change', '2019-03-18 14:34:53'),
(152, 'Cash Management Training', '2019-03-18 14:34:53'),
(153, 'ETRACS', '2019-03-18 14:34:53'),
(154, 'Treasury Assessment of Financial Tools new version of Eske-Electronic System of Revenue & Expenditures', '2019-03-18 14:34:53'),
(155, 'Records Management Training', '2019-03-18 14:34:53'),
(156, 'Money and Cash Handling Policies', '2019-03-18 14:34:53'),
(157, 'Tax/Revenue Collection', '2019-03-18 14:34:53'),
(158, 'Wages of JOWs', '2019-03-18 14:34:53'),
(159, 'Payroll and Disbursing/Cash Management Training', '2019-03-18 14:34:53'),
(160, 'Tourism and Health', '2019-03-18 14:34:53'),
(161, 'Strategic Performance Management System Seminar Workshop', '2019-03-18 14:34:53'),
(162, 'Bookkeeping', '2019-03-18 14:34:53'),
(163, 'Gender Sensitivity Training', '2019-03-18 14:34:53'),
(164, 'CSC Trainings', '2019-03-18 14:34:53'),
(165, 'PIG - Pinaka Importanteng Gawain', '2019-03-18 14:34:53'),
(166, 'Peace Corps and Couterpart Training', '2019-03-18 14:34:53'),
(167, 'Appraisal and Assessment Training', '2019-03-18 14:41:15'),
(168, 'Server Administration on ETRACS System', '2019-03-18 14:41:15'),
(169, 'Tax Mapping Operations and New Laws', '2019-03-18 14:41:15'),
(170, 'GIS Training', '2019-03-18 14:41:15'),
(171, 'RA 7160 on Real Property', '2019-03-18 14:41:15'),
(172, 'ETRACS Training', '2019-03-18 14:41:15'),
(173, 'Technical Report Writing', '2019-03-18 14:41:15'),
(174, 'BLGF Rulings and Implementing Guidelines, and On Land Appraisal and Assessment', '2019-03-18 14:41:15'),
(175, 'GPS Operation Training', '2019-03-18 14:41:15'),
(176, 'Electronics and Communications Engineers or Electronic Engineers', '2019-03-18 14:41:15'),
(177, 'Defensive Driving', '2019-03-18 14:41:15'),
(178, 'Software Training', '2019-03-18 14:41:15'),
(179, 'Excel and Power Point', '2019-03-18 14:41:15'),
(180, 'Anger Management', '2019-03-18 15:00:42'),
(181, 'GAD, Livelihood', '2019-03-18 15:00:42'),
(182, 'Stress Management', '2019-03-18 15:00:42'),
(183, 'Handling Children with Special Cases', '2019-03-18 15:00:42'),
(184, 'Case Management', '2019-03-18 15:00:42'),
(185, 'The \"Journey\", a psycho-social process for abused children', '2019-03-18 15:00:42'),
(186, 'Training on Dengue Prevention', '2019-03-18 15:00:42'),
(187, 'Records Keeping and Management Training', '2019-03-18 15:00:42'),
(188, 'AIMS Skills', '2019-03-18 15:00:42'),
(189, 'Family Counseling', '2019-03-18 15:00:42'),
(190, 'Care Management (Family Intervention Process Counselling)', '2019-03-18 15:00:42'),
(191, 'Facilitating/Teaching Skills Strategy', '2019-03-18 15:00:42'),
(192, 'Community Organizing', '2019-03-18 15:00:42'),
(193, 'Day Care Service Program', '2019-03-18 15:00:42'),
(194, 'PWD Online Registration Technology', '2019-03-18 15:00:42'),
(195, 'Counselling in Adoption for Adoptive Children', '2019-03-18 15:00:42'),
(196, 'Computer Literacy Enhancement', '2019-03-18 15:00:42'),
(197, 'Livelihood Training', '2019-03-18 15:00:42'),
(198, 'Women and Children New Laws', '2019-03-18 15:00:42'),
(199, 'Communication Training', '2019-03-18 15:00:42'),
(200, 'TESDA Training', '2019-03-18 15:06:55'),
(201, 'Ethics Management', '2019-03-18 15:06:55'),
(202, 'Software - Technical', '2019-03-18 15:06:55'),
(203, 'Safety and Health Training Seminar', '2019-03-18 15:06:55'),
(204, 'Advance Engineering concepts and techniques', '2019-03-18 15:06:55'),
(205, 'Skills Training (Masonry & Carpentry) Safety Awareness', '2019-03-18 15:06:55'),
(206, 'Training for Heavy Equipment Operator', '2019-03-18 15:06:55'),
(207, 'Drafting', '2019-03-18 15:06:55'),
(208, 'Structural Analysis/STAAD Pro New Architectural Software', '2019-03-18 15:06:55'),
(209, 'Motorpool Building', '2019-03-18 15:06:55'),
(210, 'Warehousing', '2019-03-18 15:06:55'),
(211, 'Financial and Business Management', '2019-03-18 15:06:55'),
(212, 'English Communication Enhancement', '2019-03-18 15:06:55'),
(213, 'Entrepreneurship', '2019-03-18 15:06:55'),
(214, 'Farming/Livestock', '2019-03-18 15:06:55'),
(215, 'Real Estate Appraisal', '2019-03-18 15:06:55'),
(216, 'House Keeping', '2019-03-18 15:06:55'),
(217, 'Telephonetics', '2019-03-18 15:09:07'),
(218, 'Disaster Training', '2019-03-18 15:09:07'),
(219, 'Record Management', '2019-03-18 15:09:07'),
(220, 'Carabao Production and Cheese Making', '2019-03-18 15:09:07'),
(221, 'Refresher Courses', '2019-03-18 15:17:39'),
(222, 'Values Orientation', '2019-03-18 15:17:39'),
(223, 'BEMONC Training', '2019-03-18 15:17:39'),
(224, 'Computer/Iclinicsys', '2019-03-18 15:17:39'),
(225, 'Environmental Sanitation training updates', '2019-03-18 15:17:39'),
(226, 'Legalities especially the STAN Code of the Falls (PD 556)', '2019-03-18 15:17:39'),
(227, 'TB - DOTS Center', '2019-03-18 15:17:39'),
(228, 'Information Clinic System', '2019-03-18 15:17:39'),
(229, 'Newborn Servicing', '2019-03-18 15:17:39'),
(230, 'Computer', '2019-03-18 15:17:39'),
(231, 'Drug Testing for Surrenderers', '2019-03-18 15:17:39'),
(232, 'Computer Literacy', '2019-03-18 15:17:39'),
(233, 'Yes/New Technology/Computer System', '2019-03-18 15:17:39'),
(234, 'HIV & HEPA B Training for Pregnant Mothers and other targeted groups', '2019-03-18 15:17:39'),
(235, 'Livelihood projects that cover 7 barangays', '2019-03-18 15:17:39'),
(236, 'Employee Commitment', '2019-03-18 15:17:39'),
(237, 'Legal Aspects (PD 556)', '2019-03-18 15:17:39'),
(238, 'Family Planning Training', '2019-03-18 15:17:39'),
(239, 'Maternal and Child Care', '2019-03-18 15:17:39'),
(240, 'Advance Life Saving', '2019-03-18 15:17:39'),
(241, 'Surgery', '2019-03-18 15:17:39'),
(242, 'Newborn Screening', '2019-03-18 15:17:39'),
(243, 'Procurement Process', '2019-03-18 15:17:39'),
(244, 'Birth Delivery Skills', '2019-03-18 15:17:39'),
(245, 'Immunization', '2019-03-18 15:17:39'),
(246, 'Nursing Informatics', '2019-03-18 15:17:39'),
(247, 'Sports Development', '2019-03-18 15:17:39'),
(248, 'Nuton in Child Survival and Development Program Workshop', '2019-03-18 15:17:39'),
(249, 'LAKASS Training', '2019-03-18 15:17:39'),
(250, 'TESDA Training like Food Processing', '0000-00-00 00:00:00'),
(251, 'Vision Aligned Circle', '0000-00-00 00:00:00'),
(252, 'Public Service Excellence Training', '0000-00-00 00:00:00'),
(253, 'Computer Literacy training', '2019-03-18 15:24:24'),
(254, 'Housekeeping', '2019-03-18 15:24:24'),
(255, 'Project Monitoring', '2019-03-18 15:24:24'),
(256, 'Flowcharting', '2019-03-18 15:24:24'),
(257, 'Geographic Information System (GIS)', '2019-03-18 15:24:24'),
(258, 'Basic Photography/Photo Documentation', '2019-03-18 15:24:24'),
(259, 'Telephone Etiquette', '2019-03-18 15:24:24'),
(260, 'Janitorial Training', '2019-03-18 15:24:24'),
(261, 'FMU, Survey Training', '2019-03-18 15:24:24'),
(262, 'Landscaping', '2019-03-18 15:24:24'),
(263, 'Community Management', '0000-00-00 00:00:00'),
(264, 'Interior/Exterior Designing', '0000-00-00 00:00:00'),
(265, 'Auto Mechanics', '0000-00-00 00:00:00'),
(266, 'Driving', '0000-00-00 00:00:00'),
(267, 'Standard Emceeing', '0000-00-00 00:00:00'),
(268, 'Carpentry', '0000-00-00 00:00:00'),
(269, 'Reflexology', '0000-00-00 00:00:00'),
(270, 'Solid-Waste Training', '0000-00-00 00:00:00'),
(271, 'Updates in National Government Policies', '2019-03-18 15:28:23'),
(272, 'Archiving', '2019-03-18 15:28:23'),
(273, 'Procurement and Auditing Systems', '2019-03-18 15:28:23'),
(274, 'Updates and jurisprudence on laws and rules in the public service', '2019-03-18 15:28:23'),
(275, 'Fiscal Administration', '2019-03-18 15:28:23'),
(276, 'Leave Administration Course', '2019-03-18 15:42:56'),
(277, 'Innovation Management/Creativity', '2019-03-18 15:42:56'),
(278, 'Event Planning and Management', '2019-03-18 15:42:56'),
(279, 'Specialized Tasks or Technology', '2019-03-18 15:42:56'),
(280, 'New Procurement Law', '2019-03-18 15:42:56'),
(281, 'New Internal Auditor', '2019-03-18 15:42:56'),
(282, 'Values Formation and Character Development', '2019-03-18 15:42:56'),
(283, 'Graphics Design', '2019-03-18 15:42:56'),
(284, 'Video Editing', '2019-03-18 15:42:56'),
(285, 'E-Commerce for Tourism/SEO Promotions', '2019-03-18 15:42:56'),
(286, 'Updated Equipment Inventor Training', '2019-03-18 15:42:56'),
(287, 'Firefighting and Firetruck Operation', '2019-03-18 15:42:56'),
(288, 'Personnel Management', '2019-03-18 15:42:56'),
(289, 'Financial Auditing', '2019-03-18 15:42:56'),
(290, 'Computer Operations and Programming', '2019-03-18 15:42:56'),
(291, 'Investment Climate Profiling', '2019-03-18 15:42:56'),
(292, 'Advance LED Course', '2019-03-18 15:42:56'),
(293, 'TESDA specifically bread and pastry', '2019-03-18 15:42:56'),
(294, 'Public Speaking', '2019-03-18 15:42:56'),
(295, 'Project Management Training and CCTV Training', '2019-03-18 15:42:56'),
(296, 'Leave Administration Course for Effectiveness', '2019-03-18 15:42:56'),
(297, 'Legislative Training', '2019-03-18 15:45:35'),
(298, 'Making resolutions, ordinances, reports and etc.', '2019-03-18 15:45:35'),
(299, 'Communication Skills', '2019-03-18 15:45:35'),
(300, 'Budgeting', '2019-03-18 15:45:35'),
(301, 'Parliamentary Rules and Procedures', '2019-03-18 15:45:35'),
(302, 'PGS Training', '2019-03-18 15:45:35'),
(303, 'Accounting', '2019-03-18 16:53:00'),
(304, 'Computer System', '2019-03-18 16:53:00'),
(305, 'Computer Proficiency', '2019-03-18 16:53:00'),
(306, 'Contemporary Gadgets', '2019-03-18 16:53:00'),
(307, 'Budget Planning', '2019-03-18 16:53:00'),
(308, 'Administrative and Clerical', '2019-03-18 16:53:00'),
(309, 'Training on Family and Community Disaster Preparedness', '2019-03-18 16:53:00'),
(310, 'Surveying', '2019-03-18 16:53:00'),
(311, 'Healthy Lifestyle', '2019-03-18 16:53:00'),
(312, 'PGS Cascading Workshop', '2019-03-18 16:53:00'),
(313, 'Supervisory Skills Training', '2019-03-18 16:53:00'),
(314, 'Values Formation', '2019-03-18 16:53:00'),
(315, 'Smoke Free Auxiliary Police Training', '2019-03-18 16:59:56'),
(316, 'Peace and Order Management', '2019-03-18 16:59:56'),
(317, 'CSC Rules and Regulations Reorientation', '2019-03-18 16:59:56'),
(318, 'Advance Cardiac Life Support', '2019-03-18 16:59:56'),
(319, 'Rescue Related Training', '2019-03-18 16:59:56'),
(320, 'Bayawan Intelligence Network', '2019-03-18 16:59:56'),
(321, 'Administrative Training', '2019-03-18 16:59:56'),
(322, 'CPSO Ambulance Training', '2019-03-18 16:59:56'),
(323, 'Safety Driving', '2019-03-18 16:59:56'),
(324, 'Leadership Training', '2019-03-18 16:59:56'),
(325, 'Watchman Training', '2019-03-18 16:59:56'),
(326, 'Advance Cardiac Life Support/Paramedics Training Course', '2019-03-18 16:59:56'),
(327, 'LFEWS Management', '2019-03-18 16:59:56'),
(328, 'Rescue Training', '2019-03-18 16:59:56'),
(329, 'First Aider', '2019-03-18 16:59:56'),
(330, 'Personal and Behavior Development', '2019-03-18 16:59:56'),
(331, 'Office Management (Budgeting, Financial Management)', '2019-03-18 16:59:56'),
(332, 'Agriculture', '2019-03-18 16:59:56'),
(333, 'Statistics and Proper Research Courses', '2019-03-18 16:59:56'),
(334, 'Advanced Computer Troubleshooting', '2019-03-19 08:21:50'),
(335, 'Professional Development Courses', '2019-03-19 08:21:50'),
(336, 'Technical Courses/Training', '2019-03-19 08:21:50'),
(337, 'Professional Training and other Professional Development Courses', '2019-03-19 08:21:50'),
(338, 'Environmental Planning', '2019-03-19 08:21:50'),
(339, 'Urban Design, Planning and Management', '2019-03-19 08:21:50'),
(340, 'Zoning Management', '2019-03-19 08:21:50'),
(341, 'Coaching Course', '2019-03-19 08:21:50'),
(342, 'Physical Fitness Training for Football', '2019-03-19 08:21:50'),
(343, 'Personal Development', '2019-03-19 08:21:50'),
(344, 'Public Relations', '2019-03-19 08:21:50'),
(345, 'Overseas Sponsored Post Disaster Rehabilitation and Recovery Training', '2019-03-19 08:30:36'),
(346, 'Technical and Skills Training', '2019-03-19 08:30:36'),
(347, 'Lifesaving Skills (basic life support, first aid, etc)', '2019-03-19 08:30:36'),
(348, 'Computer Graphics Design', '2019-03-19 08:30:36'),
(349, 'Ambulance Management and Operations', '2019-03-19 08:30:36'),
(350, 'Basic Occupational Health and Safety', '2019-03-19 08:30:36'),
(351, 'Specialized Rescue Training', '2019-03-19 08:30:36'),
(352, 'Web Development Skills', '2019-03-19 08:30:36'),
(353, 'Infrastructure Audit Orientation', '2019-03-19 08:30:36'),
(354, 'Weather Forecasting', '2019-03-19 08:30:36'),
(355, 'Emergency Response Dispatch System', '2019-03-19 08:30:36'),
(356, 'Rapid Earthquake Damage Assessment System', '2019-03-19 08:30:36'),
(357, 'Planning and Development Workshop', '2019-03-19 08:30:36'),
(358, 'Effective Employee Management', '2019-03-19 08:30:36'),
(359, 'Budget Preparation', '2019-03-19 08:30:36'),
(360, 'Government Procurement Preparation', '2019-03-19 08:30:36'),
(361, 'Marketing Strategies', '2019-03-19 08:30:36'),
(362, 'First Aide', '2019-03-19 08:30:36'),
(363, 'Process Improvement', '2019-03-19 10:15:47'),
(364, 'Computer Related Training', '2019-03-19 10:15:47'),
(365, 'Procurement', '2019-03-19 10:15:47'),
(366, 'Technical Training', '2019-03-19 10:15:47'),
(367, 'Engine Trouble Shooting', '2019-03-19 10:15:47'),
(368, 'Sophisticated Machines Training', '2019-03-19 10:15:47'),
(369, 'Construction Method', '2019-03-19 10:15:47'),
(370, 'Behavior Training/Work Ethics', '2019-03-19 10:15:47'),
(371, 'Technological Advancement', '2019-03-19 10:15:47'),
(372, 'Industrial Electricity', '2019-03-19 10:15:47'),
(373, 'Safety Seminar', '2019-03-19 10:15:47'),
(374, 'Management Training', '2019-03-19 10:15:47'),
(375, 'Electronics Training', '2019-03-19 10:15:47'),
(376, 'Waste Disposal', '2019-03-19 10:15:47'),
(377, 'Procurement System', '2019-03-19 10:19:16'),
(378, 'Task Force Training', '2019-03-19 10:19:16'),
(379, 'Waste Management', '2019-03-19 10:19:16'),
(380, 'CCMDO\'s Trainings (Business Related)', '2019-03-19 10:19:16'),
(381, 'Foreman Training', '2019-03-19 10:19:16'),
(382, 'Philippine Bidding Documents', '2019-03-19 10:23:35'),
(383, 'RA 9184 Advancement Program', '2019-03-19 10:23:35'),
(384, 'Procurement Service', '2019-03-19 10:23:35'),
(385, 'Refreshment/Updates of RA 9184', '2019-03-19 10:23:35'),
(386, 'Networking and PC Troubleshooting', '2019-03-19 10:23:35'),
(387, 'Advance Technology Training', '2019-03-19 10:23:35'),
(388, 'Budget Management Training', '2019-03-19 10:23:35'),
(389, 'Leadership Development Programme (Deliver Module)', '2019-05-30 08:05:37'),
(390, 'Public Service Values Seminar - Workshop', '2019-05-30 09:05:18'),
(391, 'test', '2019-05-30 09:05:49'),
(392, 'Leadership Development Programme (Lead Module)', '2019-05-30 10:05:38'),
(393, '', '2019-06-26 13:06:13'),
(394, 'Process Improvement and Strategic Planning Workshop', '2019-07-11 09:07:38'),
(395, 'Comprehensive Development Plan (CDP) Updating Workshop', '2019-09-24 10:09:21');

-- --------------------------------------------------------

--
-- Table structure for table `users`
--

CREATE TABLE `users` (
  `id` int(11) NOT NULL,
  `name` tinytext,
  `username` varchar(50) NOT NULL,
  `password` varchar(255) NOT NULL,
  `created_at` datetime DEFAULT CURRENT_TIMESTAMP,
  `employees_id` int(11) DEFAULT NULL,
  `type` tinytext,
  `datetime_confirmed` datetime DEFAULT NULL
) ENGINE=InnoDB DEFAULT CHARSET=latin1;

--
-- Dumping data for table `users`
--

INSERT INTO `users` (`id`, `name`, `username`, `password`, `created_at`, `employees_id`, `type`, `datetime_confirmed`) VALUES
(1, 'Admin', 'admin', '$2y$10$iSOvLpJFNnRL4vcUZXcFtOlfXRTj4dzaodionZLGHoFAJc5kXllse', '2019-07-03 13:15:28', NULL, 'admin', '2019-07-09 09:48:41'),
(31, 'John  Doe ', 'johnDoe', '$2y$10$QU6cK8i0vSCatU.jehfoh.l1VWw28S1q5GrZCVYRI8iQbFsycs2R2', '2019-07-09 09:09:15', NULL, 'admin', '2019-07-12 16:35:13'),
(32, 'Jane  Doe ', 'janeDoe', '$2y$10$S6c40YNsNl.yrDZ//WnPOujhhbE6qWrbcpobqOZqjvw4XVXuie4lq', '2019-07-09 09:11:33', NULL, 'user', '2019-07-09 09:45:53'),
(33, 'Pascual F. Tomulto ', 'umbra654', '$2y$10$amZeMQUEGPFnZ1DIWQDXVerRXBiqaww0xdmUZtBJFEDEn7QO/OWt2', '2019-07-22 12:28:01', NULL, 'admin', NULL),
(34, 'Jessel Marie Bulabon Alingcomot ', 'jmbalingcomot', '$2y$10$VQL.CYzdY2UKymXRzpkq/em.slxhG7hXki8d0paDYsXUraks65Oym', '2019-07-23 14:14:53', NULL, 'admin', NULL);

--
-- Indexes for dumped tables
--

--
-- Indexes for table `accounts`
--
ALTER TABLE `accounts`
  ADD PRIMARY KEY (`acc_id`);

--
-- Indexes for table `cmr`
--
ALTER TABLE `cmr`
  ADD PRIMARY KEY (`cmr_id`);

--
-- Indexes for table `cmremp`
--
ALTER TABLE `cmremp`
  ADD PRIMARY KEY (`cmrEmp_id`);

--
-- Indexes for table `cmrempdata`
--
ALTER TABLE `cmrempdata`
  ADD PRIMARY KEY (`cmrEmpData_id`);

--
-- Indexes for table `competency`
--
ALTER TABLE `competency`
  ADD PRIMARY KEY (`competency_id`);

--
-- Indexes for table `corefucndata`
--
ALTER TABLE `corefucndata`
  ADD PRIMARY KEY (`cfd_id`);

--
-- Indexes for table `corefunctions`
--
ALTER TABLE `corefunctions`
  ADD PRIMARY KEY (`cf_ID`);

--
-- Indexes for table `department`
--
ALTER TABLE `department`
  ADD PRIMARY KEY (`department_id`);

--
-- Indexes for table `employees`
--
ALTER TABLE `employees`
  ADD PRIMARY KEY (`employees_id`);

--
-- Indexes for table `employees2`
--
ALTER TABLE `employees2`
  ADD PRIMARY KEY (`employees_id`);

--
-- Indexes for table `employees3`
--
ALTER TABLE `employees3`
  ADD PRIMARY KEY (`employees_id`);

--
-- Indexes for table `individualassreport`
--
ALTER TABLE `individualassreport`
  ADD PRIMARY KEY (`iar_id`);

--
-- Indexes for table `ldactivities`
--
ALTER TABLE `ldactivities`
  ADD PRIMARY KEY (`act_id`);

--
-- Indexes for table `ldactivitieslist`
--
ALTER TABLE `ldactivitieslist`
  ADD PRIMARY KEY (`row_id`);

--
-- Indexes for table `ldpinhousetrainings`
--
ALTER TABLE `ldpinhousetrainings`
  ADD PRIMARY KEY (`ldpinhousetrainings_id`);

--
-- Indexes for table `ldplan`
--
ALTER TABLE `ldplan`
  ADD PRIMARY KEY (`ldplan_id`);

--
-- Indexes for table `ldplgusponsoredtrainings`
--
ALTER TABLE `ldplgusponsoredtrainings`
  ADD PRIMARY KEY (`ldplgusponsoredtrainings_id`);

--
-- Indexes for table `matrixindicators`
--
ALTER TABLE `matrixindicators`
  ADD PRIMARY KEY (`mi_id`);

--
-- Indexes for table `mfo_child`
--
ALTER TABLE `mfo_child`
  ADD PRIMARY KEY (`mfo_idC`);

--
-- Indexes for table `mfo_parent`
--
ALTER TABLE `mfo_parent`
  ADD PRIMARY KEY (`mfo_idP`);

--
-- Indexes for table `mfo_period`
--
ALTER TABLE `mfo_period`
  ADD PRIMARY KEY (`mfoperiod_id`);

--
-- Indexes for table `mfo_subp`
--
ALTER TABLE `mfo_subp`
  ADD PRIMARY KEY (`mfo_subP_id`);

--
-- Indexes for table `personneltrainings`
--
ALTER TABLE `personneltrainings`
  ADD PRIMARY KEY (`personneltrainings_id`);

--
-- Indexes for table `personneltrainingseval`
--
ALTER TABLE `personneltrainingseval`
  ADD PRIMARY KEY (`personneltrainingseval_id`);

--
-- Indexes for table `personneltrainingslist`
--
ALTER TABLE `personneltrainingslist`
  ADD PRIMARY KEY (`personneltrainingslist_id`);

--
-- Indexes for table `positiontitles`
--
ALTER TABLE `positiontitles`
  ADD PRIMARY KEY (`position_id`);

--
-- Indexes for table `prr`
--
ALTER TABLE `prr`
  ADD PRIMARY KEY (`prr_id`);

--
-- Indexes for table `prrlist`
--
ALTER TABLE `prrlist`
  ADD PRIMARY KEY (`prrlist_id`);

--
-- Indexes for table `requestandcoms`
--
ALTER TABLE `requestandcoms`
  ADD PRIMARY KEY (`controlNumber`);

--
-- Indexes for table `requestandcomslist`
--
ALTER TABLE `requestandcomslist`
  ADD PRIMARY KEY (`requestandcomslist_id`);

--
-- Indexes for table `requestandcomslist_dept`
--
ALTER TABLE `requestandcomslist_dept`
  ADD PRIMARY KEY (`requestandcomslist_dept_id`);

--
-- Indexes for table `rsp_applicants`
--
ALTER TABLE `rsp_applicants`
  ADD PRIMARY KEY (`applicant_id`);

--
-- Indexes for table `rsp_comparative`
--
ALTER TABLE `rsp_comparative`
  ADD PRIMARY KEY (`rspcomp_id`);

--
-- Indexes for table `rsp_indturnarroundtime`
--
ALTER TABLE `rsp_indturnarroundtime`
  ADD PRIMARY KEY (`rsp_indTATid`);

--
-- Indexes for table `rsp_vacant_positions`
--
ALTER TABLE `rsp_vacant_positions`
  ADD PRIMARY KEY (`rspvac_id`);

--
-- Indexes for table `si_child`
--
ALTER TABLE `si_child`
  ADD PRIMARY KEY (`si_idC`);

--
-- Indexes for table `si_parent`
--
ALTER TABLE `si_parent`
  ADD PRIMARY KEY (`SI_idP`);

--
-- Indexes for table `tna`
--
ALTER TABLE `tna`
  ADD PRIMARY KEY (`tna_id`);

--
-- Indexes for table `tna_tools`
--
ALTER TABLE `tna_tools`
  ADD PRIMARY KEY (`tna_tool_id`);

--
-- Indexes for table `trainings`
--
ALTER TABLE `trainings`
  ADD PRIMARY KEY (`training_id`);

--
-- Indexes for table `users`
--
ALTER TABLE `users`
  ADD PRIMARY KEY (`id`),
  ADD UNIQUE KEY `username` (`username`),
  ADD UNIQUE KEY `username_2` (`username`),
  ADD KEY `username_3` (`username`),
  ADD KEY `username_4` (`username`),
  ADD KEY `username_5` (`username`);

--
-- AUTO_INCREMENT for dumped tables
--

--
-- AUTO_INCREMENT for table `accounts`
--
ALTER TABLE `accounts`
  MODIFY `acc_id` int(11) NOT NULL AUTO_INCREMENT, AUTO_INCREMENT=20;

--
-- AUTO_INCREMENT for table `cmr`
--
ALTER TABLE `cmr`
  MODIFY `cmr_id` int(11) NOT NULL AUTO_INCREMENT, AUTO_INCREMENT=14;

--
-- AUTO_INCREMENT for table `cmremp`
--
ALTER TABLE `cmremp`
  MODIFY `cmrEmp_id` int(11) NOT NULL AUTO_INCREMENT, AUTO_INCREMENT=99;

--
-- AUTO_INCREMENT for table `cmrempdata`
--
ALTER TABLE `cmrempdata`
  MODIFY `cmrEmpData_id` int(11) NOT NULL AUTO_INCREMENT, AUTO_INCREMENT=57;

--
-- AUTO_INCREMENT for table `competency`
--
ALTER TABLE `competency`
  MODIFY `competency_id` int(11) NOT NULL AUTO_INCREMENT, AUTO_INCREMENT=301;

--
-- AUTO_INCREMENT for table `corefucndata`
--
ALTER TABLE `corefucndata`
  MODIFY `cfd_id` int(11) NOT NULL AUTO_INCREMENT, AUTO_INCREMENT=11;

--
-- AUTO_INCREMENT for table `corefunctions`
--
ALTER TABLE `corefunctions`
  MODIFY `cf_ID` int(11) NOT NULL AUTO_INCREMENT, AUTO_INCREMENT=82;

--
-- AUTO_INCREMENT for table `department`
--
ALTER TABLE `department`
  MODIFY `department_id` int(11) NOT NULL AUTO_INCREMENT, AUTO_INCREMENT=32;

--
-- AUTO_INCREMENT for table `employees`
--
ALTER TABLE `employees`
  MODIFY `employees_id` int(11) NOT NULL AUTO_INCREMENT, AUTO_INCREMENT=22135;

--
-- AUTO_INCREMENT for table `employees2`
--
ALTER TABLE `employees2`
  MODIFY `employees_id` int(11) NOT NULL AUTO_INCREMENT, AUTO_INCREMENT=1113555;

--
-- AUTO_INCREMENT for table `employees3`
--
ALTER TABLE `employees3`
  MODIFY `employees_id` int(11) NOT NULL AUTO_INCREMENT, AUTO_INCREMENT=22134;

--
-- AUTO_INCREMENT for table `individualassreport`
--
ALTER TABLE `individualassreport`
  MODIFY `iar_id` int(11) NOT NULL AUTO_INCREMENT, AUTO_INCREMENT=57;

--
-- AUTO_INCREMENT for table `ldactivities`
--
ALTER TABLE `ldactivities`
  MODIFY `act_id` int(11) NOT NULL AUTO_INCREMENT, AUTO_INCREMENT=7;

--
-- AUTO_INCREMENT for table `ldactivitieslist`
--
ALTER TABLE `ldactivitieslist`
  MODIFY `row_id` int(11) NOT NULL AUTO_INCREMENT, AUTO_INCREMENT=29;

--
-- AUTO_INCREMENT for table `ldpinhousetrainings`
--
ALTER TABLE `ldpinhousetrainings`
  MODIFY `ldpinhousetrainings_id` int(11) NOT NULL AUTO_INCREMENT, AUTO_INCREMENT=5;

--
-- AUTO_INCREMENT for table `ldplan`
--
ALTER TABLE `ldplan`
  MODIFY `ldplan_id` int(11) NOT NULL AUTO_INCREMENT, AUTO_INCREMENT=3;

--
-- AUTO_INCREMENT for table `ldplgusponsoredtrainings`
--
ALTER TABLE `ldplgusponsoredtrainings`
  MODIFY `ldplgusponsoredtrainings_id` int(11) NOT NULL AUTO_INCREMENT, AUTO_INCREMENT=10;

--
-- AUTO_INCREMENT for table `matrixindicators`
--
ALTER TABLE `matrixindicators`
  MODIFY `mi_id` int(11) NOT NULL AUTO_INCREMENT, AUTO_INCREMENT=50;

--
-- AUTO_INCREMENT for table `mfo_child`
--
ALTER TABLE `mfo_child`
  MODIFY `mfo_idC` int(11) NOT NULL AUTO_INCREMENT, AUTO_INCREMENT=35;

--
-- AUTO_INCREMENT for table `mfo_parent`
--
ALTER TABLE `mfo_parent`
  MODIFY `mfo_idP` int(11) NOT NULL AUTO_INCREMENT, AUTO_INCREMENT=14;

--
-- AUTO_INCREMENT for table `mfo_period`
--
ALTER TABLE `mfo_period`
  MODIFY `mfoperiod_id` int(11) NOT NULL AUTO_INCREMENT, AUTO_INCREMENT=14;

--
-- AUTO_INCREMENT for table `mfo_subp`
--
ALTER TABLE `mfo_subp`
  MODIFY `mfo_subP_id` int(11) NOT NULL AUTO_INCREMENT, AUTO_INCREMENT=12;

--
-- AUTO_INCREMENT for table `personneltrainings`
--
ALTER TABLE `personneltrainings`
  MODIFY `personneltrainings_id` int(11) NOT NULL AUTO_INCREMENT, AUTO_INCREMENT=51;

--
-- AUTO_INCREMENT for table `personneltrainingseval`
--
ALTER TABLE `personneltrainingseval`
  MODIFY `personneltrainingseval_id` bigint(20) NOT NULL AUTO_INCREMENT, AUTO_INCREMENT=575;

--
-- AUTO_INCREMENT for table `personneltrainingslist`
--
ALTER TABLE `personneltrainingslist`
  MODIFY `personneltrainingslist_id` bigint(20) NOT NULL AUTO_INCREMENT, AUTO_INCREMENT=1058;

--
-- AUTO_INCREMENT for table `positiontitles`
--
ALTER TABLE `positiontitles`
  MODIFY `position_id` int(11) NOT NULL AUTO_INCREMENT, AUTO_INCREMENT=209;

--
-- AUTO_INCREMENT for table `prr`
--
ALTER TABLE `prr`
  MODIFY `prr_id` int(11) NOT NULL AUTO_INCREMENT, AUTO_INCREMENT=9;

--
-- AUTO_INCREMENT for table `prrlist`
--
ALTER TABLE `prrlist`
  MODIFY `prrlist_id` int(11) NOT NULL AUTO_INCREMENT, AUTO_INCREMENT=3977;

--
-- AUTO_INCREMENT for table `requestandcoms`
--
ALTER TABLE `requestandcoms`
  MODIFY `controlNumber` bigint(20) NOT NULL AUTO_INCREMENT, AUTO_INCREMENT=418;

--
-- AUTO_INCREMENT for table `requestandcomslist`
--
ALTER TABLE `requestandcomslist`
  MODIFY `requestandcomslist_id` bigint(11) NOT NULL AUTO_INCREMENT, AUTO_INCREMENT=1045;

--
-- AUTO_INCREMENT for table `requestandcomslist_dept`
--
ALTER TABLE `requestandcomslist_dept`
  MODIFY `requestandcomslist_dept_id` int(11) NOT NULL AUTO_INCREMENT, AUTO_INCREMENT=408;

--
-- AUTO_INCREMENT for table `rsp_applicants`
--
ALTER TABLE `rsp_applicants`
  MODIFY `applicant_id` int(11) NOT NULL AUTO_INCREMENT, AUTO_INCREMENT=85;

--
-- AUTO_INCREMENT for table `rsp_comparative`
--
ALTER TABLE `rsp_comparative`
  MODIFY `rspcomp_id` int(11) NOT NULL AUTO_INCREMENT, AUTO_INCREMENT=156;

--
-- AUTO_INCREMENT for table `rsp_indturnarroundtime`
--
ALTER TABLE `rsp_indturnarroundtime`
  MODIFY `rsp_indTATid` int(11) NOT NULL AUTO_INCREMENT, AUTO_INCREMENT=19;

--
-- AUTO_INCREMENT for table `rsp_vacant_positions`
--
ALTER TABLE `rsp_vacant_positions`
  MODIFY `rspvac_id` int(11) NOT NULL AUTO_INCREMENT, AUTO_INCREMENT=37;

--
-- AUTO_INCREMENT for table `si_child`
--
ALTER TABLE `si_child`
  MODIFY `si_idC` int(11) NOT NULL AUTO_INCREMENT, AUTO_INCREMENT=43;

--
-- AUTO_INCREMENT for table `si_parent`
--
ALTER TABLE `si_parent`
  MODIFY `SI_idP` int(11) NOT NULL AUTO_INCREMENT, AUTO_INCREMENT=7;

--
-- AUTO_INCREMENT for table `tna`
--
ALTER TABLE `tna`
  MODIFY `tna_id` int(11) NOT NULL AUTO_INCREMENT, AUTO_INCREMENT=25;

--
-- AUTO_INCREMENT for table `tna_tools`
--
ALTER TABLE `tna_tools`
  MODIFY `tna_tool_id` int(11) NOT NULL AUTO_INCREMENT;

--
-- AUTO_INCREMENT for table `trainings`
--
ALTER TABLE `trainings`
  MODIFY `training_id` int(11) NOT NULL AUTO_INCREMENT, AUTO_INCREMENT=396;

--
-- AUTO_INCREMENT for table `users`
--
ALTER TABLE `users`
  MODIFY `id` int(11) NOT NULL AUTO_INCREMENT, AUTO_INCREMENT=35;
COMMIT;

/*!40101 SET CHARACTER_SET_CLIENT=@OLD_CHARACTER_SET_CLIENT */;
/*!40101 SET CHARACTER_SET_RESULTS=@OLD_CHARACTER_SET_RESULTS */;
/*!40101 SET COLLATION_CONNECTION=@OLD_COLLATION_CONNECTION */;
